"animal","block","family","sire","dam","trait","value","dish"
1,1,"B1.S1xD1",259,274,"h.length",179.73,NA
1,1,"B1.S1xD1",259,274,"n.length",417.6633333,NA
2,1,"B1.S1xD1",259,274,"h.length",179.09,NA
2,1,"B1.S1xD1",259,274,"n.length",403.2866667,NA
4,1,"B1.S1xD1",259,274,"h.length",195.2966667,NA
4,1,"B1.S1xD1",259,274,"n.length",403.8866667,NA
6,1,"B1.S1xD2",259,275,"h.length",188.6966667,NA
6,1,"B1.S1xD2",259,275,"n.length",354.1666667,NA
7,1,"B1.S1xD2",259,275,"h.length",182.16,NA
7,1,"B1.S1xD2",259,275,"n.length",365.66,NA
8,1,"B1.S1xD2",259,275,"h.length",176.5233333,NA
8,1,"B1.S1xD2",259,275,"n.length",401.4266667,NA
9,1,"B1.S1xD2",259,275,"h.length",173.8666667,NA
9,1,"B1.S1xD2",259,275,"n.length",404.12,NA
11,1,"B1.S2xD1",260,274,"h.length",180.27,NA
11,1,"B1.S2xD1",260,274,"n.length",413.4666667,NA
12,1,"B1.S2xD1",260,274,"h.length",189.9933333,NA
12,1,"B1.S2xD1",260,274,"n.length",401.32,NA
13,1,"B1.S2xD1",260,274,"h.length",195.2166667,NA
13,1,"B1.S2xD1",260,274,"n.length",385.2866667,NA
14,1,"B1.S2xD2",260,275,"h.length",188.85,NA
14,1,"B1.S2xD2",260,275,"n.length",425.7566667,NA
15,1,"B1.S2xD2",260,275,"h.length",177.5866667,NA
15,1,"B1.S2xD2",260,275,"n.length",357.3866667,NA
16,1,"B1.S2xD2",260,275,"h.length",204.86,NA
16,1,"B1.S2xD2",260,275,"n.length",383.74,NA
17,1,"B1.S2xD2",260,275,"h.length",175.0366667,NA
17,1,"B1.S2xD2",260,275,"n.length",371.0733333,NA
492,10,"B10.S1xD1",681,686,"h.length",184.86,NA
492,10,"B10.S1xD1",681,686,"n.length",420.68,NA
493,10,"B10.S1xD1",681,686,"h.length",207.19,NA
493,10,"B10.S1xD1",681,686,"n.length",444.3,NA
494,10,"B10.S1xD1",681,686,"h.length",212.5,NA
494,10,"B10.S1xD1",681,686,"n.length",458.79,NA
495,10,"B10.S1xD1",681,686,"h.length",211.03,NA
495,10,"B10.S1xD1",681,686,"n.length",449.14,NA
496,10,"B10.S1xD1",681,686,"h.length",187.93,NA
496,10,"B10.S1xD1",681,686,"n.length",435.78,NA
497,10,"B10.S1xD1",681,686,"h.length",210.77,NA
497,10,"B10.S1xD1",681,686,"n.length",455.78,NA
498,10,"B10.S1xD1",681,686,"h.length",173.32,NA
498,10,"B10.S1xD1",681,686,"n.length",404.71,NA
499,10,"B10.S1xD1",681,686,"h.length",163.25,NA
499,10,"B10.S1xD1",681,686,"n.length",442.21,NA
500,10,"B10.S1xD1",681,686,"h.length",169.34,NA
500,10,"B10.S1xD1",681,686,"n.length",355.75,NA
501,10,"B10.S1xD1",681,686,"h.length",204.16,NA
501,10,"B10.S1xD1",681,686,"n.length",443.05,NA
502,10,"B10.S1xD1",681,686,"h.length",208.63,NA
502,10,"B10.S1xD1",681,686,"n.length",381.92,NA
503,10,"B10.S1xD1",681,686,"h.length",199.33,NA
503,10,"B10.S1xD1",681,686,"n.length",443.28,NA
2630,10,"B10.S1xD1",681,686,"hatching",1,192
2631,10,"B10.S1xD1",681,686,"hatching",1,192
2632,10,"B10.S1xD1",681,686,"hatching",1,192
2633,10,"B10.S1xD1",681,686,"hatching",1,192
2634,10,"B10.S1xD1",681,686,"hatching",1,192
2635,10,"B10.S1xD1",681,686,"hatching",1,192
2636,10,"B10.S1xD1",681,686,"hatching",1,192
2637,10,"B10.S1xD1",681,686,"hatching",1,192
2638,10,"B10.S1xD1",681,686,"hatching",1,192
2639,10,"B10.S1xD1",681,686,"hatching",1,192
2640,10,"B10.S1xD1",681,686,"hatching",1,192
2641,10,"B10.S1xD1",681,686,"hatching",1,192
2642,10,"B10.S1xD1",681,686,"hatching",0,192
2643,10,"B10.S1xD1",681,686,"hatching",0,192
2644,10,"B10.S1xD1",681,686,"hatching",0,192
2645,10,"B10.S1xD1",681,686,"hatching",0,192
2646,10,"B10.S1xD1",681,686,"hatching",0,192
2647,10,"B10.S1xD1",681,686,"hatching",0,192
2648,10,"B10.S1xD1",681,686,"hatching",0,192
2649,10,"B10.S1xD1",681,686,"hatching",0,192
2650,10,"B10.S1xD1",681,686,"hatching",1,193
2651,10,"B10.S1xD1",681,686,"hatching",1,193
2652,10,"B10.S1xD1",681,686,"hatching",1,193
2653,10,"B10.S1xD1",681,686,"hatching",1,193
2654,10,"B10.S1xD1",681,686,"hatching",1,193
2655,10,"B10.S1xD1",681,686,"hatching",1,193
2656,10,"B10.S1xD1",681,686,"hatching",1,193
2657,10,"B10.S1xD1",681,686,"hatching",1,193
2658,10,"B10.S1xD1",681,686,"hatching",1,193
2659,10,"B10.S1xD1",681,686,"hatching",1,193
2660,10,"B10.S1xD1",681,686,"hatching",1,193
2661,10,"B10.S1xD1",681,686,"hatching",1,193
2662,10,"B10.S1xD1",681,686,"hatching",1,193
2663,10,"B10.S1xD1",681,686,"hatching",1,193
2664,10,"B10.S1xD1",681,686,"hatching",0,193
2665,10,"B10.S1xD1",681,686,"hatching",0,193
2666,10,"B10.S1xD1",681,686,"hatching",0,193
2667,10,"B10.S1xD1",681,686,"hatching",0,193
2668,10,"B10.S1xD1",681,686,"hatching",0,193
2669,10,"B10.S1xD1",681,686,"hatching",0,193
2670,10,"B10.S1xD1",681,686,"hatching",0,193
2671,10,"B10.S1xD1",681,686,"hatching",0,193
7274,10,"B10.S1xD1",681,686,"settling",1,194
7275,10,"B10.S1xD1",681,686,"settling",1,194
7276,10,"B10.S1xD1",681,686,"settling",1,194
7277,10,"B10.S1xD1",681,686,"settling",1,194
7278,10,"B10.S1xD1",681,686,"settling",1,194
7279,10,"B10.S1xD1",681,686,"settling",1,194
7280,10,"B10.S1xD1",681,686,"settling",1,194
7281,10,"B10.S1xD1",681,686,"settling",1,194
7282,10,"B10.S1xD1",681,686,"settling",0,194
7283,10,"B10.S1xD1",681,686,"settling",0,194
7284,10,"B10.S1xD1",681,686,"settling",0,194
7285,10,"B10.S1xD1",681,686,"settling",0,194
7286,10,"B10.S1xD1",681,686,"settling",0,194
7287,10,"B10.S1xD1",681,686,"settling",0,194
7288,10,"B10.S1xD1",681,686,"settling",0,194
7289,10,"B10.S1xD1",681,686,"settling",0,194
7290,10,"B10.S1xD1",681,686,"settling",0,194
7291,10,"B10.S1xD1",681,686,"settling",1,195
7292,10,"B10.S1xD1",681,686,"settling",1,195
7293,10,"B10.S1xD1",681,686,"settling",1,195
7294,10,"B10.S1xD1",681,686,"settling",1,195
7295,10,"B10.S1xD1",681,686,"settling",1,195
7296,10,"B10.S1xD1",681,686,"settling",1,195
7297,10,"B10.S1xD1",681,686,"settling",1,195
7298,10,"B10.S1xD1",681,686,"settling",1,195
7299,10,"B10.S1xD1",681,686,"settling",1,195
7300,10,"B10.S1xD1",681,686,"settling",1,195
7301,10,"B10.S1xD1",681,686,"settling",1,195
7302,10,"B10.S1xD1",681,686,"settling",1,195
7303,10,"B10.S1xD1",681,686,"settling",1,195
7304,10,"B10.S1xD1",681,686,"settling",1,195
7305,10,"B10.S1xD1",681,686,"settling",0,195
7306,10,"B10.S1xD1",681,686,"settling",0,195
7307,10,"B10.S1xD1",681,686,"settling",0,195
7308,10,"B10.S1xD1",681,686,"settling",0,195
7309,10,"B10.S1xD1",681,686,"settling",0,195
7310,10,"B10.S1xD1",681,686,"settling",1,196
7311,10,"B10.S1xD1",681,686,"settling",1,196
7312,10,"B10.S1xD1",681,686,"settling",1,196
7313,10,"B10.S1xD1",681,686,"settling",1,196
7314,10,"B10.S1xD1",681,686,"settling",1,196
7315,10,"B10.S1xD1",681,686,"settling",1,196
7316,10,"B10.S1xD1",681,686,"settling",1,196
7317,10,"B10.S1xD1",681,686,"settling",1,196
7318,10,"B10.S1xD1",681,686,"settling",1,196
7319,10,"B10.S1xD1",681,686,"settling",1,196
7320,10,"B10.S1xD1",681,686,"settling",1,196
7321,10,"B10.S1xD1",681,686,"settling",1,196
7322,10,"B10.S1xD1",681,686,"settling",0,196
7323,10,"B10.S1xD1",681,686,"settling",0,196
7324,10,"B10.S1xD1",681,686,"settling",0,196
7325,10,"B10.S1xD1",681,686,"settling",0,196
7326,10,"B10.S1xD1",681,686,"settling",0,196
504,10,"B10.S1xD2",681,687,"h.length",224.07,NA
504,10,"B10.S1xD2",681,687,"n.length",442.25,NA
505,10,"B10.S1xD2",681,687,"h.length",221.74,NA
505,10,"B10.S1xD2",681,687,"n.length",458.99,NA
506,10,"B10.S1xD2",681,687,"h.length",222.6,NA
506,10,"B10.S1xD2",681,687,"n.length",453.72,NA
507,10,"B10.S1xD2",681,687,"h.length",223.47,NA
507,10,"B10.S1xD2",681,687,"n.length",452.76,NA
508,10,"B10.S1xD2",681,687,"h.length",216.36,NA
508,10,"B10.S1xD2",681,687,"n.length",454.36,NA
509,10,"B10.S1xD2",681,687,"h.length",216.95,NA
509,10,"B10.S1xD2",681,687,"n.length",454.43,NA
510,10,"B10.S1xD2",681,687,"h.length",221.96,NA
510,10,"B10.S1xD2",681,687,"n.length",458.8,NA
511,10,"B10.S1xD2",681,687,"h.length",217.47,NA
511,10,"B10.S1xD2",681,687,"n.length",445.47,NA
512,10,"B10.S1xD2",681,687,"h.length",216.02,NA
512,10,"B10.S1xD2",681,687,"n.length",441.4,NA
513,10,"B10.S1xD2",681,687,"h.length",202.37,NA
513,10,"B10.S1xD2",681,687,"n.length",427.79,NA
514,10,"B10.S1xD2",681,687,"h.length",215.77,NA
514,10,"B10.S1xD2",681,687,"n.length",450.76,NA
515,10,"B10.S1xD2",681,687,"h.length",219.32,NA
515,10,"B10.S1xD2",681,687,"n.length",447.8,NA
2672,10,"B10.S1xD2",681,687,"hatching",1,197
2673,10,"B10.S1xD2",681,687,"hatching",1,197
2674,10,"B10.S1xD2",681,687,"hatching",1,197
2675,10,"B10.S1xD2",681,687,"hatching",1,197
2676,10,"B10.S1xD2",681,687,"hatching",1,197
2677,10,"B10.S1xD2",681,687,"hatching",1,197
2678,10,"B10.S1xD2",681,687,"hatching",1,197
2679,10,"B10.S1xD2",681,687,"hatching",1,197
2680,10,"B10.S1xD2",681,687,"hatching",1,197
2681,10,"B10.S1xD2",681,687,"hatching",1,197
2682,10,"B10.S1xD2",681,687,"hatching",1,197
2683,10,"B10.S1xD2",681,687,"hatching",1,197
2684,10,"B10.S1xD2",681,687,"hatching",1,197
2685,10,"B10.S1xD2",681,687,"hatching",1,197
2686,10,"B10.S1xD2",681,687,"hatching",1,197
2687,10,"B10.S1xD2",681,687,"hatching",1,197
2688,10,"B10.S1xD2",681,687,"hatching",1,197
2689,10,"B10.S1xD2",681,687,"hatching",1,197
2690,10,"B10.S1xD2",681,687,"hatching",0,197
2691,10,"B10.S1xD2",681,687,"hatching",1,198
2692,10,"B10.S1xD2",681,687,"hatching",1,198
2693,10,"B10.S1xD2",681,687,"hatching",1,198
2694,10,"B10.S1xD2",681,687,"hatching",1,198
2695,10,"B10.S1xD2",681,687,"hatching",1,198
2696,10,"B10.S1xD2",681,687,"hatching",1,198
2697,10,"B10.S1xD2",681,687,"hatching",1,198
2698,10,"B10.S1xD2",681,687,"hatching",1,198
2699,10,"B10.S1xD2",681,687,"hatching",1,198
2700,10,"B10.S1xD2",681,687,"hatching",1,198
2701,10,"B10.S1xD2",681,687,"hatching",1,198
2702,10,"B10.S1xD2",681,687,"hatching",1,198
2703,10,"B10.S1xD2",681,687,"hatching",1,198
2704,10,"B10.S1xD2",681,687,"hatching",1,198
2705,10,"B10.S1xD2",681,687,"hatching",1,198
2706,10,"B10.S1xD2",681,687,"hatching",1,198
2707,10,"B10.S1xD2",681,687,"hatching",1,198
2708,10,"B10.S1xD2",681,687,"hatching",1,198
2709,10,"B10.S1xD2",681,687,"hatching",1,198
2710,10,"B10.S1xD2",681,687,"hatching",0,198
7327,10,"B10.S1xD2",681,687,"settling",1,199
7328,10,"B10.S1xD2",681,687,"settling",1,199
7329,10,"B10.S1xD2",681,687,"settling",1,199
7330,10,"B10.S1xD2",681,687,"settling",1,199
7331,10,"B10.S1xD2",681,687,"settling",1,199
7332,10,"B10.S1xD2",681,687,"settling",1,199
7333,10,"B10.S1xD2",681,687,"settling",0,199
7334,10,"B10.S1xD2",681,687,"settling",0,199
7335,10,"B10.S1xD2",681,687,"settling",0,199
7336,10,"B10.S1xD2",681,687,"settling",0,199
7337,10,"B10.S1xD2",681,687,"settling",0,199
7338,10,"B10.S1xD2",681,687,"settling",0,199
7339,10,"B10.S1xD2",681,687,"settling",0,199
7340,10,"B10.S1xD2",681,687,"settling",0,199
7341,10,"B10.S1xD2",681,687,"settling",0,199
7342,10,"B10.S1xD2",681,687,"settling",1,200
7343,10,"B10.S1xD2",681,687,"settling",1,200
7344,10,"B10.S1xD2",681,687,"settling",1,200
7345,10,"B10.S1xD2",681,687,"settling",1,200
7346,10,"B10.S1xD2",681,687,"settling",1,200
7347,10,"B10.S1xD2",681,687,"settling",1,200
7348,10,"B10.S1xD2",681,687,"settling",1,200
7349,10,"B10.S1xD2",681,687,"settling",1,200
7350,10,"B10.S1xD2",681,687,"settling",1,200
7351,10,"B10.S1xD2",681,687,"settling",1,200
7352,10,"B10.S1xD2",681,687,"settling",0,200
7353,10,"B10.S1xD2",681,687,"settling",0,200
7354,10,"B10.S1xD2",681,687,"settling",0,200
7355,10,"B10.S1xD2",681,687,"settling",0,200
7356,10,"B10.S1xD2",681,687,"settling",0,200
7357,10,"B10.S1xD2",681,687,"settling",0,200
7358,10,"B10.S1xD2",681,687,"settling",1,201
7359,10,"B10.S1xD2",681,687,"settling",1,201
7360,10,"B10.S1xD2",681,687,"settling",1,201
7361,10,"B10.S1xD2",681,687,"settling",1,201
7362,10,"B10.S1xD2",681,687,"settling",1,201
7363,10,"B10.S1xD2",681,687,"settling",1,201
7364,10,"B10.S1xD2",681,687,"settling",1,201
7365,10,"B10.S1xD2",681,687,"settling",1,201
7366,10,"B10.S1xD2",681,687,"settling",1,201
7367,10,"B10.S1xD2",681,687,"settling",0,201
7368,10,"B10.S1xD2",681,687,"settling",0,201
7369,10,"B10.S1xD2",681,687,"settling",0,201
7370,10,"B10.S1xD2",681,687,"settling",0,201
516,10,"B10.S1xD3",681,688,"h.length",204.13,NA
516,10,"B10.S1xD3",681,688,"n.length",457.65,NA
517,10,"B10.S1xD3",681,688,"h.length",213.21,NA
517,10,"B10.S1xD3",681,688,"n.length",440.25,NA
518,10,"B10.S1xD3",681,688,"h.length",224.88,NA
518,10,"B10.S1xD3",681,688,"n.length",411.24,NA
519,10,"B10.S1xD3",681,688,"h.length",200.68,NA
519,10,"B10.S1xD3",681,688,"n.length",450.66,NA
520,10,"B10.S1xD3",681,688,"h.length",209.17,NA
520,10,"B10.S1xD3",681,688,"n.length",441,NA
521,10,"B10.S1xD3",681,688,"h.length",205.54,NA
521,10,"B10.S1xD3",681,688,"n.length",465.84,NA
522,10,"B10.S1xD3",681,688,"h.length",184.71,NA
522,10,"B10.S1xD3",681,688,"n.length",409.59,NA
523,10,"B10.S1xD3",681,688,"h.length",190.31,NA
523,10,"B10.S1xD3",681,688,"n.length",352.4,NA
524,10,"B10.S1xD3",681,688,"h.length",205.43,NA
524,10,"B10.S1xD3",681,688,"n.length",460.35,NA
525,10,"B10.S1xD3",681,688,"h.length",190.46,NA
525,10,"B10.S1xD3",681,688,"n.length",444.4,NA
526,10,"B10.S1xD3",681,688,"h.length",185.88,NA
526,10,"B10.S1xD3",681,688,"n.length",449.4,NA
527,10,"B10.S1xD3",681,688,"h.length",198.9,NA
527,10,"B10.S1xD3",681,688,"n.length",437.35,NA
2711,10,"B10.S1xD3",681,688,"hatching",1,202
2712,10,"B10.S1xD3",681,688,"hatching",1,202
2713,10,"B10.S1xD3",681,688,"hatching",1,202
2714,10,"B10.S1xD3",681,688,"hatching",1,202
2715,10,"B10.S1xD3",681,688,"hatching",1,202
2716,10,"B10.S1xD3",681,688,"hatching",1,202
2717,10,"B10.S1xD3",681,688,"hatching",1,202
2718,10,"B10.S1xD3",681,688,"hatching",1,202
2719,10,"B10.S1xD3",681,688,"hatching",1,202
2720,10,"B10.S1xD3",681,688,"hatching",1,202
2721,10,"B10.S1xD3",681,688,"hatching",1,202
2722,10,"B10.S1xD3",681,688,"hatching",1,202
2723,10,"B10.S1xD3",681,688,"hatching",1,202
2724,10,"B10.S1xD3",681,688,"hatching",1,202
2725,10,"B10.S1xD3",681,688,"hatching",1,202
2726,10,"B10.S1xD3",681,688,"hatching",1,202
2727,10,"B10.S1xD3",681,688,"hatching",1,202
2728,10,"B10.S1xD3",681,688,"hatching",1,202
2729,10,"B10.S1xD3",681,688,"hatching",1,202
2730,10,"B10.S1xD3",681,688,"hatching",0,202
2731,10,"B10.S1xD3",681,688,"hatching",0,202
2732,10,"B10.S1xD3",681,688,"hatching",1,203
2733,10,"B10.S1xD3",681,688,"hatching",1,203
2734,10,"B10.S1xD3",681,688,"hatching",1,203
2735,10,"B10.S1xD3",681,688,"hatching",1,203
2736,10,"B10.S1xD3",681,688,"hatching",1,203
2737,10,"B10.S1xD3",681,688,"hatching",1,203
2738,10,"B10.S1xD3",681,688,"hatching",1,203
2739,10,"B10.S1xD3",681,688,"hatching",1,203
2740,10,"B10.S1xD3",681,688,"hatching",1,203
2741,10,"B10.S1xD3",681,688,"hatching",1,203
2742,10,"B10.S1xD3",681,688,"hatching",1,203
2743,10,"B10.S1xD3",681,688,"hatching",1,203
2744,10,"B10.S1xD3",681,688,"hatching",1,203
2745,10,"B10.S1xD3",681,688,"hatching",1,203
2746,10,"B10.S1xD3",681,688,"hatching",1,203
2747,10,"B10.S1xD3",681,688,"hatching",1,203
2748,10,"B10.S1xD3",681,688,"hatching",1,203
2749,10,"B10.S1xD3",681,688,"hatching",1,203
2750,10,"B10.S1xD3",681,688,"hatching",1,203
2751,10,"B10.S1xD3",681,688,"hatching",1,203
2752,10,"B10.S1xD3",681,688,"hatching",1,203
7371,10,"B10.S1xD3",681,688,"settling",1,204
7372,10,"B10.S1xD3",681,688,"settling",1,204
7373,10,"B10.S1xD3",681,688,"settling",1,204
7374,10,"B10.S1xD3",681,688,"settling",1,204
7375,10,"B10.S1xD3",681,688,"settling",0,204
7376,10,"B10.S1xD3",681,688,"settling",0,204
7377,10,"B10.S1xD3",681,688,"settling",0,204
7378,10,"B10.S1xD3",681,688,"settling",0,204
7379,10,"B10.S1xD3",681,688,"settling",0,204
7380,10,"B10.S1xD3",681,688,"settling",0,204
7381,10,"B10.S1xD3",681,688,"settling",0,204
7382,10,"B10.S1xD3",681,688,"settling",0,204
7383,10,"B10.S1xD3",681,688,"settling",0,204
7384,10,"B10.S1xD3",681,688,"settling",0,204
7385,10,"B10.S1xD3",681,688,"settling",0,204
7386,10,"B10.S1xD3",681,688,"settling",1,205
7387,10,"B10.S1xD3",681,688,"settling",1,205
7388,10,"B10.S1xD3",681,688,"settling",1,205
7389,10,"B10.S1xD3",681,688,"settling",1,205
7390,10,"B10.S1xD3",681,688,"settling",1,205
7391,10,"B10.S1xD3",681,688,"settling",1,205
7392,10,"B10.S1xD3",681,688,"settling",1,205
7393,10,"B10.S1xD3",681,688,"settling",1,205
7394,10,"B10.S1xD3",681,688,"settling",0,205
7395,10,"B10.S1xD3",681,688,"settling",0,205
7396,10,"B10.S1xD3",681,688,"settling",0,205
7397,10,"B10.S1xD3",681,688,"settling",0,205
7398,10,"B10.S1xD3",681,688,"settling",0,205
7399,10,"B10.S1xD3",681,688,"settling",0,205
7400,10,"B10.S1xD3",681,688,"settling",0,205
7401,10,"B10.S1xD3",681,688,"settling",1,206
7402,10,"B10.S1xD3",681,688,"settling",1,206
7403,10,"B10.S1xD3",681,688,"settling",1,206
7404,10,"B10.S1xD3",681,688,"settling",1,206
7405,10,"B10.S1xD3",681,688,"settling",1,206
7406,10,"B10.S1xD3",681,688,"settling",0,206
7407,10,"B10.S1xD3",681,688,"settling",0,206
7408,10,"B10.S1xD3",681,688,"settling",0,206
7409,10,"B10.S1xD3",681,688,"settling",0,206
7410,10,"B10.S1xD3",681,688,"settling",0,206
7411,10,"B10.S1xD3",681,688,"settling",0,206
7412,10,"B10.S1xD3",681,688,"settling",0,206
7413,10,"B10.S1xD3",681,688,"settling",0,206
7414,10,"B10.S1xD3",681,688,"settling",0,206
7415,10,"B10.S1xD3",681,688,"settling",0,206
7416,10,"B10.S1xD3",681,688,"settling",0,206
7417,10,"B10.S1xD3",681,688,"settling",0,206
7418,10,"B10.S1xD3",681,688,"settling",0,206
528,10,"B10.S2xD1",682,686,"h.length",205.39,NA
528,10,"B10.S2xD1",682,686,"n.length",456.56,NA
529,10,"B10.S2xD1",682,686,"h.length",202.83,NA
529,10,"B10.S2xD1",682,686,"n.length",451.78,NA
530,10,"B10.S2xD1",682,686,"h.length",217.75,NA
530,10,"B10.S2xD1",682,686,"n.length",436.72,NA
531,10,"B10.S2xD1",682,686,"h.length",206.92,NA
531,10,"B10.S2xD1",682,686,"n.length",449.09,NA
532,10,"B10.S2xD1",682,686,"h.length",203.23,NA
532,10,"B10.S2xD1",682,686,"n.length",451.2,NA
533,10,"B10.S2xD1",682,686,"h.length",192.59,NA
533,10,"B10.S2xD1",682,686,"n.length",443.12,NA
534,10,"B10.S2xD1",682,686,"h.length",207.64,NA
534,10,"B10.S2xD1",682,686,"n.length",448.24,NA
535,10,"B10.S2xD1",682,686,"h.length",198.03,NA
535,10,"B10.S2xD1",682,686,"n.length",437.48,NA
536,10,"B10.S2xD1",682,686,"h.length",191.73,NA
536,10,"B10.S2xD1",682,686,"n.length",416.11,NA
537,10,"B10.S2xD1",682,686,"h.length",170.5,NA
537,10,"B10.S2xD1",682,686,"n.length",425.01,NA
538,10,"B10.S2xD1",682,686,"h.length",221.91,NA
538,10,"B10.S2xD1",682,686,"n.length",433.41,NA
539,10,"B10.S2xD1",682,686,"h.length",187.82,NA
539,10,"B10.S2xD1",682,686,"n.length",425.99,NA
2753,10,"B10.S2xD1",682,686,"hatching",1,207
2754,10,"B10.S2xD1",682,686,"hatching",1,207
2755,10,"B10.S2xD1",682,686,"hatching",1,207
2756,10,"B10.S2xD1",682,686,"hatching",1,207
2757,10,"B10.S2xD1",682,686,"hatching",1,207
2758,10,"B10.S2xD1",682,686,"hatching",1,207
2759,10,"B10.S2xD1",682,686,"hatching",1,207
2760,10,"B10.S2xD1",682,686,"hatching",1,207
2761,10,"B10.S2xD1",682,686,"hatching",1,207
2762,10,"B10.S2xD1",682,686,"hatching",0,207
2763,10,"B10.S2xD1",682,686,"hatching",0,207
2764,10,"B10.S2xD1",682,686,"hatching",0,207
2765,10,"B10.S2xD1",682,686,"hatching",0,207
2766,10,"B10.S2xD1",682,686,"hatching",0,207
2767,10,"B10.S2xD1",682,686,"hatching",0,207
2768,10,"B10.S2xD1",682,686,"hatching",0,207
2769,10,"B10.S2xD1",682,686,"hatching",0,207
2770,10,"B10.S2xD1",682,686,"hatching",0,207
2771,10,"B10.S2xD1",682,686,"hatching",0,207
2772,10,"B10.S2xD1",682,686,"hatching",0,207
2773,10,"B10.S2xD1",682,686,"hatching",0,207
2774,10,"B10.S2xD1",682,686,"hatching",0,207
2775,10,"B10.S2xD1",682,686,"hatching",0,207
2776,10,"B10.S2xD1",682,686,"hatching",1,208
2777,10,"B10.S2xD1",682,686,"hatching",1,208
2778,10,"B10.S2xD1",682,686,"hatching",1,208
2779,10,"B10.S2xD1",682,686,"hatching",1,208
2780,10,"B10.S2xD1",682,686,"hatching",1,208
2781,10,"B10.S2xD1",682,686,"hatching",1,208
2782,10,"B10.S2xD1",682,686,"hatching",1,208
2783,10,"B10.S2xD1",682,686,"hatching",1,208
2784,10,"B10.S2xD1",682,686,"hatching",1,208
2785,10,"B10.S2xD1",682,686,"hatching",0,208
2786,10,"B10.S2xD1",682,686,"hatching",0,208
2787,10,"B10.S2xD1",682,686,"hatching",0,208
2788,10,"B10.S2xD1",682,686,"hatching",0,208
2789,10,"B10.S2xD1",682,686,"hatching",0,208
2790,10,"B10.S2xD1",682,686,"hatching",0,208
2791,10,"B10.S2xD1",682,686,"hatching",0,208
2792,10,"B10.S2xD1",682,686,"hatching",0,208
2793,10,"B10.S2xD1",682,686,"hatching",0,208
2794,10,"B10.S2xD1",682,686,"hatching",0,208
2795,10,"B10.S2xD1",682,686,"hatching",0,208
7419,10,"B10.S2xD1",682,686,"settling",1,209
7420,10,"B10.S2xD1",682,686,"settling",1,209
7421,10,"B10.S2xD1",682,686,"settling",1,209
7422,10,"B10.S2xD1",682,686,"settling",1,209
7423,10,"B10.S2xD1",682,686,"settling",1,209
7424,10,"B10.S2xD1",682,686,"settling",1,209
7425,10,"B10.S2xD1",682,686,"settling",1,209
7426,10,"B10.S2xD1",682,686,"settling",1,209
7427,10,"B10.S2xD1",682,686,"settling",1,209
7428,10,"B10.S2xD1",682,686,"settling",1,209
7429,10,"B10.S2xD1",682,686,"settling",1,209
7430,10,"B10.S2xD1",682,686,"settling",1,209
7431,10,"B10.S2xD1",682,686,"settling",0,209
7432,10,"B10.S2xD1",682,686,"settling",0,209
7433,10,"B10.S2xD1",682,686,"settling",0,209
7434,10,"B10.S2xD1",682,686,"settling",0,209
7435,10,"B10.S2xD1",682,686,"settling",0,209
7436,10,"B10.S2xD1",682,686,"settling",0,209
7437,10,"B10.S2xD1",682,686,"settling",0,209
7438,10,"B10.S2xD1",682,686,"settling",0,209
7439,10,"B10.S2xD1",682,686,"settling",1,210
7440,10,"B10.S2xD1",682,686,"settling",1,210
7441,10,"B10.S2xD1",682,686,"settling",1,210
7442,10,"B10.S2xD1",682,686,"settling",1,210
7443,10,"B10.S2xD1",682,686,"settling",1,210
7444,10,"B10.S2xD1",682,686,"settling",1,210
7445,10,"B10.S2xD1",682,686,"settling",1,210
7446,10,"B10.S2xD1",682,686,"settling",1,210
7447,10,"B10.S2xD1",682,686,"settling",1,210
7448,10,"B10.S2xD1",682,686,"settling",1,210
7449,10,"B10.S2xD1",682,686,"settling",1,210
7450,10,"B10.S2xD1",682,686,"settling",1,210
7451,10,"B10.S2xD1",682,686,"settling",1,210
7452,10,"B10.S2xD1",682,686,"settling",1,210
7453,10,"B10.S2xD1",682,686,"settling",0,210
7454,10,"B10.S2xD1",682,686,"settling",0,210
7455,10,"B10.S2xD1",682,686,"settling",0,210
7456,10,"B10.S2xD1",682,686,"settling",1,211
7457,10,"B10.S2xD1",682,686,"settling",1,211
7458,10,"B10.S2xD1",682,686,"settling",1,211
7459,10,"B10.S2xD1",682,686,"settling",1,211
7460,10,"B10.S2xD1",682,686,"settling",1,211
7461,10,"B10.S2xD1",682,686,"settling",1,211
7462,10,"B10.S2xD1",682,686,"settling",1,211
7463,10,"B10.S2xD1",682,686,"settling",1,211
7464,10,"B10.S2xD1",682,686,"settling",1,211
7465,10,"B10.S2xD1",682,686,"settling",0,211
7466,10,"B10.S2xD1",682,686,"settling",0,211
7467,10,"B10.S2xD1",682,686,"settling",0,211
7468,10,"B10.S2xD1",682,686,"settling",0,211
7469,10,"B10.S2xD1",682,686,"settling",0,211
7470,10,"B10.S2xD1",682,686,"settling",0,211
7471,10,"B10.S2xD1",682,686,"settling",0,211
7472,10,"B10.S2xD1",682,686,"settling",0,211
540,10,"B10.S2xD2",682,687,"h.length",208.55,NA
540,10,"B10.S2xD2",682,687,"n.length",465.18,NA
541,10,"B10.S2xD2",682,687,"h.length",216.52,NA
541,10,"B10.S2xD2",682,687,"n.length",458.82,NA
542,10,"B10.S2xD2",682,687,"h.length",204.96,NA
542,10,"B10.S2xD2",682,687,"n.length",473.03,NA
543,10,"B10.S2xD2",682,687,"h.length",211.53,NA
543,10,"B10.S2xD2",682,687,"n.length",462.37,NA
544,10,"B10.S2xD2",682,687,"h.length",208.93,NA
544,10,"B10.S2xD2",682,687,"n.length",463.85,NA
545,10,"B10.S2xD2",682,687,"h.length",208.76,NA
545,10,"B10.S2xD2",682,687,"n.length",459.57,NA
546,10,"B10.S2xD2",682,687,"h.length",212.99,NA
546,10,"B10.S2xD2",682,687,"n.length",443.4,NA
547,10,"B10.S2xD2",682,687,"h.length",221.54,NA
547,10,"B10.S2xD2",682,687,"n.length",458.22,NA
548,10,"B10.S2xD2",682,687,"h.length",211.62,NA
548,10,"B10.S2xD2",682,687,"n.length",458.56,NA
549,10,"B10.S2xD2",682,687,"h.length",210.7,NA
549,10,"B10.S2xD2",682,687,"n.length",457.13,NA
550,10,"B10.S2xD2",682,687,"h.length",215.43,NA
550,10,"B10.S2xD2",682,687,"n.length",454.33,NA
551,10,"B10.S2xD2",682,687,"h.length",214.86,NA
551,10,"B10.S2xD2",682,687,"n.length",455.18,NA
2796,10,"B10.S2xD2",682,687,"hatching",1,212
2797,10,"B10.S2xD2",682,687,"hatching",1,212
2798,10,"B10.S2xD2",682,687,"hatching",1,212
2799,10,"B10.S2xD2",682,687,"hatching",1,212
2800,10,"B10.S2xD2",682,687,"hatching",1,212
2801,10,"B10.S2xD2",682,687,"hatching",1,212
2802,10,"B10.S2xD2",682,687,"hatching",1,212
2803,10,"B10.S2xD2",682,687,"hatching",1,212
2804,10,"B10.S2xD2",682,687,"hatching",1,212
2805,10,"B10.S2xD2",682,687,"hatching",1,212
2806,10,"B10.S2xD2",682,687,"hatching",1,212
2807,10,"B10.S2xD2",682,687,"hatching",1,212
2808,10,"B10.S2xD2",682,687,"hatching",1,212
2809,10,"B10.S2xD2",682,687,"hatching",1,212
2810,10,"B10.S2xD2",682,687,"hatching",1,212
2811,10,"B10.S2xD2",682,687,"hatching",1,212
2812,10,"B10.S2xD2",682,687,"hatching",1,212
2813,10,"B10.S2xD2",682,687,"hatching",1,212
2814,10,"B10.S2xD2",682,687,"hatching",1,212
2815,10,"B10.S2xD2",682,687,"hatching",1,212
2816,10,"B10.S2xD2",682,687,"hatching",1,213
2817,10,"B10.S2xD2",682,687,"hatching",1,213
2818,10,"B10.S2xD2",682,687,"hatching",1,213
2819,10,"B10.S2xD2",682,687,"hatching",1,213
2820,10,"B10.S2xD2",682,687,"hatching",1,213
2821,10,"B10.S2xD2",682,687,"hatching",1,213
2822,10,"B10.S2xD2",682,687,"hatching",1,213
2823,10,"B10.S2xD2",682,687,"hatching",1,213
2824,10,"B10.S2xD2",682,687,"hatching",1,213
2825,10,"B10.S2xD2",682,687,"hatching",1,213
2826,10,"B10.S2xD2",682,687,"hatching",1,213
2827,10,"B10.S2xD2",682,687,"hatching",1,213
2828,10,"B10.S2xD2",682,687,"hatching",1,213
2829,10,"B10.S2xD2",682,687,"hatching",1,213
2830,10,"B10.S2xD2",682,687,"hatching",1,213
2831,10,"B10.S2xD2",682,687,"hatching",1,213
2832,10,"B10.S2xD2",682,687,"hatching",0,213
2833,10,"B10.S2xD2",682,687,"hatching",0,213
7473,10,"B10.S2xD2",682,687,"settling",1,214
7474,10,"B10.S2xD2",682,687,"settling",1,214
7475,10,"B10.S2xD2",682,687,"settling",1,214
7476,10,"B10.S2xD2",682,687,"settling",1,214
7477,10,"B10.S2xD2",682,687,"settling",1,214
7478,10,"B10.S2xD2",682,687,"settling",1,214
7479,10,"B10.S2xD2",682,687,"settling",1,214
7480,10,"B10.S2xD2",682,687,"settling",1,214
7481,10,"B10.S2xD2",682,687,"settling",1,214
7482,10,"B10.S2xD2",682,687,"settling",0,214
7483,10,"B10.S2xD2",682,687,"settling",0,214
7484,10,"B10.S2xD2",682,687,"settling",0,214
7485,10,"B10.S2xD2",682,687,"settling",0,214
7486,10,"B10.S2xD2",682,687,"settling",0,214
7487,10,"B10.S2xD2",682,687,"settling",0,214
7488,10,"B10.S2xD2",682,687,"settling",0,214
7489,10,"B10.S2xD2",682,687,"settling",0,214
7490,10,"B10.S2xD2",682,687,"settling",1,215
7491,10,"B10.S2xD2",682,687,"settling",1,215
7492,10,"B10.S2xD2",682,687,"settling",1,215
7493,10,"B10.S2xD2",682,687,"settling",1,215
7494,10,"B10.S2xD2",682,687,"settling",1,215
7495,10,"B10.S2xD2",682,687,"settling",1,215
7496,10,"B10.S2xD2",682,687,"settling",1,215
7497,10,"B10.S2xD2",682,687,"settling",0,215
7498,10,"B10.S2xD2",682,687,"settling",0,215
7499,10,"B10.S2xD2",682,687,"settling",0,215
7500,10,"B10.S2xD2",682,687,"settling",0,215
7501,10,"B10.S2xD2",682,687,"settling",0,215
7502,10,"B10.S2xD2",682,687,"settling",0,215
7503,10,"B10.S2xD2",682,687,"settling",0,215
7504,10,"B10.S2xD2",682,687,"settling",0,215
7505,10,"B10.S2xD2",682,687,"settling",0,215
7506,10,"B10.S2xD2",682,687,"settling",1,216
7507,10,"B10.S2xD2",682,687,"settling",1,216
7508,10,"B10.S2xD2",682,687,"settling",1,216
7509,10,"B10.S2xD2",682,687,"settling",1,216
7510,10,"B10.S2xD2",682,687,"settling",1,216
7511,10,"B10.S2xD2",682,687,"settling",1,216
7512,10,"B10.S2xD2",682,687,"settling",1,216
7513,10,"B10.S2xD2",682,687,"settling",1,216
7514,10,"B10.S2xD2",682,687,"settling",1,216
7515,10,"B10.S2xD2",682,687,"settling",1,216
7516,10,"B10.S2xD2",682,687,"settling",1,216
7517,10,"B10.S2xD2",682,687,"settling",1,216
7518,10,"B10.S2xD2",682,687,"settling",1,216
7519,10,"B10.S2xD2",682,687,"settling",1,216
7520,10,"B10.S2xD2",682,687,"settling",0,216
7521,10,"B10.S2xD2",682,687,"settling",0,216
7522,10,"B10.S2xD2",682,687,"settling",0,216
7523,10,"B10.S2xD2",682,687,"settling",0,216
552,10,"B10.S2xD3",682,688,"h.length",209.28,NA
552,10,"B10.S2xD3",682,688,"n.length",443.92,NA
553,10,"B10.S2xD3",682,688,"h.length",210.46,NA
553,10,"B10.S2xD3",682,688,"n.length",454.5,NA
554,10,"B10.S2xD3",682,688,"h.length",208.65,NA
554,10,"B10.S2xD3",682,688,"n.length",437.56,NA
555,10,"B10.S2xD3",682,688,"h.length",205.8,NA
555,10,"B10.S2xD3",682,688,"n.length",454.32,NA
556,10,"B10.S2xD3",682,688,"h.length",186.14,NA
556,10,"B10.S2xD3",682,688,"n.length",459.41,NA
557,10,"B10.S2xD3",682,688,"h.length",198.1,NA
557,10,"B10.S2xD3",682,688,"n.length",454.04,NA
558,10,"B10.S2xD3",682,688,"h.length",214.73,NA
558,10,"B10.S2xD3",682,688,"n.length",440.67,NA
559,10,"B10.S2xD3",682,688,"h.length",196.89,NA
559,10,"B10.S2xD3",682,688,"n.length",447.62,NA
560,10,"B10.S2xD3",682,688,"h.length",196.73,NA
560,10,"B10.S2xD3",682,688,"n.length",434.38,NA
561,10,"B10.S2xD3",682,688,"h.length",208.73,NA
561,10,"B10.S2xD3",682,688,"n.length",387.22,NA
562,10,"B10.S2xD3",682,688,"h.length",212.24,NA
562,10,"B10.S2xD3",682,688,"n.length",440.47,NA
563,10,"B10.S2xD3",682,688,"h.length",208.27,NA
563,10,"B10.S2xD3",682,688,"n.length",420.77,NA
2834,10,"B10.S2xD3",682,688,"hatching",1,217
2835,10,"B10.S2xD3",682,688,"hatching",1,217
2836,10,"B10.S2xD3",682,688,"hatching",1,217
2837,10,"B10.S2xD3",682,688,"hatching",1,217
2838,10,"B10.S2xD3",682,688,"hatching",1,217
2839,10,"B10.S2xD3",682,688,"hatching",1,217
2840,10,"B10.S2xD3",682,688,"hatching",1,217
2841,10,"B10.S2xD3",682,688,"hatching",1,217
2842,10,"B10.S2xD3",682,688,"hatching",1,217
2843,10,"B10.S2xD3",682,688,"hatching",1,217
2844,10,"B10.S2xD3",682,688,"hatching",1,217
2845,10,"B10.S2xD3",682,688,"hatching",1,217
2846,10,"B10.S2xD3",682,688,"hatching",1,217
2847,10,"B10.S2xD3",682,688,"hatching",1,217
2848,10,"B10.S2xD3",682,688,"hatching",1,217
2849,10,"B10.S2xD3",682,688,"hatching",1,217
2850,10,"B10.S2xD3",682,688,"hatching",0,217
2851,10,"B10.S2xD3",682,688,"hatching",0,217
2852,10,"B10.S2xD3",682,688,"hatching",0,217
2853,10,"B10.S2xD3",682,688,"hatching",1,218
2854,10,"B10.S2xD3",682,688,"hatching",1,218
2855,10,"B10.S2xD3",682,688,"hatching",1,218
2856,10,"B10.S2xD3",682,688,"hatching",1,218
2857,10,"B10.S2xD3",682,688,"hatching",1,218
2858,10,"B10.S2xD3",682,688,"hatching",1,218
2859,10,"B10.S2xD3",682,688,"hatching",1,218
2860,10,"B10.S2xD3",682,688,"hatching",1,218
2861,10,"B10.S2xD3",682,688,"hatching",1,218
2862,10,"B10.S2xD3",682,688,"hatching",1,218
2863,10,"B10.S2xD3",682,688,"hatching",1,218
2864,10,"B10.S2xD3",682,688,"hatching",1,218
2865,10,"B10.S2xD3",682,688,"hatching",1,218
2866,10,"B10.S2xD3",682,688,"hatching",1,218
2867,10,"B10.S2xD3",682,688,"hatching",1,218
2868,10,"B10.S2xD3",682,688,"hatching",1,218
2869,10,"B10.S2xD3",682,688,"hatching",1,218
2870,10,"B10.S2xD3",682,688,"hatching",1,218
2871,10,"B10.S2xD3",682,688,"hatching",1,218
2872,10,"B10.S2xD3",682,688,"hatching",0,218
2873,10,"B10.S2xD3",682,688,"hatching",0,218
7524,10,"B10.S2xD3",682,688,"settling",1,219
7525,10,"B10.S2xD3",682,688,"settling",1,219
7526,10,"B10.S2xD3",682,688,"settling",1,219
7527,10,"B10.S2xD3",682,688,"settling",1,219
7528,10,"B10.S2xD3",682,688,"settling",1,219
7529,10,"B10.S2xD3",682,688,"settling",1,219
7530,10,"B10.S2xD3",682,688,"settling",1,219
7531,10,"B10.S2xD3",682,688,"settling",0,219
7532,10,"B10.S2xD3",682,688,"settling",0,219
7533,10,"B10.S2xD3",682,688,"settling",0,219
7534,10,"B10.S2xD3",682,688,"settling",0,219
7535,10,"B10.S2xD3",682,688,"settling",0,219
7536,10,"B10.S2xD3",682,688,"settling",0,219
7537,10,"B10.S2xD3",682,688,"settling",0,219
7538,10,"B10.S2xD3",682,688,"settling",0,219
7539,10,"B10.S2xD3",682,688,"settling",1,220
7540,10,"B10.S2xD3",682,688,"settling",1,220
7541,10,"B10.S2xD3",682,688,"settling",1,220
7542,10,"B10.S2xD3",682,688,"settling",1,220
7543,10,"B10.S2xD3",682,688,"settling",1,220
7544,10,"B10.S2xD3",682,688,"settling",1,220
7545,10,"B10.S2xD3",682,688,"settling",1,220
7546,10,"B10.S2xD3",682,688,"settling",1,220
7547,10,"B10.S2xD3",682,688,"settling",0,220
7548,10,"B10.S2xD3",682,688,"settling",0,220
7549,10,"B10.S2xD3",682,688,"settling",0,220
7550,10,"B10.S2xD3",682,688,"settling",0,220
7551,10,"B10.S2xD3",682,688,"settling",0,220
7552,10,"B10.S2xD3",682,688,"settling",0,220
7553,10,"B10.S2xD3",682,688,"settling",0,220
7554,10,"B10.S2xD3",682,688,"settling",0,220
7555,10,"B10.S2xD3",682,688,"settling",0,220
7556,10,"B10.S2xD3",682,688,"settling",0,220
7557,10,"B10.S2xD3",682,688,"settling",1,221
7558,10,"B10.S2xD3",682,688,"settling",1,221
7559,10,"B10.S2xD3",682,688,"settling",1,221
7560,10,"B10.S2xD3",682,688,"settling",1,221
7561,10,"B10.S2xD3",682,688,"settling",0,221
7562,10,"B10.S2xD3",682,688,"settling",0,221
7563,10,"B10.S2xD3",682,688,"settling",0,221
7564,10,"B10.S2xD3",682,688,"settling",0,221
7565,10,"B10.S2xD3",682,688,"settling",0,221
7566,10,"B10.S2xD3",682,688,"settling",0,221
7567,10,"B10.S2xD3",682,688,"settling",0,221
7568,10,"B10.S2xD3",682,688,"settling",0,221
7569,10,"B10.S2xD3",682,688,"settling",0,221
7570,10,"B10.S2xD3",682,688,"settling",0,221
7571,10,"B10.S2xD3",682,688,"settling",0,221
7572,10,"B10.S2xD3",682,688,"settling",0,221
564,11,"B11.S1xD1",797,800,"h.length",207.69,NA
564,11,"B11.S1xD1",797,800,"n.length",462.2,NA
565,11,"B11.S1xD1",797,800,"h.length",203.47,NA
565,11,"B11.S1xD1",797,800,"n.length",423.89,NA
566,11,"B11.S1xD1",797,800,"h.length",204.91,NA
566,11,"B11.S1xD1",797,800,"n.length",447.43,NA
567,11,"B11.S1xD1",797,800,"h.length",199.78,NA
567,11,"B11.S1xD1",797,800,"n.length",485.64,NA
568,11,"B11.S1xD1",797,800,"h.length",210.94,NA
568,11,"B11.S1xD1",797,800,"n.length",446.26,NA
569,11,"B11.S1xD1",797,800,"h.length",208.78,NA
569,11,"B11.S1xD1",797,800,"n.length",464.11,NA
570,11,"B11.S1xD1",797,800,"h.length",213.73,NA
570,11,"B11.S1xD1",797,800,"n.length",468.92,NA
571,11,"B11.S1xD1",797,800,"h.length",199.81,NA
571,11,"B11.S1xD1",797,800,"n.length",459.91,NA
572,11,"B11.S1xD1",797,800,"h.length",214.74,NA
572,11,"B11.S1xD1",797,800,"n.length",470.57,NA
573,11,"B11.S1xD1",797,800,"h.length",200.24,NA
573,11,"B11.S1xD1",797,800,"n.length",472.14,NA
574,11,"B11.S1xD1",797,800,"h.length",199.7,NA
574,11,"B11.S1xD1",797,800,"n.length",453.21,NA
575,11,"B11.S1xD1",797,800,"h.length",205.48,NA
575,11,"B11.S1xD1",797,800,"n.length",474.94,NA
2874,11,"B11.S1xD1",797,800,"hatching",1,237
2875,11,"B11.S1xD1",797,800,"hatching",1,237
2876,11,"B11.S1xD1",797,800,"hatching",1,237
2877,11,"B11.S1xD1",797,800,"hatching",1,237
2878,11,"B11.S1xD1",797,800,"hatching",1,237
2879,11,"B11.S1xD1",797,800,"hatching",1,237
2880,11,"B11.S1xD1",797,800,"hatching",1,237
2881,11,"B11.S1xD1",797,800,"hatching",1,237
2882,11,"B11.S1xD1",797,800,"hatching",1,237
2883,11,"B11.S1xD1",797,800,"hatching",1,237
2884,11,"B11.S1xD1",797,800,"hatching",1,237
2885,11,"B11.S1xD1",797,800,"hatching",1,237
2886,11,"B11.S1xD1",797,800,"hatching",1,237
2887,11,"B11.S1xD1",797,800,"hatching",1,237
2888,11,"B11.S1xD1",797,800,"hatching",1,237
2889,11,"B11.S1xD1",797,800,"hatching",0,237
2890,11,"B11.S1xD1",797,800,"hatching",0,237
2891,11,"B11.S1xD1",797,800,"hatching",1,238
2892,11,"B11.S1xD1",797,800,"hatching",1,238
2893,11,"B11.S1xD1",797,800,"hatching",1,238
2894,11,"B11.S1xD1",797,800,"hatching",1,238
2895,11,"B11.S1xD1",797,800,"hatching",1,238
2896,11,"B11.S1xD1",797,800,"hatching",1,238
2897,11,"B11.S1xD1",797,800,"hatching",1,238
2898,11,"B11.S1xD1",797,800,"hatching",1,238
2899,11,"B11.S1xD1",797,800,"hatching",1,238
2900,11,"B11.S1xD1",797,800,"hatching",1,238
2901,11,"B11.S1xD1",797,800,"hatching",1,238
2902,11,"B11.S1xD1",797,800,"hatching",1,238
2903,11,"B11.S1xD1",797,800,"hatching",1,238
2904,11,"B11.S1xD1",797,800,"hatching",1,238
2905,11,"B11.S1xD1",797,800,"hatching",1,238
2906,11,"B11.S1xD1",797,800,"hatching",1,238
2907,11,"B11.S1xD1",797,800,"hatching",1,238
2908,11,"B11.S1xD1",797,800,"hatching",1,238
2909,11,"B11.S1xD1",797,800,"hatching",0,238
2910,11,"B11.S1xD1",797,800,"hatching",0,238
2911,11,"B11.S1xD1",797,800,"hatching",0,238
7573,11,"B11.S1xD1",797,800,"settling",1,239
7574,11,"B11.S1xD1",797,800,"settling",1,239
7575,11,"B11.S1xD1",797,800,"settling",1,239
7576,11,"B11.S1xD1",797,800,"settling",1,239
7577,11,"B11.S1xD1",797,800,"settling",1,239
7578,11,"B11.S1xD1",797,800,"settling",1,239
7579,11,"B11.S1xD1",797,800,"settling",1,239
7580,11,"B11.S1xD1",797,800,"settling",1,239
7581,11,"B11.S1xD1",797,800,"settling",0,239
7582,11,"B11.S1xD1",797,800,"settling",0,239
7583,11,"B11.S1xD1",797,800,"settling",0,239
7584,11,"B11.S1xD1",797,800,"settling",0,239
7585,11,"B11.S1xD1",797,800,"settling",0,239
7586,11,"B11.S1xD1",797,800,"settling",0,239
7587,11,"B11.S1xD1",797,800,"settling",0,239
7588,11,"B11.S1xD1",797,800,"settling",0,239
7589,11,"B11.S1xD1",797,800,"settling",0,239
7590,11,"B11.S1xD1",797,800,"settling",0,239
7591,11,"B11.S1xD1",797,800,"settling",0,239
7592,11,"B11.S1xD1",797,800,"settling",0,239
7593,11,"B11.S1xD1",797,800,"settling",1,240
7594,11,"B11.S1xD1",797,800,"settling",1,240
7595,11,"B11.S1xD1",797,800,"settling",1,240
7596,11,"B11.S1xD1",797,800,"settling",1,240
7597,11,"B11.S1xD1",797,800,"settling",1,240
7598,11,"B11.S1xD1",797,800,"settling",1,240
7599,11,"B11.S1xD1",797,800,"settling",1,240
7600,11,"B11.S1xD1",797,800,"settling",0,240
7601,11,"B11.S1xD1",797,800,"settling",0,240
7602,11,"B11.S1xD1",797,800,"settling",0,240
7603,11,"B11.S1xD1",797,800,"settling",0,240
7604,11,"B11.S1xD1",797,800,"settling",0,240
7605,11,"B11.S1xD1",797,800,"settling",0,240
7606,11,"B11.S1xD1",797,800,"settling",0,240
7607,11,"B11.S1xD1",797,800,"settling",0,240
7608,11,"B11.S1xD1",797,800,"settling",0,240
7609,11,"B11.S1xD1",797,800,"settling",0,240
7610,11,"B11.S1xD1",797,800,"settling",0,240
7611,11,"B11.S1xD1",797,800,"settling",0,240
7612,11,"B11.S1xD1",797,800,"settling",0,240
7613,11,"B11.S1xD1",797,800,"settling",1,241
7614,11,"B11.S1xD1",797,800,"settling",1,241
7615,11,"B11.S1xD1",797,800,"settling",1,241
7616,11,"B11.S1xD1",797,800,"settling",1,241
7617,11,"B11.S1xD1",797,800,"settling",1,241
7618,11,"B11.S1xD1",797,800,"settling",1,241
7619,11,"B11.S1xD1",797,800,"settling",1,241
7620,11,"B11.S1xD1",797,800,"settling",1,241
7621,11,"B11.S1xD1",797,800,"settling",1,241
7622,11,"B11.S1xD1",797,800,"settling",1,241
7623,11,"B11.S1xD1",797,800,"settling",0,241
7624,11,"B11.S1xD1",797,800,"settling",0,241
7625,11,"B11.S1xD1",797,800,"settling",0,241
7626,11,"B11.S1xD1",797,800,"settling",0,241
7627,11,"B11.S1xD1",797,800,"settling",0,241
7628,11,"B11.S1xD1",797,800,"settling",0,241
7629,11,"B11.S1xD1",797,800,"settling",0,241
7630,11,"B11.S1xD1",797,800,"settling",0,241
7631,11,"B11.S1xD1",797,800,"settling",0,241
576,11,"B11.S1xD2",797,801,"h.length",207.77,NA
576,11,"B11.S1xD2",797,801,"n.length",531.05,NA
577,11,"B11.S1xD2",797,801,"h.length",198.36,NA
577,11,"B11.S1xD2",797,801,"n.length",424.5,NA
578,11,"B11.S1xD2",797,801,"h.length",213.58,NA
578,11,"B11.S1xD2",797,801,"n.length",440.23,NA
579,11,"B11.S1xD2",797,801,"h.length",206.54,NA
579,11,"B11.S1xD2",797,801,"n.length",436.94,NA
580,11,"B11.S1xD2",797,801,"h.length",202.65,NA
580,11,"B11.S1xD2",797,801,"n.length",430.27,NA
581,11,"B11.S1xD2",797,801,"h.length",211.68,NA
581,11,"B11.S1xD2",797,801,"n.length",437.24,NA
582,11,"B11.S1xD2",797,801,"h.length",218.85,NA
582,11,"B11.S1xD2",797,801,"n.length",438.73,NA
583,11,"B11.S1xD2",797,801,"h.length",199.6,NA
583,11,"B11.S1xD2",797,801,"n.length",340.84,NA
584,11,"B11.S1xD2",797,801,"h.length",201.36,NA
584,11,"B11.S1xD2",797,801,"n.length",442.96,NA
585,11,"B11.S1xD2",797,801,"h.length",201.31,NA
585,11,"B11.S1xD2",797,801,"n.length",443.02,NA
586,11,"B11.S1xD2",797,801,"h.length",212.24,NA
586,11,"B11.S1xD2",797,801,"n.length",437.6,NA
587,11,"B11.S1xD2",797,801,"h.length",213.81,NA
587,11,"B11.S1xD2",797,801,"n.length",446.12,NA
2912,11,"B11.S1xD2",797,801,"hatching",1,242
2913,11,"B11.S1xD2",797,801,"hatching",1,242
2914,11,"B11.S1xD2",797,801,"hatching",1,242
2915,11,"B11.S1xD2",797,801,"hatching",1,242
2916,11,"B11.S1xD2",797,801,"hatching",1,242
2917,11,"B11.S1xD2",797,801,"hatching",1,242
2918,11,"B11.S1xD2",797,801,"hatching",1,242
2919,11,"B11.S1xD2",797,801,"hatching",1,242
2920,11,"B11.S1xD2",797,801,"hatching",1,242
2921,11,"B11.S1xD2",797,801,"hatching",1,242
2922,11,"B11.S1xD2",797,801,"hatching",1,242
2923,11,"B11.S1xD2",797,801,"hatching",1,242
2924,11,"B11.S1xD2",797,801,"hatching",1,242
2925,11,"B11.S1xD2",797,801,"hatching",1,242
2926,11,"B11.S1xD2",797,801,"hatching",1,242
2927,11,"B11.S1xD2",797,801,"hatching",1,242
2928,11,"B11.S1xD2",797,801,"hatching",1,242
2929,11,"B11.S1xD2",797,801,"hatching",1,242
2930,11,"B11.S1xD2",797,801,"hatching",1,242
2931,11,"B11.S1xD2",797,801,"hatching",0,242
2932,11,"B11.S1xD2",797,801,"hatching",1,243
2933,11,"B11.S1xD2",797,801,"hatching",1,243
2934,11,"B11.S1xD2",797,801,"hatching",1,243
2935,11,"B11.S1xD2",797,801,"hatching",1,243
2936,11,"B11.S1xD2",797,801,"hatching",1,243
2937,11,"B11.S1xD2",797,801,"hatching",1,243
2938,11,"B11.S1xD2",797,801,"hatching",1,243
2939,11,"B11.S1xD2",797,801,"hatching",1,243
2940,11,"B11.S1xD2",797,801,"hatching",1,243
2941,11,"B11.S1xD2",797,801,"hatching",0,243
2942,11,"B11.S1xD2",797,801,"hatching",0,243
2943,11,"B11.S1xD2",797,801,"hatching",0,243
2944,11,"B11.S1xD2",797,801,"hatching",0,243
2945,11,"B11.S1xD2",797,801,"hatching",0,243
2946,11,"B11.S1xD2",797,801,"hatching",0,243
2947,11,"B11.S1xD2",797,801,"hatching",0,243
2948,11,"B11.S1xD2",797,801,"hatching",0,243
7632,11,"B11.S1xD2",797,801,"settling",1,244
7633,11,"B11.S1xD2",797,801,"settling",1,244
7634,11,"B11.S1xD2",797,801,"settling",1,244
7635,11,"B11.S1xD2",797,801,"settling",1,244
7636,11,"B11.S1xD2",797,801,"settling",1,244
7637,11,"B11.S1xD2",797,801,"settling",1,244
7638,11,"B11.S1xD2",797,801,"settling",1,244
7639,11,"B11.S1xD2",797,801,"settling",1,244
7640,11,"B11.S1xD2",797,801,"settling",1,244
7641,11,"B11.S1xD2",797,801,"settling",1,244
7642,11,"B11.S1xD2",797,801,"settling",1,244
7643,11,"B11.S1xD2",797,801,"settling",1,244
7644,11,"B11.S1xD2",797,801,"settling",1,244
7645,11,"B11.S1xD2",797,801,"settling",1,244
7646,11,"B11.S1xD2",797,801,"settling",1,244
7647,11,"B11.S1xD2",797,801,"settling",1,244
7648,11,"B11.S1xD2",797,801,"settling",1,244
7649,11,"B11.S1xD2",797,801,"settling",0,244
7650,11,"B11.S1xD2",797,801,"settling",0,244
7651,11,"B11.S1xD2",797,801,"settling",1,245
7652,11,"B11.S1xD2",797,801,"settling",1,245
7653,11,"B11.S1xD2",797,801,"settling",1,245
7654,11,"B11.S1xD2",797,801,"settling",1,245
7655,11,"B11.S1xD2",797,801,"settling",1,245
7656,11,"B11.S1xD2",797,801,"settling",1,245
7657,11,"B11.S1xD2",797,801,"settling",1,245
7658,11,"B11.S1xD2",797,801,"settling",1,245
7659,11,"B11.S1xD2",797,801,"settling",1,245
7660,11,"B11.S1xD2",797,801,"settling",1,245
7661,11,"B11.S1xD2",797,801,"settling",1,245
7662,11,"B11.S1xD2",797,801,"settling",1,245
7663,11,"B11.S1xD2",797,801,"settling",1,245
7664,11,"B11.S1xD2",797,801,"settling",1,245
7665,11,"B11.S1xD2",797,801,"settling",1,245
7666,11,"B11.S1xD2",797,801,"settling",1,245
7667,11,"B11.S1xD2",797,801,"settling",1,245
7668,11,"B11.S1xD2",797,801,"settling",1,245
7669,11,"B11.S1xD2",797,801,"settling",1,245
7670,11,"B11.S1xD2",797,801,"settling",0,245
7671,11,"B11.S1xD2",797,801,"settling",1,246
7672,11,"B11.S1xD2",797,801,"settling",1,246
7673,11,"B11.S1xD2",797,801,"settling",1,246
7674,11,"B11.S1xD2",797,801,"settling",1,246
7675,11,"B11.S1xD2",797,801,"settling",1,246
7676,11,"B11.S1xD2",797,801,"settling",1,246
7677,11,"B11.S1xD2",797,801,"settling",1,246
7678,11,"B11.S1xD2",797,801,"settling",1,246
7679,11,"B11.S1xD2",797,801,"settling",1,246
7680,11,"B11.S1xD2",797,801,"settling",1,246
7681,11,"B11.S1xD2",797,801,"settling",1,246
7682,11,"B11.S1xD2",797,801,"settling",1,246
7683,11,"B11.S1xD2",797,801,"settling",1,246
7684,11,"B11.S1xD2",797,801,"settling",1,246
7685,11,"B11.S1xD2",797,801,"settling",1,246
7686,11,"B11.S1xD2",797,801,"settling",1,246
7687,11,"B11.S1xD2",797,801,"settling",0,246
7688,11,"B11.S1xD2",797,801,"settling",0,246
7689,11,"B11.S1xD2",797,801,"settling",0,246
588,11,"B11.S1xD3",797,802,"h.length",202.52,NA
588,11,"B11.S1xD3",797,802,"n.length",465.32,NA
589,11,"B11.S1xD3",797,802,"h.length",196.82,NA
589,11,"B11.S1xD3",797,802,"n.length",483.91,NA
590,11,"B11.S1xD3",797,802,"h.length",192.57,NA
590,11,"B11.S1xD3",797,802,"n.length",474.14,NA
591,11,"B11.S1xD3",797,802,"h.length",191.79,NA
591,11,"B11.S1xD3",797,802,"n.length",471.73,NA
592,11,"B11.S1xD3",797,802,"h.length",209.45,NA
592,11,"B11.S1xD3",797,802,"n.length",455.1,NA
593,11,"B11.S1xD3",797,802,"h.length",211.51,NA
593,11,"B11.S1xD3",797,802,"n.length",464.9,NA
594,11,"B11.S1xD3",797,802,"h.length",206.61,NA
594,11,"B11.S1xD3",797,802,"n.length",479.76,NA
595,11,"B11.S1xD3",797,802,"h.length",199.78,NA
595,11,"B11.S1xD3",797,802,"n.length",558.36,NA
596,11,"B11.S1xD3",797,802,"h.length",188.87,NA
596,11,"B11.S1xD3",797,802,"n.length",466.08,NA
597,11,"B11.S1xD3",797,802,"h.length",199.64,NA
597,11,"B11.S1xD3",797,802,"n.length",466.33,NA
598,11,"B11.S1xD3",797,802,"h.length",210.89,NA
598,11,"B11.S1xD3",797,802,"n.length",471.84,NA
599,11,"B11.S1xD3",797,802,"h.length",197.83,NA
599,11,"B11.S1xD3",797,802,"n.length",469.11,NA
2949,11,"B11.S1xD3",797,802,"hatching",1,247
2950,11,"B11.S1xD3",797,802,"hatching",1,247
2951,11,"B11.S1xD3",797,802,"hatching",1,247
2952,11,"B11.S1xD3",797,802,"hatching",1,247
2953,11,"B11.S1xD3",797,802,"hatching",1,247
2954,11,"B11.S1xD3",797,802,"hatching",1,247
2955,11,"B11.S1xD3",797,802,"hatching",1,247
2956,11,"B11.S1xD3",797,802,"hatching",1,247
2957,11,"B11.S1xD3",797,802,"hatching",1,247
2958,11,"B11.S1xD3",797,802,"hatching",1,247
2959,11,"B11.S1xD3",797,802,"hatching",1,247
2960,11,"B11.S1xD3",797,802,"hatching",1,247
2961,11,"B11.S1xD3",797,802,"hatching",1,247
2962,11,"B11.S1xD3",797,802,"hatching",1,247
2963,11,"B11.S1xD3",797,802,"hatching",1,247
2964,11,"B11.S1xD3",797,802,"hatching",1,247
2965,11,"B11.S1xD3",797,802,"hatching",1,247
2966,11,"B11.S1xD3",797,802,"hatching",0,247
2967,11,"B11.S1xD3",797,802,"hatching",0,247
2968,11,"B11.S1xD3",797,802,"hatching",1,248
2969,11,"B11.S1xD3",797,802,"hatching",1,248
2970,11,"B11.S1xD3",797,802,"hatching",1,248
2971,11,"B11.S1xD3",797,802,"hatching",1,248
2972,11,"B11.S1xD3",797,802,"hatching",1,248
2973,11,"B11.S1xD3",797,802,"hatching",1,248
2974,11,"B11.S1xD3",797,802,"hatching",1,248
2975,11,"B11.S1xD3",797,802,"hatching",1,248
2976,11,"B11.S1xD3",797,802,"hatching",1,248
2977,11,"B11.S1xD3",797,802,"hatching",1,248
2978,11,"B11.S1xD3",797,802,"hatching",1,248
2979,11,"B11.S1xD3",797,802,"hatching",1,248
2980,11,"B11.S1xD3",797,802,"hatching",1,248
2981,11,"B11.S1xD3",797,802,"hatching",1,248
2982,11,"B11.S1xD3",797,802,"hatching",1,248
2983,11,"B11.S1xD3",797,802,"hatching",0,248
2984,11,"B11.S1xD3",797,802,"hatching",0,248
7690,11,"B11.S1xD3",797,802,"settling",1,249
7691,11,"B11.S1xD3",797,802,"settling",1,249
7692,11,"B11.S1xD3",797,802,"settling",1,249
7693,11,"B11.S1xD3",797,802,"settling",1,249
7694,11,"B11.S1xD3",797,802,"settling",1,249
7695,11,"B11.S1xD3",797,802,"settling",1,249
7696,11,"B11.S1xD3",797,802,"settling",1,249
7697,11,"B11.S1xD3",797,802,"settling",0,249
7698,11,"B11.S1xD3",797,802,"settling",0,249
7699,11,"B11.S1xD3",797,802,"settling",0,249
7700,11,"B11.S1xD3",797,802,"settling",0,249
7701,11,"B11.S1xD3",797,802,"settling",0,249
7702,11,"B11.S1xD3",797,802,"settling",0,249
7703,11,"B11.S1xD3",797,802,"settling",0,249
7704,11,"B11.S1xD3",797,802,"settling",0,249
7705,11,"B11.S1xD3",797,802,"settling",0,249
7706,11,"B11.S1xD3",797,802,"settling",0,249
7707,11,"B11.S1xD3",797,802,"settling",0,249
7708,11,"B11.S1xD3",797,802,"settling",1,250
7709,11,"B11.S1xD3",797,802,"settling",1,250
7710,11,"B11.S1xD3",797,802,"settling",1,250
7711,11,"B11.S1xD3",797,802,"settling",1,250
7712,11,"B11.S1xD3",797,802,"settling",1,250
7713,11,"B11.S1xD3",797,802,"settling",1,250
7714,11,"B11.S1xD3",797,802,"settling",1,250
7715,11,"B11.S1xD3",797,802,"settling",1,250
7716,11,"B11.S1xD3",797,802,"settling",1,250
7717,11,"B11.S1xD3",797,802,"settling",1,250
7718,11,"B11.S1xD3",797,802,"settling",1,250
7719,11,"B11.S1xD3",797,802,"settling",1,250
7720,11,"B11.S1xD3",797,802,"settling",0,250
7721,11,"B11.S1xD3",797,802,"settling",0,250
7722,11,"B11.S1xD3",797,802,"settling",0,250
7723,11,"B11.S1xD3",797,802,"settling",0,250
7724,11,"B11.S1xD3",797,802,"settling",0,250
7725,11,"B11.S1xD3",797,802,"settling",0,250
7726,11,"B11.S1xD3",797,802,"settling",0,250
7727,11,"B11.S1xD3",797,802,"settling",0,250
7728,11,"B11.S1xD3",797,802,"settling",1,251
7729,11,"B11.S1xD3",797,802,"settling",1,251
7730,11,"B11.S1xD3",797,802,"settling",1,251
7731,11,"B11.S1xD3",797,802,"settling",1,251
7732,11,"B11.S1xD3",797,802,"settling",1,251
7733,11,"B11.S1xD3",797,802,"settling",1,251
7734,11,"B11.S1xD3",797,802,"settling",1,251
7735,11,"B11.S1xD3",797,802,"settling",1,251
7736,11,"B11.S1xD3",797,802,"settling",1,251
7737,11,"B11.S1xD3",797,802,"settling",1,251
7738,11,"B11.S1xD3",797,802,"settling",1,251
7739,11,"B11.S1xD3",797,802,"settling",0,251
7740,11,"B11.S1xD3",797,802,"settling",0,251
7741,11,"B11.S1xD3",797,802,"settling",0,251
7742,11,"B11.S1xD3",797,802,"settling",0,251
7743,11,"B11.S1xD3",797,802,"settling",0,251
7744,11,"B11.S1xD3",797,802,"settling",0,251
7745,11,"B11.S1xD3",797,802,"settling",0,251
7746,11,"B11.S1xD3",797,802,"settling",0,251
7747,11,"B11.S1xD3",797,802,"settling",0,251
600,11,"B11.S2xD1",798,800,"h.length",203.77,NA
600,11,"B11.S2xD1",798,800,"n.length",448.05,NA
601,11,"B11.S2xD1",798,800,"h.length",204.54,NA
601,11,"B11.S2xD1",798,800,"n.length",447.69,NA
602,11,"B11.S2xD1",798,800,"h.length",205.99,NA
602,11,"B11.S2xD1",798,800,"n.length",458.26,NA
603,11,"B11.S2xD1",798,800,"h.length",217.33,NA
603,11,"B11.S2xD1",798,800,"n.length",466.67,NA
604,11,"B11.S2xD1",798,800,"h.length",207.42,NA
604,11,"B11.S2xD1",798,800,"n.length",450.17,NA
605,11,"B11.S2xD1",798,800,"h.length",199.27,NA
605,11,"B11.S2xD1",798,800,"n.length",467.9,NA
606,11,"B11.S2xD1",798,800,"h.length",208.17,NA
606,11,"B11.S2xD1",798,800,"n.length",453.74,NA
607,11,"B11.S2xD1",798,800,"h.length",211.19,NA
607,11,"B11.S2xD1",798,800,"n.length",458.96,NA
608,11,"B11.S2xD1",798,800,"h.length",210.14,NA
608,11,"B11.S2xD1",798,800,"n.length",441.86,NA
609,11,"B11.S2xD1",798,800,"h.length",217.16,NA
609,11,"B11.S2xD1",798,800,"n.length",463.42,NA
610,11,"B11.S2xD1",798,800,"h.length",215.4,NA
610,11,"B11.S2xD1",798,800,"n.length",452.59,NA
611,11,"B11.S2xD1",798,800,"h.length",213.28,NA
611,11,"B11.S2xD1",798,800,"n.length",457.69,NA
2985,11,"B11.S2xD1",798,800,"hatching",1,252
2986,11,"B11.S2xD1",798,800,"hatching",1,252
2987,11,"B11.S2xD1",798,800,"hatching",1,252
2988,11,"B11.S2xD1",798,800,"hatching",1,252
2989,11,"B11.S2xD1",798,800,"hatching",1,252
2990,11,"B11.S2xD1",798,800,"hatching",1,252
2991,11,"B11.S2xD1",798,800,"hatching",1,252
2992,11,"B11.S2xD1",798,800,"hatching",1,252
2993,11,"B11.S2xD1",798,800,"hatching",1,252
2994,11,"B11.S2xD1",798,800,"hatching",1,252
2995,11,"B11.S2xD1",798,800,"hatching",1,252
2996,11,"B11.S2xD1",798,800,"hatching",1,252
2997,11,"B11.S2xD1",798,800,"hatching",1,252
2998,11,"B11.S2xD1",798,800,"hatching",1,252
2999,11,"B11.S2xD1",798,800,"hatching",1,252
3000,11,"B11.S2xD1",798,800,"hatching",1,252
3001,11,"B11.S2xD1",798,800,"hatching",1,252
3002,11,"B11.S2xD1",798,800,"hatching",1,252
3003,11,"B11.S2xD1",798,800,"hatching",1,252
3004,11,"B11.S2xD1",798,800,"hatching",0,252
3005,11,"B11.S2xD1",798,800,"hatching",1,253
3006,11,"B11.S2xD1",798,800,"hatching",1,253
3007,11,"B11.S2xD1",798,800,"hatching",1,253
3008,11,"B11.S2xD1",798,800,"hatching",1,253
3009,11,"B11.S2xD1",798,800,"hatching",1,253
3010,11,"B11.S2xD1",798,800,"hatching",1,253
3011,11,"B11.S2xD1",798,800,"hatching",1,253
3012,11,"B11.S2xD1",798,800,"hatching",1,253
3013,11,"B11.S2xD1",798,800,"hatching",1,253
3014,11,"B11.S2xD1",798,800,"hatching",1,253
3015,11,"B11.S2xD1",798,800,"hatching",1,253
3016,11,"B11.S2xD1",798,800,"hatching",1,253
3017,11,"B11.S2xD1",798,800,"hatching",1,253
3018,11,"B11.S2xD1",798,800,"hatching",1,253
3019,11,"B11.S2xD1",798,800,"hatching",1,253
3020,11,"B11.S2xD1",798,800,"hatching",1,253
3021,11,"B11.S2xD1",798,800,"hatching",1,253
3022,11,"B11.S2xD1",798,800,"hatching",0,253
7748,11,"B11.S2xD1",798,800,"settling",1,254
7749,11,"B11.S2xD1",798,800,"settling",1,254
7750,11,"B11.S2xD1",798,800,"settling",1,254
7751,11,"B11.S2xD1",798,800,"settling",1,254
7752,11,"B11.S2xD1",798,800,"settling",1,254
7753,11,"B11.S2xD1",798,800,"settling",0,254
7754,11,"B11.S2xD1",798,800,"settling",0,254
7755,11,"B11.S2xD1",798,800,"settling",0,254
7756,11,"B11.S2xD1",798,800,"settling",0,254
7757,11,"B11.S2xD1",798,800,"settling",0,254
7758,11,"B11.S2xD1",798,800,"settling",0,254
7759,11,"B11.S2xD1",798,800,"settling",0,254
7760,11,"B11.S2xD1",798,800,"settling",0,254
7761,11,"B11.S2xD1",798,800,"settling",0,254
7762,11,"B11.S2xD1",798,800,"settling",0,254
7763,11,"B11.S2xD1",798,800,"settling",0,254
7764,11,"B11.S2xD1",798,800,"settling",0,254
7765,11,"B11.S2xD1",798,800,"settling",0,254
7766,11,"B11.S2xD1",798,800,"settling",0,254
7767,11,"B11.S2xD1",798,800,"settling",0,254
7768,11,"B11.S2xD1",798,800,"settling",0,254
7769,11,"B11.S2xD1",798,800,"settling",1,255
7770,11,"B11.S2xD1",798,800,"settling",1,255
7771,11,"B11.S2xD1",798,800,"settling",1,255
7772,11,"B11.S2xD1",798,800,"settling",1,255
7773,11,"B11.S2xD1",798,800,"settling",1,255
7774,11,"B11.S2xD1",798,800,"settling",1,255
7775,11,"B11.S2xD1",798,800,"settling",1,255
7776,11,"B11.S2xD1",798,800,"settling",1,255
7777,11,"B11.S2xD1",798,800,"settling",1,255
7778,11,"B11.S2xD1",798,800,"settling",1,255
7779,11,"B11.S2xD1",798,800,"settling",1,255
7780,11,"B11.S2xD1",798,800,"settling",0,255
7781,11,"B11.S2xD1",798,800,"settling",0,255
7782,11,"B11.S2xD1",798,800,"settling",0,255
7783,11,"B11.S2xD1",798,800,"settling",0,255
7784,11,"B11.S2xD1",798,800,"settling",0,255
7785,11,"B11.S2xD1",798,800,"settling",0,255
7786,11,"B11.S2xD1",798,800,"settling",0,255
7787,11,"B11.S2xD1",798,800,"settling",0,255
7788,11,"B11.S2xD1",798,800,"settling",0,255
612,11,"B11.S2xD2",798,801,"h.length",199.93,NA
612,11,"B11.S2xD2",798,801,"n.length",423.39,NA
613,11,"B11.S2xD2",798,801,"h.length",188.32,NA
613,11,"B11.S2xD2",798,801,"n.length",417.63,NA
614,11,"B11.S2xD2",798,801,"h.length",209.14,NA
614,11,"B11.S2xD2",798,801,"n.length",425.84,NA
615,11,"B11.S2xD2",798,801,"h.length",213.07,NA
615,11,"B11.S2xD2",798,801,"n.length",465.85,NA
616,11,"B11.S2xD2",798,801,"h.length",192.34,NA
616,11,"B11.S2xD2",798,801,"n.length",346.66,NA
617,11,"B11.S2xD2",798,801,"h.length",213.04,NA
617,11,"B11.S2xD2",798,801,"n.length",335.36,NA
618,11,"B11.S2xD2",798,801,"h.length",211.72,NA
618,11,"B11.S2xD2",798,801,"n.length",443.58,NA
619,11,"B11.S2xD2",798,801,"h.length",205.29,NA
619,11,"B11.S2xD2",798,801,"n.length",439.02,NA
620,11,"B11.S2xD2",798,801,"h.length",204.52,NA
620,11,"B11.S2xD2",798,801,"n.length",446.83,NA
621,11,"B11.S2xD2",798,801,"h.length",206.65,NA
621,11,"B11.S2xD2",798,801,"n.length",421.78,NA
622,11,"B11.S2xD2",798,801,"h.length",223.1,NA
622,11,"B11.S2xD2",798,801,"n.length",451.17,NA
623,11,"B11.S2xD2",798,801,"h.length",213.29,NA
623,11,"B11.S2xD2",798,801,"n.length",454.17,NA
3023,11,"B11.S2xD2",798,801,"hatching",1,257
3024,11,"B11.S2xD2",798,801,"hatching",1,257
3025,11,"B11.S2xD2",798,801,"hatching",1,257
3026,11,"B11.S2xD2",798,801,"hatching",1,257
3027,11,"B11.S2xD2",798,801,"hatching",1,257
3028,11,"B11.S2xD2",798,801,"hatching",1,257
3029,11,"B11.S2xD2",798,801,"hatching",1,257
3030,11,"B11.S2xD2",798,801,"hatching",1,257
3031,11,"B11.S2xD2",798,801,"hatching",1,257
3032,11,"B11.S2xD2",798,801,"hatching",1,257
3033,11,"B11.S2xD2",798,801,"hatching",1,257
3034,11,"B11.S2xD2",798,801,"hatching",1,257
3035,11,"B11.S2xD2",798,801,"hatching",1,257
3036,11,"B11.S2xD2",798,801,"hatching",1,257
3037,11,"B11.S2xD2",798,801,"hatching",1,257
3038,11,"B11.S2xD2",798,801,"hatching",1,257
3039,11,"B11.S2xD2",798,801,"hatching",1,257
3040,11,"B11.S2xD2",798,801,"hatching",1,257
3041,11,"B11.S2xD2",798,801,"hatching",0,257
3042,11,"B11.S2xD2",798,801,"hatching",0,257
3043,11,"B11.S2xD2",798,801,"hatching",0,257
3044,11,"B11.S2xD2",798,801,"hatching",1,258
3045,11,"B11.S2xD2",798,801,"hatching",1,258
3046,11,"B11.S2xD2",798,801,"hatching",1,258
3047,11,"B11.S2xD2",798,801,"hatching",1,258
3048,11,"B11.S2xD2",798,801,"hatching",1,258
3049,11,"B11.S2xD2",798,801,"hatching",1,258
3050,11,"B11.S2xD2",798,801,"hatching",1,258
3051,11,"B11.S2xD2",798,801,"hatching",1,258
3052,11,"B11.S2xD2",798,801,"hatching",1,258
3053,11,"B11.S2xD2",798,801,"hatching",1,258
3054,11,"B11.S2xD2",798,801,"hatching",1,258
3055,11,"B11.S2xD2",798,801,"hatching",1,258
3056,11,"B11.S2xD2",798,801,"hatching",0,258
3057,11,"B11.S2xD2",798,801,"hatching",0,258
3058,11,"B11.S2xD2",798,801,"hatching",0,258
3059,11,"B11.S2xD2",798,801,"hatching",0,258
3060,11,"B11.S2xD2",798,801,"hatching",0,258
3061,11,"B11.S2xD2",798,801,"hatching",0,258
7789,11,"B11.S2xD2",798,801,"settling",1,259
7790,11,"B11.S2xD2",798,801,"settling",1,259
7791,11,"B11.S2xD2",798,801,"settling",1,259
7792,11,"B11.S2xD2",798,801,"settling",1,259
7793,11,"B11.S2xD2",798,801,"settling",1,259
7794,11,"B11.S2xD2",798,801,"settling",1,259
7795,11,"B11.S2xD2",798,801,"settling",1,259
7796,11,"B11.S2xD2",798,801,"settling",1,259
7797,11,"B11.S2xD2",798,801,"settling",1,259
7798,11,"B11.S2xD2",798,801,"settling",1,259
7799,11,"B11.S2xD2",798,801,"settling",1,259
7800,11,"B11.S2xD2",798,801,"settling",1,259
7801,11,"B11.S2xD2",798,801,"settling",1,259
7802,11,"B11.S2xD2",798,801,"settling",1,259
7803,11,"B11.S2xD2",798,801,"settling",1,259
7804,11,"B11.S2xD2",798,801,"settling",1,259
7805,11,"B11.S2xD2",798,801,"settling",0,259
7806,11,"B11.S2xD2",798,801,"settling",0,259
7807,11,"B11.S2xD2",798,801,"settling",0,259
7808,11,"B11.S2xD2",798,801,"settling",0,259
7809,11,"B11.S2xD2",798,801,"settling",0,259
7810,11,"B11.S2xD2",798,801,"settling",1,260
7811,11,"B11.S2xD2",798,801,"settling",1,260
7812,11,"B11.S2xD2",798,801,"settling",1,260
7813,11,"B11.S2xD2",798,801,"settling",1,260
7814,11,"B11.S2xD2",798,801,"settling",1,260
7815,11,"B11.S2xD2",798,801,"settling",1,260
7816,11,"B11.S2xD2",798,801,"settling",1,260
7817,11,"B11.S2xD2",798,801,"settling",1,260
7818,11,"B11.S2xD2",798,801,"settling",1,260
7819,11,"B11.S2xD2",798,801,"settling",1,260
7820,11,"B11.S2xD2",798,801,"settling",1,260
7821,11,"B11.S2xD2",798,801,"settling",1,260
7822,11,"B11.S2xD2",798,801,"settling",1,260
7823,11,"B11.S2xD2",798,801,"settling",1,260
7824,11,"B11.S2xD2",798,801,"settling",0,260
7825,11,"B11.S2xD2",798,801,"settling",0,260
7826,11,"B11.S2xD2",798,801,"settling",0,260
7827,11,"B11.S2xD2",798,801,"settling",0,260
7828,11,"B11.S2xD2",798,801,"settling",0,260
7829,11,"B11.S2xD2",798,801,"settling",0,260
7830,11,"B11.S2xD2",798,801,"settling",1,261
7831,11,"B11.S2xD2",798,801,"settling",1,261
7832,11,"B11.S2xD2",798,801,"settling",1,261
7833,11,"B11.S2xD2",798,801,"settling",1,261
7834,11,"B11.S2xD2",798,801,"settling",1,261
7835,11,"B11.S2xD2",798,801,"settling",1,261
7836,11,"B11.S2xD2",798,801,"settling",1,261
7837,11,"B11.S2xD2",798,801,"settling",1,261
7838,11,"B11.S2xD2",798,801,"settling",1,261
7839,11,"B11.S2xD2",798,801,"settling",1,261
7840,11,"B11.S2xD2",798,801,"settling",1,261
7841,11,"B11.S2xD2",798,801,"settling",1,261
7842,11,"B11.S2xD2",798,801,"settling",1,261
7843,11,"B11.S2xD2",798,801,"settling",1,261
7844,11,"B11.S2xD2",798,801,"settling",0,261
7845,11,"B11.S2xD2",798,801,"settling",0,261
7846,11,"B11.S2xD2",798,801,"settling",0,261
7847,11,"B11.S2xD2",798,801,"settling",0,261
7848,11,"B11.S2xD2",798,801,"settling",0,261
624,11,"B11.S2xD3",798,802,"h.length",206.98,NA
624,11,"B11.S2xD3",798,802,"n.length",456.08,NA
625,11,"B11.S2xD3",798,802,"h.length",203.97,NA
625,11,"B11.S2xD3",798,802,"n.length",451.47,NA
626,11,"B11.S2xD3",798,802,"h.length",207.02,NA
626,11,"B11.S2xD3",798,802,"n.length",443.74,NA
627,11,"B11.S2xD3",798,802,"h.length",200.17,NA
627,11,"B11.S2xD3",798,802,"n.length",478.02,NA
628,11,"B11.S2xD3",798,802,"h.length",206.99,NA
628,11,"B11.S2xD3",798,802,"n.length",464.69,NA
629,11,"B11.S2xD3",798,802,"h.length",206.2,NA
629,11,"B11.S2xD3",798,802,"n.length",466.27,NA
630,11,"B11.S2xD3",798,802,"h.length",206.04,NA
630,11,"B11.S2xD3",798,802,"n.length",463.76,NA
631,11,"B11.S2xD3",798,802,"h.length",208.89,NA
631,11,"B11.S2xD3",798,802,"n.length",470.58,NA
632,11,"B11.S2xD3",798,802,"h.length",210.93,NA
632,11,"B11.S2xD3",798,802,"n.length",476.25,NA
633,11,"B11.S2xD3",798,802,"h.length",206.17,NA
633,11,"B11.S2xD3",798,802,"n.length",487.31,NA
634,11,"B11.S2xD3",798,802,"h.length",186.71,NA
634,11,"B11.S2xD3",798,802,"n.length",453.47,NA
635,11,"B11.S2xD3",798,802,"h.length",202.68,NA
635,11,"B11.S2xD3",798,802,"n.length",461.34,NA
3062,11,"B11.S2xD3",798,802,"hatching",1,262
3063,11,"B11.S2xD3",798,802,"hatching",1,262
3064,11,"B11.S2xD3",798,802,"hatching",1,262
3065,11,"B11.S2xD3",798,802,"hatching",1,262
3066,11,"B11.S2xD3",798,802,"hatching",1,262
3067,11,"B11.S2xD3",798,802,"hatching",1,262
3068,11,"B11.S2xD3",798,802,"hatching",1,262
3069,11,"B11.S2xD3",798,802,"hatching",1,262
3070,11,"B11.S2xD3",798,802,"hatching",1,262
3071,11,"B11.S2xD3",798,802,"hatching",1,262
3072,11,"B11.S2xD3",798,802,"hatching",1,262
3073,11,"B11.S2xD3",798,802,"hatching",1,262
3074,11,"B11.S2xD3",798,802,"hatching",1,262
3075,11,"B11.S2xD3",798,802,"hatching",1,262
3076,11,"B11.S2xD3",798,802,"hatching",0,262
3077,11,"B11.S2xD3",798,802,"hatching",0,262
3078,11,"B11.S2xD3",798,802,"hatching",0,262
3079,11,"B11.S2xD3",798,802,"hatching",1,263
3080,11,"B11.S2xD3",798,802,"hatching",1,263
3081,11,"B11.S2xD3",798,802,"hatching",1,263
3082,11,"B11.S2xD3",798,802,"hatching",1,263
3083,11,"B11.S2xD3",798,802,"hatching",1,263
3084,11,"B11.S2xD3",798,802,"hatching",1,263
3085,11,"B11.S2xD3",798,802,"hatching",1,263
3086,11,"B11.S2xD3",798,802,"hatching",1,263
3087,11,"B11.S2xD3",798,802,"hatching",1,263
3088,11,"B11.S2xD3",798,802,"hatching",1,263
3089,11,"B11.S2xD3",798,802,"hatching",1,263
3090,11,"B11.S2xD3",798,802,"hatching",1,263
3091,11,"B11.S2xD3",798,802,"hatching",1,263
3092,11,"B11.S2xD3",798,802,"hatching",0,263
7849,11,"B11.S2xD3",798,802,"settling",1,264
7850,11,"B11.S2xD3",798,802,"settling",1,264
7851,11,"B11.S2xD3",798,802,"settling",1,264
7852,11,"B11.S2xD3",798,802,"settling",1,264
7853,11,"B11.S2xD3",798,802,"settling",1,264
7854,11,"B11.S2xD3",798,802,"settling",1,264
7855,11,"B11.S2xD3",798,802,"settling",1,264
7856,11,"B11.S2xD3",798,802,"settling",0,264
7857,11,"B11.S2xD3",798,802,"settling",0,264
7858,11,"B11.S2xD3",798,802,"settling",0,264
7859,11,"B11.S2xD3",798,802,"settling",0,264
7860,11,"B11.S2xD3",798,802,"settling",0,264
7861,11,"B11.S2xD3",798,802,"settling",0,264
7862,11,"B11.S2xD3",798,802,"settling",0,264
7863,11,"B11.S2xD3",798,802,"settling",0,264
7864,11,"B11.S2xD3",798,802,"settling",0,264
7865,11,"B11.S2xD3",798,802,"settling",0,264
7866,11,"B11.S2xD3",798,802,"settling",0,264
7867,11,"B11.S2xD3",798,802,"settling",0,264
7868,11,"B11.S2xD3",798,802,"settling",1,265
7869,11,"B11.S2xD3",798,802,"settling",1,265
7870,11,"B11.S2xD3",798,802,"settling",1,265
7871,11,"B11.S2xD3",798,802,"settling",1,265
7872,11,"B11.S2xD3",798,802,"settling",1,265
7873,11,"B11.S2xD3",798,802,"settling",1,265
7874,11,"B11.S2xD3",798,802,"settling",1,265
7875,11,"B11.S2xD3",798,802,"settling",1,265
7876,11,"B11.S2xD3",798,802,"settling",1,265
7877,11,"B11.S2xD3",798,802,"settling",1,265
7878,11,"B11.S2xD3",798,802,"settling",1,265
7879,11,"B11.S2xD3",798,802,"settling",1,265
7880,11,"B11.S2xD3",798,802,"settling",1,265
7881,11,"B11.S2xD3",798,802,"settling",0,265
7882,11,"B11.S2xD3",798,802,"settling",0,265
7883,11,"B11.S2xD3",798,802,"settling",0,265
7884,11,"B11.S2xD3",798,802,"settling",0,265
7885,11,"B11.S2xD3",798,802,"settling",0,265
7886,11,"B11.S2xD3",798,802,"settling",0,265
7887,11,"B11.S2xD3",798,802,"settling",0,265
7888,11,"B11.S2xD3",798,802,"settling",0,265
7889,11,"B11.S2xD3",798,802,"settling",0,265
7890,11,"B11.S2xD3",798,802,"settling",1,266
7891,11,"B11.S2xD3",798,802,"settling",1,266
7892,11,"B11.S2xD3",798,802,"settling",1,266
7893,11,"B11.S2xD3",798,802,"settling",1,266
7894,11,"B11.S2xD3",798,802,"settling",1,266
7895,11,"B11.S2xD3",798,802,"settling",1,266
7896,11,"B11.S2xD3",798,802,"settling",0,266
7897,11,"B11.S2xD3",798,802,"settling",0,266
7898,11,"B11.S2xD3",798,802,"settling",0,266
7899,11,"B11.S2xD3",798,802,"settling",0,266
7900,11,"B11.S2xD3",798,802,"settling",0,266
7901,11,"B11.S2xD3",798,802,"settling",0,266
7902,11,"B11.S2xD3",798,802,"settling",0,266
7903,11,"B11.S2xD3",798,802,"settling",0,266
7904,11,"B11.S2xD3",798,802,"settling",0,266
7905,11,"B11.S2xD3",798,802,"settling",0,266
7906,11,"B11.S2xD3",798,802,"settling",0,266
7907,11,"B11.S2xD3",798,802,"settling",0,266
636,11,"B11.S3xD1",799,800,"h.length",212.39,NA
636,11,"B11.S3xD1",799,800,"n.length",469.91,NA
637,11,"B11.S3xD1",799,800,"h.length",200,NA
637,11,"B11.S3xD1",799,800,"n.length",465.86,NA
638,11,"B11.S3xD1",799,800,"h.length",204.26,NA
638,11,"B11.S3xD1",799,800,"n.length",487.31,NA
639,11,"B11.S3xD1",799,800,"h.length",217.93,NA
639,11,"B11.S3xD1",799,800,"n.length",472.88,NA
640,11,"B11.S3xD1",799,800,"h.length",213.47,NA
640,11,"B11.S3xD1",799,800,"n.length",472.3,NA
641,11,"B11.S3xD1",799,800,"h.length",208.81,NA
641,11,"B11.S3xD1",799,800,"n.length",473.28,NA
642,11,"B11.S3xD1",799,800,"h.length",212.31,NA
642,11,"B11.S3xD1",799,800,"n.length",472,NA
643,11,"B11.S3xD1",799,800,"h.length",214.85,NA
643,11,"B11.S3xD1",799,800,"n.length",448.34,NA
644,11,"B11.S3xD1",799,800,"h.length",210.76,NA
644,11,"B11.S3xD1",799,800,"n.length",474.4,NA
645,11,"B11.S3xD1",799,800,"h.length",210.81,NA
645,11,"B11.S3xD1",799,800,"n.length",464.84,NA
646,11,"B11.S3xD1",799,800,"h.length",216.79,NA
646,11,"B11.S3xD1",799,800,"n.length",466.08,NA
647,11,"B11.S3xD1",799,800,"h.length",206.22,NA
647,11,"B11.S3xD1",799,800,"n.length",450.89,NA
3093,11,"B11.S3xD1",799,800,"hatching",1,267
3094,11,"B11.S3xD1",799,800,"hatching",1,267
3095,11,"B11.S3xD1",799,800,"hatching",1,267
3096,11,"B11.S3xD1",799,800,"hatching",1,267
3097,11,"B11.S3xD1",799,800,"hatching",1,267
3098,11,"B11.S3xD1",799,800,"hatching",1,267
3099,11,"B11.S3xD1",799,800,"hatching",1,267
3100,11,"B11.S3xD1",799,800,"hatching",1,267
3101,11,"B11.S3xD1",799,800,"hatching",1,267
3102,11,"B11.S3xD1",799,800,"hatching",1,267
3103,11,"B11.S3xD1",799,800,"hatching",1,267
3104,11,"B11.S3xD1",799,800,"hatching",1,267
3105,11,"B11.S3xD1",799,800,"hatching",1,267
3106,11,"B11.S3xD1",799,800,"hatching",1,267
3107,11,"B11.S3xD1",799,800,"hatching",0,267
3108,11,"B11.S3xD1",799,800,"hatching",0,267
3109,11,"B11.S3xD1",799,800,"hatching",0,267
3110,11,"B11.S3xD1",799,800,"hatching",1,268
3111,11,"B11.S3xD1",799,800,"hatching",1,268
3112,11,"B11.S3xD1",799,800,"hatching",1,268
3113,11,"B11.S3xD1",799,800,"hatching",1,268
3114,11,"B11.S3xD1",799,800,"hatching",1,268
3115,11,"B11.S3xD1",799,800,"hatching",1,268
3116,11,"B11.S3xD1",799,800,"hatching",1,268
3117,11,"B11.S3xD1",799,800,"hatching",1,268
3118,11,"B11.S3xD1",799,800,"hatching",1,268
3119,11,"B11.S3xD1",799,800,"hatching",1,268
3120,11,"B11.S3xD1",799,800,"hatching",1,268
3121,11,"B11.S3xD1",799,800,"hatching",1,268
3122,11,"B11.S3xD1",799,800,"hatching",1,268
3123,11,"B11.S3xD1",799,800,"hatching",1,268
3124,11,"B11.S3xD1",799,800,"hatching",1,268
3125,11,"B11.S3xD1",799,800,"hatching",1,268
3126,11,"B11.S3xD1",799,800,"hatching",1,268
3127,11,"B11.S3xD1",799,800,"hatching",1,268
3128,11,"B11.S3xD1",799,800,"hatching",0,268
7908,11,"B11.S3xD1",799,800,"settling",1,269
7909,11,"B11.S3xD1",799,800,"settling",1,269
7910,11,"B11.S3xD1",799,800,"settling",1,269
7911,11,"B11.S3xD1",799,800,"settling",1,269
7912,11,"B11.S3xD1",799,800,"settling",1,269
7913,11,"B11.S3xD1",799,800,"settling",1,269
7914,11,"B11.S3xD1",799,800,"settling",1,269
7915,11,"B11.S3xD1",799,800,"settling",0,269
7916,11,"B11.S3xD1",799,800,"settling",0,269
7917,11,"B11.S3xD1",799,800,"settling",0,269
7918,11,"B11.S3xD1",799,800,"settling",0,269
7919,11,"B11.S3xD1",799,800,"settling",0,269
7920,11,"B11.S3xD1",799,800,"settling",0,269
7921,11,"B11.S3xD1",799,800,"settling",0,269
7922,11,"B11.S3xD1",799,800,"settling",0,269
7923,11,"B11.S3xD1",799,800,"settling",0,269
7924,11,"B11.S3xD1",799,800,"settling",0,269
7925,11,"B11.S3xD1",799,800,"settling",0,269
7926,11,"B11.S3xD1",799,800,"settling",0,269
7927,11,"B11.S3xD1",799,800,"settling",0,269
7928,11,"B11.S3xD1",799,800,"settling",0,269
7929,11,"B11.S3xD1",799,800,"settling",1,270
7930,11,"B11.S3xD1",799,800,"settling",1,270
7931,11,"B11.S3xD1",799,800,"settling",1,270
7932,11,"B11.S3xD1",799,800,"settling",1,270
7933,11,"B11.S3xD1",799,800,"settling",1,270
7934,11,"B11.S3xD1",799,800,"settling",1,270
7935,11,"B11.S3xD1",799,800,"settling",0,270
7936,11,"B11.S3xD1",799,800,"settling",0,270
7937,11,"B11.S3xD1",799,800,"settling",0,270
7938,11,"B11.S3xD1",799,800,"settling",0,270
7939,11,"B11.S3xD1",799,800,"settling",0,270
7940,11,"B11.S3xD1",799,800,"settling",0,270
7941,11,"B11.S3xD1",799,800,"settling",0,270
7942,11,"B11.S3xD1",799,800,"settling",0,270
7943,11,"B11.S3xD1",799,800,"settling",0,270
7944,11,"B11.S3xD1",799,800,"settling",0,270
7945,11,"B11.S3xD1",799,800,"settling",0,270
7946,11,"B11.S3xD1",799,800,"settling",0,270
7947,11,"B11.S3xD1",799,800,"settling",0,270
7948,11,"B11.S3xD1",799,800,"settling",1,271
7949,11,"B11.S3xD1",799,800,"settling",1,271
7950,11,"B11.S3xD1",799,800,"settling",1,271
7951,11,"B11.S3xD1",799,800,"settling",0,271
7952,11,"B11.S3xD1",799,800,"settling",0,271
7953,11,"B11.S3xD1",799,800,"settling",0,271
7954,11,"B11.S3xD1",799,800,"settling",0,271
7955,11,"B11.S3xD1",799,800,"settling",0,271
7956,11,"B11.S3xD1",799,800,"settling",0,271
7957,11,"B11.S3xD1",799,800,"settling",0,271
7958,11,"B11.S3xD1",799,800,"settling",0,271
7959,11,"B11.S3xD1",799,800,"settling",0,271
7960,11,"B11.S3xD1",799,800,"settling",0,271
7961,11,"B11.S3xD1",799,800,"settling",0,271
7962,11,"B11.S3xD1",799,800,"settling",0,271
7963,11,"B11.S3xD1",799,800,"settling",0,271
648,11,"B11.S3xD2",799,801,"h.length",214.32,NA
648,11,"B11.S3xD2",799,801,"n.length",401.56,NA
649,11,"B11.S3xD2",799,801,"h.length",201.36,NA
649,11,"B11.S3xD2",799,801,"n.length",436.21,NA
650,11,"B11.S3xD2",799,801,"h.length",211.74,NA
650,11,"B11.S3xD2",799,801,"n.length",446.94,NA
651,11,"B11.S3xD2",799,801,"h.length",210.66,NA
651,11,"B11.S3xD2",799,801,"n.length",449.64,NA
652,11,"B11.S3xD2",799,801,"h.length",212.04,NA
652,11,"B11.S3xD2",799,801,"n.length",435.93,NA
653,11,"B11.S3xD2",799,801,"h.length",206.23,NA
653,11,"B11.S3xD2",799,801,"n.length",438.49,NA
654,11,"B11.S3xD2",799,801,"h.length",202.96,NA
654,11,"B11.S3xD2",799,801,"n.length",453.52,NA
655,11,"B11.S3xD2",799,801,"h.length",206.41,NA
655,11,"B11.S3xD2",799,801,"n.length",435.97,NA
656,11,"B11.S3xD2",799,801,"h.length",220.57,NA
656,11,"B11.S3xD2",799,801,"n.length",438.58,NA
657,11,"B11.S3xD2",799,801,"h.length",207.16,NA
657,11,"B11.S3xD2",799,801,"n.length",436.34,NA
658,11,"B11.S3xD2",799,801,"h.length",212.97,NA
658,11,"B11.S3xD2",799,801,"n.length",411.62,NA
659,11,"B11.S3xD2",799,801,"h.length",203.37,NA
659,11,"B11.S3xD2",799,801,"n.length",432.81,NA
3129,11,"B11.S3xD2",799,801,"hatching",1,272
3130,11,"B11.S3xD2",799,801,"hatching",1,272
3131,11,"B11.S3xD2",799,801,"hatching",1,272
3132,11,"B11.S3xD2",799,801,"hatching",1,272
3133,11,"B11.S3xD2",799,801,"hatching",1,272
3134,11,"B11.S3xD2",799,801,"hatching",1,272
3135,11,"B11.S3xD2",799,801,"hatching",1,272
3136,11,"B11.S3xD2",799,801,"hatching",1,272
3137,11,"B11.S3xD2",799,801,"hatching",1,272
3138,11,"B11.S3xD2",799,801,"hatching",1,272
3139,11,"B11.S3xD2",799,801,"hatching",1,272
3140,11,"B11.S3xD2",799,801,"hatching",1,272
3141,11,"B11.S3xD2",799,801,"hatching",1,272
3142,11,"B11.S3xD2",799,801,"hatching",1,272
3143,11,"B11.S3xD2",799,801,"hatching",1,272
3144,11,"B11.S3xD2",799,801,"hatching",1,272
3145,11,"B11.S3xD2",799,801,"hatching",0,272
3146,11,"B11.S3xD2",799,801,"hatching",0,272
3147,11,"B11.S3xD2",799,801,"hatching",0,272
3148,11,"B11.S3xD2",799,801,"hatching",0,272
3149,11,"B11.S3xD2",799,801,"hatching",0,272
3150,11,"B11.S3xD2",799,801,"hatching",1,273
3151,11,"B11.S3xD2",799,801,"hatching",1,273
3152,11,"B11.S3xD2",799,801,"hatching",1,273
3153,11,"B11.S3xD2",799,801,"hatching",1,273
3154,11,"B11.S3xD2",799,801,"hatching",1,273
3155,11,"B11.S3xD2",799,801,"hatching",1,273
3156,11,"B11.S3xD2",799,801,"hatching",1,273
3157,11,"B11.S3xD2",799,801,"hatching",1,273
3158,11,"B11.S3xD2",799,801,"hatching",1,273
3159,11,"B11.S3xD2",799,801,"hatching",1,273
3160,11,"B11.S3xD2",799,801,"hatching",1,273
3161,11,"B11.S3xD2",799,801,"hatching",1,273
3162,11,"B11.S3xD2",799,801,"hatching",1,273
3163,11,"B11.S3xD2",799,801,"hatching",1,273
3164,11,"B11.S3xD2",799,801,"hatching",1,273
3165,11,"B11.S3xD2",799,801,"hatching",0,273
3166,11,"B11.S3xD2",799,801,"hatching",0,273
3167,11,"B11.S3xD2",799,801,"hatching",0,273
3168,11,"B11.S3xD2",799,801,"hatching",0,273
3169,11,"B11.S3xD2",799,801,"hatching",0,273
7964,11,"B11.S3xD2",799,801,"settling",1,274
7965,11,"B11.S3xD2",799,801,"settling",1,274
7966,11,"B11.S3xD2",799,801,"settling",1,274
7967,11,"B11.S3xD2",799,801,"settling",1,274
7968,11,"B11.S3xD2",799,801,"settling",1,274
7969,11,"B11.S3xD2",799,801,"settling",1,274
7970,11,"B11.S3xD2",799,801,"settling",1,274
7971,11,"B11.S3xD2",799,801,"settling",1,274
7972,11,"B11.S3xD2",799,801,"settling",1,274
7973,11,"B11.S3xD2",799,801,"settling",1,274
7974,11,"B11.S3xD2",799,801,"settling",1,274
7975,11,"B11.S3xD2",799,801,"settling",1,274
7976,11,"B11.S3xD2",799,801,"settling",1,274
7977,11,"B11.S3xD2",799,801,"settling",1,274
7978,11,"B11.S3xD2",799,801,"settling",1,274
7979,11,"B11.S3xD2",799,801,"settling",1,274
7980,11,"B11.S3xD2",799,801,"settling",1,274
7981,11,"B11.S3xD2",799,801,"settling",1,274
7982,11,"B11.S3xD2",799,801,"settling",0,274
7983,11,"B11.S3xD2",799,801,"settling",0,274
7984,11,"B11.S3xD2",799,801,"settling",0,274
7985,11,"B11.S3xD2",799,801,"settling",0,274
7986,11,"B11.S3xD2",799,801,"settling",0,274
7987,11,"B11.S3xD2",799,801,"settling",0,274
7988,11,"B11.S3xD2",799,801,"settling",0,274
7989,11,"B11.S3xD2",799,801,"settling",0,274
7990,11,"B11.S3xD2",799,801,"settling",0,274
7991,11,"B11.S3xD2",799,801,"settling",0,274
7992,11,"B11.S3xD2",799,801,"settling",0,274
7993,11,"B11.S3xD2",799,801,"settling",1,275
7994,11,"B11.S3xD2",799,801,"settling",1,275
7995,11,"B11.S3xD2",799,801,"settling",1,275
7996,11,"B11.S3xD2",799,801,"settling",1,275
7997,11,"B11.S3xD2",799,801,"settling",1,275
7998,11,"B11.S3xD2",799,801,"settling",1,275
7999,11,"B11.S3xD2",799,801,"settling",0,275
8000,11,"B11.S3xD2",799,801,"settling",0,275
8001,11,"B11.S3xD2",799,801,"settling",0,275
8002,11,"B11.S3xD2",799,801,"settling",0,275
8003,11,"B11.S3xD2",799,801,"settling",0,275
8004,11,"B11.S3xD2",799,801,"settling",0,275
8005,11,"B11.S3xD2",799,801,"settling",0,275
8006,11,"B11.S3xD2",799,801,"settling",0,275
8007,11,"B11.S3xD2",799,801,"settling",0,275
8008,11,"B11.S3xD2",799,801,"settling",0,275
8009,11,"B11.S3xD2",799,801,"settling",0,275
8010,11,"B11.S3xD2",799,801,"settling",0,275
8011,11,"B11.S3xD2",799,801,"settling",0,275
8012,11,"B11.S3xD2",799,801,"settling",0,275
8013,11,"B11.S3xD2",799,801,"settling",1,276
8014,11,"B11.S3xD2",799,801,"settling",1,276
8015,11,"B11.S3xD2",799,801,"settling",1,276
8016,11,"B11.S3xD2",799,801,"settling",1,276
8017,11,"B11.S3xD2",799,801,"settling",1,276
8018,11,"B11.S3xD2",799,801,"settling",1,276
8019,11,"B11.S3xD2",799,801,"settling",1,276
8020,11,"B11.S3xD2",799,801,"settling",1,276
8021,11,"B11.S3xD2",799,801,"settling",0,276
8022,11,"B11.S3xD2",799,801,"settling",0,276
8023,11,"B11.S3xD2",799,801,"settling",0,276
8024,11,"B11.S3xD2",799,801,"settling",0,276
8025,11,"B11.S3xD2",799,801,"settling",0,276
8026,11,"B11.S3xD2",799,801,"settling",0,276
8027,11,"B11.S3xD2",799,801,"settling",0,276
8028,11,"B11.S3xD2",799,801,"settling",0,276
8029,11,"B11.S3xD2",799,801,"settling",0,276
8030,11,"B11.S3xD2",799,801,"settling",0,276
8031,11,"B11.S3xD2",799,801,"settling",0,276
660,11,"B11.S3xD3",799,802,"h.length",213.81,NA
660,11,"B11.S3xD3",799,802,"n.length",413.16,NA
661,11,"B11.S3xD3",799,802,"h.length",201.61,NA
661,11,"B11.S3xD3",799,802,"n.length",499.47,NA
662,11,"B11.S3xD3",799,802,"h.length",207.92,NA
662,11,"B11.S3xD3",799,802,"n.length",455.75,NA
663,11,"B11.S3xD3",799,802,"h.length",210.34,NA
663,11,"B11.S3xD3",799,802,"n.length",485.36,NA
664,11,"B11.S3xD3",799,802,"h.length",207.79,NA
664,11,"B11.S3xD3",799,802,"n.length",470.02,NA
665,11,"B11.S3xD3",799,802,"h.length",200.97,NA
665,11,"B11.S3xD3",799,802,"n.length",476.38,NA
666,11,"B11.S3xD3",799,802,"h.length",202.05,NA
666,11,"B11.S3xD3",799,802,"n.length",452.1,NA
667,11,"B11.S3xD3",799,802,"h.length",211.45,NA
667,11,"B11.S3xD3",799,802,"n.length",481.46,NA
668,11,"B11.S3xD3",799,802,"h.length",203.54,NA
668,11,"B11.S3xD3",799,802,"n.length",480.7,NA
669,11,"B11.S3xD3",799,802,"h.length",220.01,NA
669,11,"B11.S3xD3",799,802,"n.length",464.78,NA
670,11,"B11.S3xD3",799,802,"h.length",203.58,NA
670,11,"B11.S3xD3",799,802,"n.length",475.14,NA
671,11,"B11.S3xD3",799,802,"h.length",199.31,NA
671,11,"B11.S3xD3",799,802,"n.length",474.41,NA
3170,11,"B11.S3xD3",799,802,"hatching",1,277
3171,11,"B11.S3xD3",799,802,"hatching",1,277
3172,11,"B11.S3xD3",799,802,"hatching",1,277
3173,11,"B11.S3xD3",799,802,"hatching",1,277
3174,11,"B11.S3xD3",799,802,"hatching",1,277
3175,11,"B11.S3xD3",799,802,"hatching",1,277
3176,11,"B11.S3xD3",799,802,"hatching",1,277
3177,11,"B11.S3xD3",799,802,"hatching",1,277
3178,11,"B11.S3xD3",799,802,"hatching",1,277
3179,11,"B11.S3xD3",799,802,"hatching",1,277
3180,11,"B11.S3xD3",799,802,"hatching",1,277
3181,11,"B11.S3xD3",799,802,"hatching",1,278
3182,11,"B11.S3xD3",799,802,"hatching",1,278
3183,11,"B11.S3xD3",799,802,"hatching",1,278
3184,11,"B11.S3xD3",799,802,"hatching",1,278
3185,11,"B11.S3xD3",799,802,"hatching",1,278
3186,11,"B11.S3xD3",799,802,"hatching",1,278
3187,11,"B11.S3xD3",799,802,"hatching",1,278
3188,11,"B11.S3xD3",799,802,"hatching",1,278
3189,11,"B11.S3xD3",799,802,"hatching",1,278
3190,11,"B11.S3xD3",799,802,"hatching",1,278
3191,11,"B11.S3xD3",799,802,"hatching",1,278
3192,11,"B11.S3xD3",799,802,"hatching",1,278
3193,11,"B11.S3xD3",799,802,"hatching",1,278
3194,11,"B11.S3xD3",799,802,"hatching",1,278
3195,11,"B11.S3xD3",799,802,"hatching",0,278
3196,11,"B11.S3xD3",799,802,"hatching",0,278
3197,11,"B11.S3xD3",799,802,"hatching",0,278
3198,11,"B11.S3xD3",799,802,"hatching",0,278
8032,11,"B11.S3xD3",799,802,"settling",1,279
8033,11,"B11.S3xD3",799,802,"settling",1,279
8034,11,"B11.S3xD3",799,802,"settling",1,279
8035,11,"B11.S3xD3",799,802,"settling",1,279
8036,11,"B11.S3xD3",799,802,"settling",1,279
8037,11,"B11.S3xD3",799,802,"settling",1,279
8038,11,"B11.S3xD3",799,802,"settling",1,279
8039,11,"B11.S3xD3",799,802,"settling",1,279
8040,11,"B11.S3xD3",799,802,"settling",1,279
8041,11,"B11.S3xD3",799,802,"settling",0,279
8042,11,"B11.S3xD3",799,802,"settling",0,279
8043,11,"B11.S3xD3",799,802,"settling",0,279
8044,11,"B11.S3xD3",799,802,"settling",0,279
8045,11,"B11.S3xD3",799,802,"settling",0,279
8046,11,"B11.S3xD3",799,802,"settling",0,279
8047,11,"B11.S3xD3",799,802,"settling",0,279
8048,11,"B11.S3xD3",799,802,"settling",0,279
8049,11,"B11.S3xD3",799,802,"settling",1,280
8050,11,"B11.S3xD3",799,802,"settling",1,280
8051,11,"B11.S3xD3",799,802,"settling",1,280
8052,11,"B11.S3xD3",799,802,"settling",1,280
8053,11,"B11.S3xD3",799,802,"settling",1,280
8054,11,"B11.S3xD3",799,802,"settling",1,280
8055,11,"B11.S3xD3",799,802,"settling",1,280
8056,11,"B11.S3xD3",799,802,"settling",1,280
8057,11,"B11.S3xD3",799,802,"settling",1,280
8058,11,"B11.S3xD3",799,802,"settling",1,280
8059,11,"B11.S3xD3",799,802,"settling",1,280
8060,11,"B11.S3xD3",799,802,"settling",0,280
8061,11,"B11.S3xD3",799,802,"settling",0,280
8062,11,"B11.S3xD3",799,802,"settling",0,280
8063,11,"B11.S3xD3",799,802,"settling",0,280
8064,11,"B11.S3xD3",799,802,"settling",0,280
8065,11,"B11.S3xD3",799,802,"settling",0,280
8066,11,"B11.S3xD3",799,802,"settling",0,280
8067,11,"B11.S3xD3",799,802,"settling",1,281
8068,11,"B11.S3xD3",799,802,"settling",1,281
8069,11,"B11.S3xD3",799,802,"settling",1,281
8070,11,"B11.S3xD3",799,802,"settling",1,281
8071,11,"B11.S3xD3",799,802,"settling",1,281
8072,11,"B11.S3xD3",799,802,"settling",0,281
8073,11,"B11.S3xD3",799,802,"settling",0,281
8074,11,"B11.S3xD3",799,802,"settling",0,281
8075,11,"B11.S3xD3",799,802,"settling",0,281
8076,11,"B11.S3xD3",799,802,"settling",0,281
8077,11,"B11.S3xD3",799,802,"settling",0,281
8078,11,"B11.S3xD3",799,802,"settling",0,281
8079,11,"B11.S3xD3",799,802,"settling",0,281
8080,11,"B11.S3xD3",799,802,"settling",0,281
8081,11,"B11.S3xD3",799,802,"settling",0,281
8082,11,"B11.S3xD3",799,802,"settling",0,281
8083,11,"B11.S3xD3",799,802,"settling",0,281
8084,11,"B11.S3xD3",799,802,"settling",0,281
8085,11,"B11.S3xD3",799,802,"settling",0,281
8086,11,"B11.S3xD3",799,802,"settling",0,281
8087,11,"B11.S3xD3",799,802,"settling",0,281
689,12,"B12.S1xD1",803,806,"h.length",203.29,NA
689,12,"B12.S1xD1",803,806,"n.length",450.45,NA
690,12,"B12.S1xD1",803,806,"h.length",200.92,NA
690,12,"B12.S1xD1",803,806,"n.length",466.75,NA
691,12,"B12.S1xD1",803,806,"h.length",189.3,NA
691,12,"B12.S1xD1",803,806,"n.length",400.41,NA
692,12,"B12.S1xD1",803,806,"h.length",203.86,NA
692,12,"B12.S1xD1",803,806,"n.length",434.5,NA
693,12,"B12.S1xD1",803,806,"h.length",209.51,NA
693,12,"B12.S1xD1",803,806,"n.length",450.9,NA
694,12,"B12.S1xD1",803,806,"h.length",197.11,NA
694,12,"B12.S1xD1",803,806,"n.length",464.97,NA
695,12,"B12.S1xD1",803,806,"h.length",207.46,NA
695,12,"B12.S1xD1",803,806,"n.length",448.78,NA
696,12,"B12.S1xD1",803,806,"h.length",205.05,NA
696,12,"B12.S1xD1",803,806,"n.length",465.77,NA
697,12,"B12.S1xD1",803,806,"h.length",216.06,NA
697,12,"B12.S1xD1",803,806,"n.length",468.24,NA
698,12,"B12.S1xD1",803,806,"h.length",207.69,NA
698,12,"B12.S1xD1",803,806,"n.length",455.53,NA
699,12,"B12.S1xD1",803,806,"h.length",209.73,NA
699,12,"B12.S1xD1",803,806,"n.length",462.9,NA
700,12,"B12.S1xD1",803,806,"h.length",206.3,NA
700,12,"B12.S1xD1",803,806,"n.length",468.36,NA
3199,12,"B12.S1xD1",803,806,"hatching",1,282
3200,12,"B12.S1xD1",803,806,"hatching",1,282
3201,12,"B12.S1xD1",803,806,"hatching",1,282
3202,12,"B12.S1xD1",803,806,"hatching",1,282
3203,12,"B12.S1xD1",803,806,"hatching",1,282
3204,12,"B12.S1xD1",803,806,"hatching",1,282
3205,12,"B12.S1xD1",803,806,"hatching",1,282
3206,12,"B12.S1xD1",803,806,"hatching",1,282
3207,12,"B12.S1xD1",803,806,"hatching",1,282
3208,12,"B12.S1xD1",803,806,"hatching",1,282
3209,12,"B12.S1xD1",803,806,"hatching",1,282
3210,12,"B12.S1xD1",803,806,"hatching",1,282
3211,12,"B12.S1xD1",803,806,"hatching",1,282
3212,12,"B12.S1xD1",803,806,"hatching",1,282
3213,12,"B12.S1xD1",803,806,"hatching",1,282
3214,12,"B12.S1xD1",803,806,"hatching",1,282
3215,12,"B12.S1xD1",803,806,"hatching",1,282
3216,12,"B12.S1xD1",803,806,"hatching",1,282
3217,12,"B12.S1xD1",803,806,"hatching",1,282
3218,12,"B12.S1xD1",803,806,"hatching",1,282
3219,12,"B12.S1xD1",803,806,"hatching",1,282
3220,12,"B12.S1xD1",803,806,"hatching",1,282
3221,12,"B12.S1xD1",803,806,"hatching",1,282
3222,12,"B12.S1xD1",803,806,"hatching",1,283
3223,12,"B12.S1xD1",803,806,"hatching",1,283
3224,12,"B12.S1xD1",803,806,"hatching",1,283
3225,12,"B12.S1xD1",803,806,"hatching",1,283
3226,12,"B12.S1xD1",803,806,"hatching",1,283
3227,12,"B12.S1xD1",803,806,"hatching",1,283
3228,12,"B12.S1xD1",803,806,"hatching",1,283
3229,12,"B12.S1xD1",803,806,"hatching",1,283
3230,12,"B12.S1xD1",803,806,"hatching",1,283
3231,12,"B12.S1xD1",803,806,"hatching",1,283
3232,12,"B12.S1xD1",803,806,"hatching",1,283
3233,12,"B12.S1xD1",803,806,"hatching",1,283
3234,12,"B12.S1xD1",803,806,"hatching",1,283
3235,12,"B12.S1xD1",803,806,"hatching",1,283
3236,12,"B12.S1xD1",803,806,"hatching",1,283
3237,12,"B12.S1xD1",803,806,"hatching",1,283
3238,12,"B12.S1xD1",803,806,"hatching",1,283
3239,12,"B12.S1xD1",803,806,"hatching",1,284
3240,12,"B12.S1xD1",803,806,"hatching",1,284
3241,12,"B12.S1xD1",803,806,"hatching",1,284
3242,12,"B12.S1xD1",803,806,"hatching",1,284
3243,12,"B12.S1xD1",803,806,"hatching",1,284
3244,12,"B12.S1xD1",803,806,"hatching",1,284
8088,12,"B12.S1xD1",803,806,"settling",1,285
8089,12,"B12.S1xD1",803,806,"settling",1,285
8090,12,"B12.S1xD1",803,806,"settling",1,285
8091,12,"B12.S1xD1",803,806,"settling",1,285
8092,12,"B12.S1xD1",803,806,"settling",1,285
8093,12,"B12.S1xD1",803,806,"settling",1,285
8094,12,"B12.S1xD1",803,806,"settling",1,285
8095,12,"B12.S1xD1",803,806,"settling",1,285
8096,12,"B12.S1xD1",803,806,"settling",1,285
8097,12,"B12.S1xD1",803,806,"settling",1,285
8098,12,"B12.S1xD1",803,806,"settling",0,285
8099,12,"B12.S1xD1",803,806,"settling",0,285
8100,12,"B12.S1xD1",803,806,"settling",0,285
8101,12,"B12.S1xD1",803,806,"settling",0,285
8102,12,"B12.S1xD1",803,806,"settling",0,285
8103,12,"B12.S1xD1",803,806,"settling",0,285
8104,12,"B12.S1xD1",803,806,"settling",0,285
8105,12,"B12.S1xD1",803,806,"settling",0,285
8106,12,"B12.S1xD1",803,806,"settling",0,285
8107,12,"B12.S1xD1",803,806,"settling",1,286
8108,12,"B12.S1xD1",803,806,"settling",1,286
8109,12,"B12.S1xD1",803,806,"settling",1,286
8110,12,"B12.S1xD1",803,806,"settling",1,286
8111,12,"B12.S1xD1",803,806,"settling",1,286
8112,12,"B12.S1xD1",803,806,"settling",1,286
8113,12,"B12.S1xD1",803,806,"settling",1,286
8114,12,"B12.S1xD1",803,806,"settling",1,286
8115,12,"B12.S1xD1",803,806,"settling",1,286
8116,12,"B12.S1xD1",803,806,"settling",1,286
8117,12,"B12.S1xD1",803,806,"settling",0,286
8118,12,"B12.S1xD1",803,806,"settling",0,286
8119,12,"B12.S1xD1",803,806,"settling",0,286
8120,12,"B12.S1xD1",803,806,"settling",0,286
8121,12,"B12.S1xD1",803,806,"settling",0,286
8122,12,"B12.S1xD1",803,806,"settling",0,286
8123,12,"B12.S1xD1",803,806,"settling",0,286
8124,12,"B12.S1xD1",803,806,"settling",0,286
8125,12,"B12.S1xD1",803,806,"settling",0,286
8126,12,"B12.S1xD1",803,806,"settling",1,287
8127,12,"B12.S1xD1",803,806,"settling",1,287
8128,12,"B12.S1xD1",803,806,"settling",1,287
8129,12,"B12.S1xD1",803,806,"settling",1,287
8130,12,"B12.S1xD1",803,806,"settling",1,287
8131,12,"B12.S1xD1",803,806,"settling",1,287
8132,12,"B12.S1xD1",803,806,"settling",0,287
8133,12,"B12.S1xD1",803,806,"settling",0,287
8134,12,"B12.S1xD1",803,806,"settling",0,287
8135,12,"B12.S1xD1",803,806,"settling",0,287
8136,12,"B12.S1xD1",803,806,"settling",0,287
8137,12,"B12.S1xD1",803,806,"settling",0,287
8138,12,"B12.S1xD1",803,806,"settling",0,287
8139,12,"B12.S1xD1",803,806,"settling",0,287
8140,12,"B12.S1xD1",803,806,"settling",0,287
8141,12,"B12.S1xD1",803,806,"settling",0,287
8142,12,"B12.S1xD1",803,806,"settling",0,287
701,12,"B12.S1xD2",803,807,"h.length",201.11,NA
701,12,"B12.S1xD2",803,807,"n.length",400.54,NA
702,12,"B12.S1xD2",803,807,"h.length",195.04,NA
702,12,"B12.S1xD2",803,807,"n.length",420.93,NA
703,12,"B12.S1xD2",803,807,"h.length",209.42,NA
703,12,"B12.S1xD2",803,807,"n.length",414.45,NA
704,12,"B12.S1xD2",803,807,"h.length",207.78,NA
704,12,"B12.S1xD2",803,807,"n.length",407.04,NA
705,12,"B12.S1xD2",803,807,"h.length",201.78,NA
705,12,"B12.S1xD2",803,807,"n.length",411.42,NA
706,12,"B12.S1xD2",803,807,"h.length",192.17,NA
706,12,"B12.S1xD2",803,807,"n.length",408.41,NA
707,12,"B12.S1xD2",803,807,"h.length",202.32,NA
707,12,"B12.S1xD2",803,807,"n.length",429.93,NA
708,12,"B12.S1xD2",803,807,"h.length",207.33,NA
708,12,"B12.S1xD2",803,807,"n.length",430.61,NA
709,12,"B12.S1xD2",803,807,"h.length",193.02,NA
709,12,"B12.S1xD2",803,807,"n.length",411.88,NA
710,12,"B12.S1xD2",803,807,"h.length",185.89,NA
710,12,"B12.S1xD2",803,807,"n.length",416.22,NA
711,12,"B12.S1xD2",803,807,"h.length",200.96,NA
711,12,"B12.S1xD2",803,807,"n.length",443.66,NA
712,12,"B12.S1xD2",803,807,"h.length",208.26,NA
712,12,"B12.S1xD2",803,807,"n.length",447.39,NA
3245,12,"B12.S1xD2",803,807,"hatching",1,288
3246,12,"B12.S1xD2",803,807,"hatching",1,288
3247,12,"B12.S1xD2",803,807,"hatching",1,288
3248,12,"B12.S1xD2",803,807,"hatching",1,288
3249,12,"B12.S1xD2",803,807,"hatching",1,288
3250,12,"B12.S1xD2",803,807,"hatching",1,288
3251,12,"B12.S1xD2",803,807,"hatching",1,288
3252,12,"B12.S1xD2",803,807,"hatching",1,288
3253,12,"B12.S1xD2",803,807,"hatching",1,288
3254,12,"B12.S1xD2",803,807,"hatching",1,288
3255,12,"B12.S1xD2",803,807,"hatching",1,288
3256,12,"B12.S1xD2",803,807,"hatching",1,288
3257,12,"B12.S1xD2",803,807,"hatching",1,288
3258,12,"B12.S1xD2",803,807,"hatching",1,288
3259,12,"B12.S1xD2",803,807,"hatching",1,288
3260,12,"B12.S1xD2",803,807,"hatching",1,288
3261,12,"B12.S1xD2",803,807,"hatching",1,288
3262,12,"B12.S1xD2",803,807,"hatching",1,288
3263,12,"B12.S1xD2",803,807,"hatching",0,288
3264,12,"B12.S1xD2",803,807,"hatching",1,289
3265,12,"B12.S1xD2",803,807,"hatching",1,289
3266,12,"B12.S1xD2",803,807,"hatching",1,289
3267,12,"B12.S1xD2",803,807,"hatching",1,289
3268,12,"B12.S1xD2",803,807,"hatching",1,289
3269,12,"B12.S1xD2",803,807,"hatching",1,289
3270,12,"B12.S1xD2",803,807,"hatching",1,289
3271,12,"B12.S1xD2",803,807,"hatching",1,289
3272,12,"B12.S1xD2",803,807,"hatching",1,289
3273,12,"B12.S1xD2",803,807,"hatching",1,289
3274,12,"B12.S1xD2",803,807,"hatching",1,289
3275,12,"B12.S1xD2",803,807,"hatching",1,289
3276,12,"B12.S1xD2",803,807,"hatching",1,289
3277,12,"B12.S1xD2",803,807,"hatching",1,289
3278,12,"B12.S1xD2",803,807,"hatching",1,289
3279,12,"B12.S1xD2",803,807,"hatching",0,289
3280,12,"B12.S1xD2",803,807,"hatching",1,290
3281,12,"B12.S1xD2",803,807,"hatching",1,290
3282,12,"B12.S1xD2",803,807,"hatching",1,290
3283,12,"B12.S1xD2",803,807,"hatching",1,290
3284,12,"B12.S1xD2",803,807,"hatching",1,290
3285,12,"B12.S1xD2",803,807,"hatching",1,290
3286,12,"B12.S1xD2",803,807,"hatching",1,290
3287,12,"B12.S1xD2",803,807,"hatching",1,290
3288,12,"B12.S1xD2",803,807,"hatching",1,290
3289,12,"B12.S1xD2",803,807,"hatching",1,290
3290,12,"B12.S1xD2",803,807,"hatching",1,290
3291,12,"B12.S1xD2",803,807,"hatching",1,290
3292,12,"B12.S1xD2",803,807,"hatching",1,290
3293,12,"B12.S1xD2",803,807,"hatching",0,290
8143,12,"B12.S1xD2",803,807,"settling",1,291
8144,12,"B12.S1xD2",803,807,"settling",1,291
8145,12,"B12.S1xD2",803,807,"settling",1,291
8146,12,"B12.S1xD2",803,807,"settling",0,291
8147,12,"B12.S1xD2",803,807,"settling",0,291
8148,12,"B12.S1xD2",803,807,"settling",0,291
8149,12,"B12.S1xD2",803,807,"settling",0,291
8150,12,"B12.S1xD2",803,807,"settling",0,291
8151,12,"B12.S1xD2",803,807,"settling",0,291
8152,12,"B12.S1xD2",803,807,"settling",0,291
8153,12,"B12.S1xD2",803,807,"settling",0,291
8154,12,"B12.S1xD2",803,807,"settling",0,291
8155,12,"B12.S1xD2",803,807,"settling",0,291
8156,12,"B12.S1xD2",803,807,"settling",0,291
8157,12,"B12.S1xD2",803,807,"settling",0,291
8158,12,"B12.S1xD2",803,807,"settling",0,291
8159,12,"B12.S1xD2",803,807,"settling",1,292
8160,12,"B12.S1xD2",803,807,"settling",1,292
8161,12,"B12.S1xD2",803,807,"settling",1,292
8162,12,"B12.S1xD2",803,807,"settling",1,292
8163,12,"B12.S1xD2",803,807,"settling",1,292
8164,12,"B12.S1xD2",803,807,"settling",1,292
8165,12,"B12.S1xD2",803,807,"settling",1,292
8166,12,"B12.S1xD2",803,807,"settling",1,292
8167,12,"B12.S1xD2",803,807,"settling",1,292
8168,12,"B12.S1xD2",803,807,"settling",1,292
8169,12,"B12.S1xD2",803,807,"settling",1,292
8170,12,"B12.S1xD2",803,807,"settling",1,292
8171,12,"B12.S1xD2",803,807,"settling",1,292
8172,12,"B12.S1xD2",803,807,"settling",0,292
8173,12,"B12.S1xD2",803,807,"settling",0,292
8174,12,"B12.S1xD2",803,807,"settling",0,292
8175,12,"B12.S1xD2",803,807,"settling",0,292
8176,12,"B12.S1xD2",803,807,"settling",0,292
8177,12,"B12.S1xD2",803,807,"settling",0,292
8178,12,"B12.S1xD2",803,807,"settling",0,292
8179,12,"B12.S1xD2",803,807,"settling",0,292
8180,12,"B12.S1xD2",803,807,"settling",0,292
8181,12,"B12.S1xD2",803,807,"settling",1,293
8182,12,"B12.S1xD2",803,807,"settling",1,293
8183,12,"B12.S1xD2",803,807,"settling",1,293
8184,12,"B12.S1xD2",803,807,"settling",1,293
8185,12,"B12.S1xD2",803,807,"settling",1,293
8186,12,"B12.S1xD2",803,807,"settling",1,293
8187,12,"B12.S1xD2",803,807,"settling",1,293
8188,12,"B12.S1xD2",803,807,"settling",1,293
8189,12,"B12.S1xD2",803,807,"settling",1,293
8190,12,"B12.S1xD2",803,807,"settling",1,293
8191,12,"B12.S1xD2",803,807,"settling",1,293
8192,12,"B12.S1xD2",803,807,"settling",0,293
8193,12,"B12.S1xD2",803,807,"settling",0,293
8194,12,"B12.S1xD2",803,807,"settling",0,293
8195,12,"B12.S1xD2",803,807,"settling",0,293
8196,12,"B12.S1xD2",803,807,"settling",0,293
8197,12,"B12.S1xD2",803,807,"settling",0,293
8198,12,"B12.S1xD2",803,807,"settling",0,293
8199,12,"B12.S1xD2",803,807,"settling",0,293
8200,12,"B12.S1xD2",803,807,"settling",0,293
713,12,"B12.S1xD3",803,808,"h.length",213.4,NA
713,12,"B12.S1xD3",803,808,"n.length",452.21,NA
714,12,"B12.S1xD3",803,808,"h.length",208.2,NA
714,12,"B12.S1xD3",803,808,"n.length",467.32,NA
715,12,"B12.S1xD3",803,808,"h.length",211.72,NA
715,12,"B12.S1xD3",803,808,"n.length",456.01,NA
716,12,"B12.S1xD3",803,808,"h.length",216.32,NA
716,12,"B12.S1xD3",803,808,"n.length",427.82,NA
717,12,"B12.S1xD3",803,808,"h.length",206.61,NA
717,12,"B12.S1xD3",803,808,"n.length",481.25,NA
718,12,"B12.S1xD3",803,808,"h.length",204.28,NA
718,12,"B12.S1xD3",803,808,"n.length",470.21,NA
719,12,"B12.S1xD3",803,808,"h.length",187.8,NA
719,12,"B12.S1xD3",803,808,"n.length",431.71,NA
720,12,"B12.S1xD3",803,808,"h.length",218.03,NA
720,12,"B12.S1xD3",803,808,"n.length",359.36,NA
721,12,"B12.S1xD3",803,808,"h.length",209.44,NA
721,12,"B12.S1xD3",803,808,"n.length",427.43,NA
722,12,"B12.S1xD3",803,808,"h.length",217.53,NA
722,12,"B12.S1xD3",803,808,"n.length",488.62,NA
723,12,"B12.S1xD3",803,808,"h.length",210.48,NA
723,12,"B12.S1xD3",803,808,"n.length",467.76,NA
724,12,"B12.S1xD3",803,808,"h.length",204.22,NA
724,12,"B12.S1xD3",803,808,"n.length",457.96,NA
3294,12,"B12.S1xD3",803,808,"hatching",1,294
3295,12,"B12.S1xD3",803,808,"hatching",1,294
3296,12,"B12.S1xD3",803,808,"hatching",1,294
3297,12,"B12.S1xD3",803,808,"hatching",1,294
3298,12,"B12.S1xD3",803,808,"hatching",1,294
3299,12,"B12.S1xD3",803,808,"hatching",1,294
3300,12,"B12.S1xD3",803,808,"hatching",1,294
3301,12,"B12.S1xD3",803,808,"hatching",1,294
3302,12,"B12.S1xD3",803,808,"hatching",1,294
3303,12,"B12.S1xD3",803,808,"hatching",1,295
3304,12,"B12.S1xD3",803,808,"hatching",1,295
3305,12,"B12.S1xD3",803,808,"hatching",1,295
3306,12,"B12.S1xD3",803,808,"hatching",1,295
3307,12,"B12.S1xD3",803,808,"hatching",1,295
3308,12,"B12.S1xD3",803,808,"hatching",1,295
3309,12,"B12.S1xD3",803,808,"hatching",1,295
3310,12,"B12.S1xD3",803,808,"hatching",1,295
3311,12,"B12.S1xD3",803,808,"hatching",1,295
3312,12,"B12.S1xD3",803,808,"hatching",1,295
3313,12,"B12.S1xD3",803,808,"hatching",1,295
3314,12,"B12.S1xD3",803,808,"hatching",1,295
3315,12,"B12.S1xD3",803,808,"hatching",1,295
3316,12,"B12.S1xD3",803,808,"hatching",1,295
3317,12,"B12.S1xD3",803,808,"hatching",1,295
3318,12,"B12.S1xD3",803,808,"hatching",1,295
3319,12,"B12.S1xD3",803,808,"hatching",1,295
3320,12,"B12.S1xD3",803,808,"hatching",1,295
3321,12,"B12.S1xD3",803,808,"hatching",1,295
3322,12,"B12.S1xD3",803,808,"hatching",1,296
3323,12,"B12.S1xD3",803,808,"hatching",1,296
3324,12,"B12.S1xD3",803,808,"hatching",1,296
3325,12,"B12.S1xD3",803,808,"hatching",1,296
3326,12,"B12.S1xD3",803,808,"hatching",1,296
3327,12,"B12.S1xD3",803,808,"hatching",1,296
3328,12,"B12.S1xD3",803,808,"hatching",1,296
3329,12,"B12.S1xD3",803,808,"hatching",1,296
3330,12,"B12.S1xD3",803,808,"hatching",1,296
3331,12,"B12.S1xD3",803,808,"hatching",1,296
3332,12,"B12.S1xD3",803,808,"hatching",1,296
3333,12,"B12.S1xD3",803,808,"hatching",1,296
8201,12,"B12.S1xD3",803,808,"settling",1,297
8202,12,"B12.S1xD3",803,808,"settling",1,297
8203,12,"B12.S1xD3",803,808,"settling",1,297
8204,12,"B12.S1xD3",803,808,"settling",1,297
8205,12,"B12.S1xD3",803,808,"settling",1,297
8206,12,"B12.S1xD3",803,808,"settling",1,297
8207,12,"B12.S1xD3",803,808,"settling",1,297
8208,12,"B12.S1xD3",803,808,"settling",1,297
8209,12,"B12.S1xD3",803,808,"settling",0,297
8210,12,"B12.S1xD3",803,808,"settling",0,297
8211,12,"B12.S1xD3",803,808,"settling",0,297
8212,12,"B12.S1xD3",803,808,"settling",0,297
8213,12,"B12.S1xD3",803,808,"settling",0,297
8214,12,"B12.S1xD3",803,808,"settling",1,298
8215,12,"B12.S1xD3",803,808,"settling",1,298
8216,12,"B12.S1xD3",803,808,"settling",1,298
8217,12,"B12.S1xD3",803,808,"settling",1,298
8218,12,"B12.S1xD3",803,808,"settling",1,298
8219,12,"B12.S1xD3",803,808,"settling",1,298
8220,12,"B12.S1xD3",803,808,"settling",1,298
8221,12,"B12.S1xD3",803,808,"settling",1,298
8222,12,"B12.S1xD3",803,808,"settling",1,298
8223,12,"B12.S1xD3",803,808,"settling",1,298
8224,12,"B12.S1xD3",803,808,"settling",1,298
8225,12,"B12.S1xD3",803,808,"settling",1,298
8226,12,"B12.S1xD3",803,808,"settling",1,298
8227,12,"B12.S1xD3",803,808,"settling",0,298
8228,12,"B12.S1xD3",803,808,"settling",0,298
8229,12,"B12.S1xD3",803,808,"settling",0,298
8230,12,"B12.S1xD3",803,808,"settling",0,298
8231,12,"B12.S1xD3",803,808,"settling",0,298
8232,12,"B12.S1xD3",803,808,"settling",0,298
8233,12,"B12.S1xD3",803,808,"settling",0,298
8234,12,"B12.S1xD3",803,808,"settling",1,299
8235,12,"B12.S1xD3",803,808,"settling",1,299
8236,12,"B12.S1xD3",803,808,"settling",1,299
8237,12,"B12.S1xD3",803,808,"settling",1,299
8238,12,"B12.S1xD3",803,808,"settling",1,299
8239,12,"B12.S1xD3",803,808,"settling",1,299
8240,12,"B12.S1xD3",803,808,"settling",1,299
8241,12,"B12.S1xD3",803,808,"settling",1,299
8242,12,"B12.S1xD3",803,808,"settling",1,299
8243,12,"B12.S1xD3",803,808,"settling",1,299
8244,12,"B12.S1xD3",803,808,"settling",1,299
8245,12,"B12.S1xD3",803,808,"settling",1,299
8246,12,"B12.S1xD3",803,808,"settling",1,299
8247,12,"B12.S1xD3",803,808,"settling",0,299
8248,12,"B12.S1xD3",803,808,"settling",0,299
8249,12,"B12.S1xD3",803,808,"settling",0,299
8250,12,"B12.S1xD3",803,808,"settling",0,299
8251,12,"B12.S1xD3",803,808,"settling",0,299
8252,12,"B12.S1xD3",803,808,"settling",0,299
725,12,"B12.S2xD1",804,806,"h.length",208.29,NA
725,12,"B12.S2xD1",804,806,"n.length",459.45,NA
726,12,"B12.S2xD1",804,806,"h.length",198.03,NA
726,12,"B12.S2xD1",804,806,"n.length",461.87,NA
727,12,"B12.S2xD1",804,806,"h.length",205.63,NA
727,12,"B12.S2xD1",804,806,"n.length",470.41,NA
728,12,"B12.S2xD1",804,806,"h.length",200.79,NA
728,12,"B12.S2xD1",804,806,"n.length",457.34,NA
729,12,"B12.S2xD1",804,806,"h.length",217.45,NA
729,12,"B12.S2xD1",804,806,"n.length",454.74,NA
730,12,"B12.S2xD1",804,806,"h.length",203,NA
730,12,"B12.S2xD1",804,806,"n.length",466.83,NA
731,12,"B12.S2xD1",804,806,"h.length",211.22,NA
731,12,"B12.S2xD1",804,806,"n.length",471.14,NA
732,12,"B12.S2xD1",804,806,"h.length",214.75,NA
732,12,"B12.S2xD1",804,806,"n.length",467.66,NA
733,12,"B12.S2xD1",804,806,"h.length",196.09,NA
733,12,"B12.S2xD1",804,806,"n.length",448.91,NA
734,12,"B12.S2xD1",804,806,"h.length",199.19,NA
734,12,"B12.S2xD1",804,806,"n.length",455.52,NA
735,12,"B12.S2xD1",804,806,"h.length",201.95,NA
735,12,"B12.S2xD1",804,806,"n.length",478.08,NA
736,12,"B12.S2xD1",804,806,"h.length",207.13,NA
736,12,"B12.S2xD1",804,806,"n.length",465.55,NA
3334,12,"B12.S2xD1",804,806,"hatching",1,300
3335,12,"B12.S2xD1",804,806,"hatching",1,300
3336,12,"B12.S2xD1",804,806,"hatching",1,300
3337,12,"B12.S2xD1",804,806,"hatching",1,300
3338,12,"B12.S2xD1",804,806,"hatching",1,300
3339,12,"B12.S2xD1",804,806,"hatching",1,300
3340,12,"B12.S2xD1",804,806,"hatching",1,300
3341,12,"B12.S2xD1",804,806,"hatching",1,300
3342,12,"B12.S2xD1",804,806,"hatching",1,300
3343,12,"B12.S2xD1",804,806,"hatching",1,300
3344,12,"B12.S2xD1",804,806,"hatching",1,300
3345,12,"B12.S2xD1",804,806,"hatching",1,300
3346,12,"B12.S2xD1",804,806,"hatching",1,300
3347,12,"B12.S2xD1",804,806,"hatching",1,300
3348,12,"B12.S2xD1",804,806,"hatching",1,300
3349,12,"B12.S2xD1",804,806,"hatching",1,300
3350,12,"B12.S2xD1",804,806,"hatching",1,300
3351,12,"B12.S2xD1",804,806,"hatching",1,300
3352,12,"B12.S2xD1",804,806,"hatching",1,301
3353,12,"B12.S2xD1",804,806,"hatching",1,301
3354,12,"B12.S2xD1",804,806,"hatching",1,301
3355,12,"B12.S2xD1",804,806,"hatching",1,301
3356,12,"B12.S2xD1",804,806,"hatching",1,301
3357,12,"B12.S2xD1",804,806,"hatching",1,301
3358,12,"B12.S2xD1",804,806,"hatching",1,301
3359,12,"B12.S2xD1",804,806,"hatching",1,301
3360,12,"B12.S2xD1",804,806,"hatching",1,301
3361,12,"B12.S2xD1",804,806,"hatching",1,301
3362,12,"B12.S2xD1",804,806,"hatching",1,301
3363,12,"B12.S2xD1",804,806,"hatching",1,301
3364,12,"B12.S2xD1",804,806,"hatching",1,301
3365,12,"B12.S2xD1",804,806,"hatching",1,301
3366,12,"B12.S2xD1",804,806,"hatching",1,301
3367,12,"B12.S2xD1",804,806,"hatching",1,301
3368,12,"B12.S2xD1",804,806,"hatching",1,301
3369,12,"B12.S2xD1",804,806,"hatching",1,302
3370,12,"B12.S2xD1",804,806,"hatching",1,302
3371,12,"B12.S2xD1",804,806,"hatching",1,302
3372,12,"B12.S2xD1",804,806,"hatching",1,302
3373,12,"B12.S2xD1",804,806,"hatching",1,302
3374,12,"B12.S2xD1",804,806,"hatching",1,302
3375,12,"B12.S2xD1",804,806,"hatching",1,302
3376,12,"B12.S2xD1",804,806,"hatching",1,302
3377,12,"B12.S2xD1",804,806,"hatching",1,302
3378,12,"B12.S2xD1",804,806,"hatching",1,302
3379,12,"B12.S2xD1",804,806,"hatching",1,302
3380,12,"B12.S2xD1",804,806,"hatching",1,302
3381,12,"B12.S2xD1",804,806,"hatching",1,302
3382,12,"B12.S2xD1",804,806,"hatching",1,302
3383,12,"B12.S2xD1",804,806,"hatching",1,302
3384,12,"B12.S2xD1",804,806,"hatching",1,302
3385,12,"B12.S2xD1",804,806,"hatching",1,302
3386,12,"B12.S2xD1",804,806,"hatching",0,302
3387,12,"B12.S2xD1",804,806,"hatching",0,302
8253,12,"B12.S2xD1",804,806,"settling",1,303
8254,12,"B12.S2xD1",804,806,"settling",1,303
8255,12,"B12.S2xD1",804,806,"settling",1,303
8256,12,"B12.S2xD1",804,806,"settling",1,303
8257,12,"B12.S2xD1",804,806,"settling",1,303
8258,12,"B12.S2xD1",804,806,"settling",1,303
8259,12,"B12.S2xD1",804,806,"settling",1,303
8260,12,"B12.S2xD1",804,806,"settling",1,303
8261,12,"B12.S2xD1",804,806,"settling",1,303
8262,12,"B12.S2xD1",804,806,"settling",0,303
8263,12,"B12.S2xD1",804,806,"settling",0,303
8264,12,"B12.S2xD1",804,806,"settling",0,303
8265,12,"B12.S2xD1",804,806,"settling",0,303
8266,12,"B12.S2xD1",804,806,"settling",0,303
8267,12,"B12.S2xD1",804,806,"settling",0,303
8268,12,"B12.S2xD1",804,806,"settling",0,303
8269,12,"B12.S2xD1",804,806,"settling",0,303
8270,12,"B12.S2xD1",804,806,"settling",0,303
8271,12,"B12.S2xD1",804,806,"settling",0,303
8272,12,"B12.S2xD1",804,806,"settling",0,303
8273,12,"B12.S2xD1",804,806,"settling",0,303
8274,12,"B12.S2xD1",804,806,"settling",1,304
8275,12,"B12.S2xD1",804,806,"settling",1,304
8276,12,"B12.S2xD1",804,806,"settling",1,304
8277,12,"B12.S2xD1",804,806,"settling",1,304
8278,12,"B12.S2xD1",804,806,"settling",1,304
8279,12,"B12.S2xD1",804,806,"settling",1,304
8280,12,"B12.S2xD1",804,806,"settling",1,304
8281,12,"B12.S2xD1",804,806,"settling",1,304
8282,12,"B12.S2xD1",804,806,"settling",1,304
8283,12,"B12.S2xD1",804,806,"settling",1,304
8284,12,"B12.S2xD1",804,806,"settling",1,304
8285,12,"B12.S2xD1",804,806,"settling",0,304
8286,12,"B12.S2xD1",804,806,"settling",0,304
8287,12,"B12.S2xD1",804,806,"settling",0,304
8288,12,"B12.S2xD1",804,806,"settling",0,304
8289,12,"B12.S2xD1",804,806,"settling",0,304
8290,12,"B12.S2xD1",804,806,"settling",0,304
8291,12,"B12.S2xD1",804,806,"settling",0,304
8292,12,"B12.S2xD1",804,806,"settling",0,304
8293,12,"B12.S2xD1",804,806,"settling",0,304
8294,12,"B12.S2xD1",804,806,"settling",1,305
8295,12,"B12.S2xD1",804,806,"settling",1,305
8296,12,"B12.S2xD1",804,806,"settling",1,305
8297,12,"B12.S2xD1",804,806,"settling",1,305
8298,12,"B12.S2xD1",804,806,"settling",1,305
8299,12,"B12.S2xD1",804,806,"settling",1,305
8300,12,"B12.S2xD1",804,806,"settling",1,305
8301,12,"B12.S2xD1",804,806,"settling",1,305
8302,12,"B12.S2xD1",804,806,"settling",1,305
8303,12,"B12.S2xD1",804,806,"settling",0,305
8304,12,"B12.S2xD1",804,806,"settling",0,305
8305,12,"B12.S2xD1",804,806,"settling",0,305
8306,12,"B12.S2xD1",804,806,"settling",0,305
8307,12,"B12.S2xD1",804,806,"settling",0,305
8308,12,"B12.S2xD1",804,806,"settling",0,305
8309,12,"B12.S2xD1",804,806,"settling",0,305
8310,12,"B12.S2xD1",804,806,"settling",0,305
8311,12,"B12.S2xD1",804,806,"settling",0,305
8312,12,"B12.S2xD1",804,806,"settling",0,305
8313,12,"B12.S2xD1",804,806,"settling",0,305
8314,12,"B12.S2xD1",804,806,"settling",0,305
8315,12,"B12.S2xD1",804,806,"settling",0,305
8316,12,"B12.S2xD1",804,806,"settling",0,305
737,12,"B12.S2xD2",804,807,"h.length",193.81,NA
737,12,"B12.S2xD2",804,807,"n.length",429.28,NA
738,12,"B12.S2xD2",804,807,"h.length",201.85,NA
738,12,"B12.S2xD2",804,807,"n.length",416.47,NA
739,12,"B12.S2xD2",804,807,"h.length",199.61,NA
739,12,"B12.S2xD2",804,807,"n.length",416.67,NA
740,12,"B12.S2xD2",804,807,"h.length",209.54,NA
740,12,"B12.S2xD2",804,807,"n.length",437.93,NA
741,12,"B12.S2xD2",804,807,"h.length",195.45,NA
741,12,"B12.S2xD2",804,807,"n.length",421.06,NA
742,12,"B12.S2xD2",804,807,"h.length",193.42,NA
742,12,"B12.S2xD2",804,807,"n.length",424.15,NA
743,12,"B12.S2xD2",804,807,"h.length",197.53,NA
743,12,"B12.S2xD2",804,807,"n.length",412.48,NA
744,12,"B12.S2xD2",804,807,"h.length",186.76,NA
744,12,"B12.S2xD2",804,807,"n.length",418.09,NA
745,12,"B12.S2xD2",804,807,"h.length",198.68,NA
745,12,"B12.S2xD2",804,807,"n.length",417.2,NA
746,12,"B12.S2xD2",804,807,"h.length",183.97,NA
746,12,"B12.S2xD2",804,807,"n.length",402.15,NA
747,12,"B12.S2xD2",804,807,"h.length",192.66,NA
747,12,"B12.S2xD2",804,807,"n.length",427.97,NA
748,12,"B12.S2xD2",804,807,"h.length",196.48,NA
748,12,"B12.S2xD2",804,807,"n.length",432.45,NA
3388,12,"B12.S2xD2",804,807,"hatching",1,306
3389,12,"B12.S2xD2",804,807,"hatching",1,306
3390,12,"B12.S2xD2",804,807,"hatching",1,306
3391,12,"B12.S2xD2",804,807,"hatching",1,306
3392,12,"B12.S2xD2",804,807,"hatching",1,306
3393,12,"B12.S2xD2",804,807,"hatching",1,306
3394,12,"B12.S2xD2",804,807,"hatching",1,307
3395,12,"B12.S2xD2",804,807,"hatching",1,307
3396,12,"B12.S2xD2",804,807,"hatching",1,307
3397,12,"B12.S2xD2",804,807,"hatching",1,307
3398,12,"B12.S2xD2",804,807,"hatching",1,307
3399,12,"B12.S2xD2",804,807,"hatching",1,307
3400,12,"B12.S2xD2",804,807,"hatching",1,307
3401,12,"B12.S2xD2",804,807,"hatching",1,307
3402,12,"B12.S2xD2",804,807,"hatching",1,307
3403,12,"B12.S2xD2",804,807,"hatching",1,307
3404,12,"B12.S2xD2",804,807,"hatching",0,307
3405,12,"B12.S2xD2",804,807,"hatching",0,307
3406,12,"B12.S2xD2",804,807,"hatching",1,308
3407,12,"B12.S2xD2",804,807,"hatching",1,308
3408,12,"B12.S2xD2",804,807,"hatching",1,308
3409,12,"B12.S2xD2",804,807,"hatching",1,308
3410,12,"B12.S2xD2",804,807,"hatching",1,308
3411,12,"B12.S2xD2",804,807,"hatching",1,308
3412,12,"B12.S2xD2",804,807,"hatching",1,308
3413,12,"B12.S2xD2",804,807,"hatching",1,308
3414,12,"B12.S2xD2",804,807,"hatching",1,308
3415,12,"B12.S2xD2",804,807,"hatching",1,308
3416,12,"B12.S2xD2",804,807,"hatching",1,308
3417,12,"B12.S2xD2",804,807,"hatching",1,308
3418,12,"B12.S2xD2",804,807,"hatching",1,308
3419,12,"B12.S2xD2",804,807,"hatching",1,308
3420,12,"B12.S2xD2",804,807,"hatching",1,308
8317,12,"B12.S2xD2",804,807,"settling",1,309
8318,12,"B12.S2xD2",804,807,"settling",1,309
8319,12,"B12.S2xD2",804,807,"settling",1,309
8320,12,"B12.S2xD2",804,807,"settling",1,309
8321,12,"B12.S2xD2",804,807,"settling",1,309
8322,12,"B12.S2xD2",804,807,"settling",1,309
8323,12,"B12.S2xD2",804,807,"settling",1,309
8324,12,"B12.S2xD2",804,807,"settling",1,309
8325,12,"B12.S2xD2",804,807,"settling",1,309
8326,12,"B12.S2xD2",804,807,"settling",1,309
8327,12,"B12.S2xD2",804,807,"settling",1,309
8328,12,"B12.S2xD2",804,807,"settling",1,309
8329,12,"B12.S2xD2",804,807,"settling",1,309
8330,12,"B12.S2xD2",804,807,"settling",1,309
8331,12,"B12.S2xD2",804,807,"settling",0,309
8332,12,"B12.S2xD2",804,807,"settling",0,309
8333,12,"B12.S2xD2",804,807,"settling",0,309
8334,12,"B12.S2xD2",804,807,"settling",0,309
8335,12,"B12.S2xD2",804,807,"settling",0,309
8336,12,"B12.S2xD2",804,807,"settling",0,309
8337,12,"B12.S2xD2",804,807,"settling",0,309
8338,12,"B12.S2xD2",804,807,"settling",1,310
8339,12,"B12.S2xD2",804,807,"settling",1,310
8340,12,"B12.S2xD2",804,807,"settling",1,310
8341,12,"B12.S2xD2",804,807,"settling",1,310
8342,12,"B12.S2xD2",804,807,"settling",1,310
8343,12,"B12.S2xD2",804,807,"settling",1,310
8344,12,"B12.S2xD2",804,807,"settling",1,310
8345,12,"B12.S2xD2",804,807,"settling",0,310
8346,12,"B12.S2xD2",804,807,"settling",0,310
8347,12,"B12.S2xD2",804,807,"settling",0,310
8348,12,"B12.S2xD2",804,807,"settling",0,310
8349,12,"B12.S2xD2",804,807,"settling",0,310
8350,12,"B12.S2xD2",804,807,"settling",0,310
8351,12,"B12.S2xD2",804,807,"settling",0,310
8352,12,"B12.S2xD2",804,807,"settling",0,310
8353,12,"B12.S2xD2",804,807,"settling",0,310
8354,12,"B12.S2xD2",804,807,"settling",0,310
8355,12,"B12.S2xD2",804,807,"settling",0,310
8356,12,"B12.S2xD2",804,807,"settling",0,310
8357,12,"B12.S2xD2",804,807,"settling",0,310
8358,12,"B12.S2xD2",804,807,"settling",1,311
8359,12,"B12.S2xD2",804,807,"settling",1,311
8360,12,"B12.S2xD2",804,807,"settling",1,311
8361,12,"B12.S2xD2",804,807,"settling",1,311
8362,12,"B12.S2xD2",804,807,"settling",1,311
8363,12,"B12.S2xD2",804,807,"settling",1,311
8364,12,"B12.S2xD2",804,807,"settling",1,311
8365,12,"B12.S2xD2",804,807,"settling",1,311
8366,12,"B12.S2xD2",804,807,"settling",1,311
8367,12,"B12.S2xD2",804,807,"settling",1,311
8368,12,"B12.S2xD2",804,807,"settling",1,311
8369,12,"B12.S2xD2",804,807,"settling",1,311
8370,12,"B12.S2xD2",804,807,"settling",1,311
8371,12,"B12.S2xD2",804,807,"settling",1,311
8372,12,"B12.S2xD2",804,807,"settling",1,311
8373,12,"B12.S2xD2",804,807,"settling",1,311
8374,12,"B12.S2xD2",804,807,"settling",0,311
8375,12,"B12.S2xD2",804,807,"settling",0,311
8376,12,"B12.S2xD2",804,807,"settling",0,311
8377,12,"B12.S2xD2",804,807,"settling",0,311
8378,12,"B12.S2xD2",804,807,"settling",0,311
749,12,"B12.S2xD3",804,808,"h.length",202.83,NA
749,12,"B12.S2xD3",804,808,"n.length",467.54,NA
750,12,"B12.S2xD3",804,808,"h.length",208.64,NA
750,12,"B12.S2xD3",804,808,"n.length",451.08,NA
751,12,"B12.S2xD3",804,808,"h.length",211.56,NA
751,12,"B12.S2xD3",804,808,"n.length",475.58,NA
752,12,"B12.S2xD3",804,808,"h.length",210.57,NA
752,12,"B12.S2xD3",804,808,"n.length",475.19,NA
753,12,"B12.S2xD3",804,808,"h.length",216.82,NA
753,12,"B12.S2xD3",804,808,"n.length",471.54,NA
754,12,"B12.S2xD3",804,808,"h.length",211.18,NA
754,12,"B12.S2xD3",804,808,"n.length",484.45,NA
755,12,"B12.S2xD3",804,808,"h.length",196.75,NA
755,12,"B12.S2xD3",804,808,"n.length",480.04,NA
756,12,"B12.S2xD3",804,808,"h.length",205.39,NA
756,12,"B12.S2xD3",804,808,"n.length",460.39,NA
757,12,"B12.S2xD3",804,808,"h.length",210.92,NA
757,12,"B12.S2xD3",804,808,"n.length",482.5,NA
758,12,"B12.S2xD3",804,808,"h.length",209.13,NA
758,12,"B12.S2xD3",804,808,"n.length",479.01,NA
759,12,"B12.S2xD3",804,808,"h.length",211.89,NA
759,12,"B12.S2xD3",804,808,"n.length",480.91,NA
760,12,"B12.S2xD3",804,808,"h.length",216.57,NA
760,12,"B12.S2xD3",804,808,"n.length",480.75,NA
3421,12,"B12.S2xD3",804,808,"hatching",1,312
3422,12,"B12.S2xD3",804,808,"hatching",1,312
3423,12,"B12.S2xD3",804,808,"hatching",1,312
3424,12,"B12.S2xD3",804,808,"hatching",1,312
3425,12,"B12.S2xD3",804,808,"hatching",1,312
3426,12,"B12.S2xD3",804,808,"hatching",1,312
3427,12,"B12.S2xD3",804,808,"hatching",1,312
3428,12,"B12.S2xD3",804,808,"hatching",1,312
3429,12,"B12.S2xD3",804,808,"hatching",1,312
3430,12,"B12.S2xD3",804,808,"hatching",1,312
3431,12,"B12.S2xD3",804,808,"hatching",1,312
3432,12,"B12.S2xD3",804,808,"hatching",1,312
3433,12,"B12.S2xD3",804,808,"hatching",1,312
3434,12,"B12.S2xD3",804,808,"hatching",1,312
3435,12,"B12.S2xD3",804,808,"hatching",1,312
3436,12,"B12.S2xD3",804,808,"hatching",1,312
3437,12,"B12.S2xD3",804,808,"hatching",1,312
3438,12,"B12.S2xD3",804,808,"hatching",1,312
3439,12,"B12.S2xD3",804,808,"hatching",1,312
3440,12,"B12.S2xD3",804,808,"hatching",1,312
3441,12,"B12.S2xD3",804,808,"hatching",1,312
3442,12,"B12.S2xD3",804,808,"hatching",1,313
3443,12,"B12.S2xD3",804,808,"hatching",1,313
3444,12,"B12.S2xD3",804,808,"hatching",1,313
3445,12,"B12.S2xD3",804,808,"hatching",1,313
3446,12,"B12.S2xD3",804,808,"hatching",1,313
3447,12,"B12.S2xD3",804,808,"hatching",1,313
3448,12,"B12.S2xD3",804,808,"hatching",1,313
3449,12,"B12.S2xD3",804,808,"hatching",1,313
3450,12,"B12.S2xD3",804,808,"hatching",1,313
3451,12,"B12.S2xD3",804,808,"hatching",1,313
3452,12,"B12.S2xD3",804,808,"hatching",1,313
3453,12,"B12.S2xD3",804,808,"hatching",1,313
3454,12,"B12.S2xD3",804,808,"hatching",1,313
3455,12,"B12.S2xD3",804,808,"hatching",1,313
3456,12,"B12.S2xD3",804,808,"hatching",1,313
3457,12,"B12.S2xD3",804,808,"hatching",1,313
3458,12,"B12.S2xD3",804,808,"hatching",0,313
3459,12,"B12.S2xD3",804,808,"hatching",1,314
3460,12,"B12.S2xD3",804,808,"hatching",1,314
3461,12,"B12.S2xD3",804,808,"hatching",1,314
3462,12,"B12.S2xD3",804,808,"hatching",1,314
3463,12,"B12.S2xD3",804,808,"hatching",1,314
3464,12,"B12.S2xD3",804,808,"hatching",1,314
3465,12,"B12.S2xD3",804,808,"hatching",1,314
3466,12,"B12.S2xD3",804,808,"hatching",1,314
3467,12,"B12.S2xD3",804,808,"hatching",1,314
3468,12,"B12.S2xD3",804,808,"hatching",1,314
3469,12,"B12.S2xD3",804,808,"hatching",1,314
8379,12,"B12.S2xD3",804,808,"settling",1,315
8380,12,"B12.S2xD3",804,808,"settling",1,315
8381,12,"B12.S2xD3",804,808,"settling",1,315
8382,12,"B12.S2xD3",804,808,"settling",1,315
8383,12,"B12.S2xD3",804,808,"settling",1,315
8384,12,"B12.S2xD3",804,808,"settling",1,315
8385,12,"B12.S2xD3",804,808,"settling",0,315
8386,12,"B12.S2xD3",804,808,"settling",0,315
8387,12,"B12.S2xD3",804,808,"settling",0,315
8388,12,"B12.S2xD3",804,808,"settling",0,315
8389,12,"B12.S2xD3",804,808,"settling",0,315
8390,12,"B12.S2xD3",804,808,"settling",0,315
8391,12,"B12.S2xD3",804,808,"settling",0,315
8392,12,"B12.S2xD3",804,808,"settling",0,315
8393,12,"B12.S2xD3",804,808,"settling",0,315
8394,12,"B12.S2xD3",804,808,"settling",0,315
8395,12,"B12.S2xD3",804,808,"settling",0,315
8396,12,"B12.S2xD3",804,808,"settling",0,315
8397,12,"B12.S2xD3",804,808,"settling",0,315
8398,12,"B12.S2xD3",804,808,"settling",0,315
8399,12,"B12.S2xD3",804,808,"settling",0,315
8400,12,"B12.S2xD3",804,808,"settling",1,316
8401,12,"B12.S2xD3",804,808,"settling",1,316
8402,12,"B12.S2xD3",804,808,"settling",1,316
8403,12,"B12.S2xD3",804,808,"settling",1,316
8404,12,"B12.S2xD3",804,808,"settling",1,316
8405,12,"B12.S2xD3",804,808,"settling",1,316
8406,12,"B12.S2xD3",804,808,"settling",1,316
8407,12,"B12.S2xD3",804,808,"settling",1,316
8408,12,"B12.S2xD3",804,808,"settling",1,316
8409,12,"B12.S2xD3",804,808,"settling",1,316
8410,12,"B12.S2xD3",804,808,"settling",0,316
8411,12,"B12.S2xD3",804,808,"settling",0,316
8412,12,"B12.S2xD3",804,808,"settling",0,316
8413,12,"B12.S2xD3",804,808,"settling",0,316
8414,12,"B12.S2xD3",804,808,"settling",0,316
8415,12,"B12.S2xD3",804,808,"settling",0,316
8416,12,"B12.S2xD3",804,808,"settling",0,316
8417,12,"B12.S2xD3",804,808,"settling",0,316
8418,12,"B12.S2xD3",804,808,"settling",0,316
8419,12,"B12.S2xD3",804,808,"settling",0,316
8420,12,"B12.S2xD3",804,808,"settling",1,317
8421,12,"B12.S2xD3",804,808,"settling",1,317
8422,12,"B12.S2xD3",804,808,"settling",1,317
8423,12,"B12.S2xD3",804,808,"settling",1,317
8424,12,"B12.S2xD3",804,808,"settling",1,317
8425,12,"B12.S2xD3",804,808,"settling",1,317
8426,12,"B12.S2xD3",804,808,"settling",1,317
8427,12,"B12.S2xD3",804,808,"settling",1,317
8428,12,"B12.S2xD3",804,808,"settling",1,317
8429,12,"B12.S2xD3",804,808,"settling",0,317
8430,12,"B12.S2xD3",804,808,"settling",0,317
8431,12,"B12.S2xD3",804,808,"settling",0,317
8432,12,"B12.S2xD3",804,808,"settling",0,317
8433,12,"B12.S2xD3",804,808,"settling",0,317
8434,12,"B12.S2xD3",804,808,"settling",0,317
8435,12,"B12.S2xD3",804,808,"settling",0,317
8436,12,"B12.S2xD3",804,808,"settling",0,317
8437,12,"B12.S2xD3",804,808,"settling",0,317
761,12,"B12.S3xD1",805,806,"h.length",217.05,NA
761,12,"B12.S3xD1",805,806,"n.length",470.04,NA
762,12,"B12.S3xD1",805,806,"h.length",205.77,NA
762,12,"B12.S3xD1",805,806,"n.length",464.05,NA
763,12,"B12.S3xD1",805,806,"h.length",205.11,NA
763,12,"B12.S3xD1",805,806,"n.length",462.48,NA
764,12,"B12.S3xD1",805,806,"h.length",207.63,NA
764,12,"B12.S3xD1",805,806,"n.length",464.09,NA
765,12,"B12.S3xD1",805,806,"h.length",210.79,NA
765,12,"B12.S3xD1",805,806,"n.length",441.85,NA
766,12,"B12.S3xD1",805,806,"h.length",196.74,NA
766,12,"B12.S3xD1",805,806,"n.length",465.32,NA
767,12,"B12.S3xD1",805,806,"h.length",211.58,NA
767,12,"B12.S3xD1",805,806,"n.length",463.41,NA
768,12,"B12.S3xD1",805,806,"h.length",196.76,NA
768,12,"B12.S3xD1",805,806,"n.length",444.44,NA
769,12,"B12.S3xD1",805,806,"h.length",201.13,NA
769,12,"B12.S3xD1",805,806,"n.length",455.2,NA
770,12,"B12.S3xD1",805,806,"h.length",199.52,NA
770,12,"B12.S3xD1",805,806,"n.length",435.03,NA
771,12,"B12.S3xD1",805,806,"h.length",202.56,NA
771,12,"B12.S3xD1",805,806,"n.length",459.13,NA
772,12,"B12.S3xD1",805,806,"h.length",215.73,NA
772,12,"B12.S3xD1",805,806,"n.length",468.44,NA
3470,12,"B12.S3xD1",805,806,"hatching",1,318
3471,12,"B12.S3xD1",805,806,"hatching",1,318
3472,12,"B12.S3xD1",805,806,"hatching",1,318
3473,12,"B12.S3xD1",805,806,"hatching",1,318
3474,12,"B12.S3xD1",805,806,"hatching",1,318
3475,12,"B12.S3xD1",805,806,"hatching",1,318
3476,12,"B12.S3xD1",805,806,"hatching",1,318
3477,12,"B12.S3xD1",805,806,"hatching",1,318
3478,12,"B12.S3xD1",805,806,"hatching",1,318
3479,12,"B12.S3xD1",805,806,"hatching",1,318
3480,12,"B12.S3xD1",805,806,"hatching",1,318
3481,12,"B12.S3xD1",805,806,"hatching",1,318
3482,12,"B12.S3xD1",805,806,"hatching",1,318
3483,12,"B12.S3xD1",805,806,"hatching",1,318
3484,12,"B12.S3xD1",805,806,"hatching",1,318
3485,12,"B12.S3xD1",805,806,"hatching",1,318
3486,12,"B12.S3xD1",805,806,"hatching",1,318
3487,12,"B12.S3xD1",805,806,"hatching",1,318
3488,12,"B12.S3xD1",805,806,"hatching",1,318
3489,12,"B12.S3xD1",805,806,"hatching",1,319
3490,12,"B12.S3xD1",805,806,"hatching",1,319
3491,12,"B12.S3xD1",805,806,"hatching",1,319
3492,12,"B12.S3xD1",805,806,"hatching",1,319
3493,12,"B12.S3xD1",805,806,"hatching",1,319
3494,12,"B12.S3xD1",805,806,"hatching",1,319
3495,12,"B12.S3xD1",805,806,"hatching",1,319
3496,12,"B12.S3xD1",805,806,"hatching",1,319
3497,12,"B12.S3xD1",805,806,"hatching",1,319
3498,12,"B12.S3xD1",805,806,"hatching",1,319
3499,12,"B12.S3xD1",805,806,"hatching",1,319
3500,12,"B12.S3xD1",805,806,"hatching",1,319
3501,12,"B12.S3xD1",805,806,"hatching",1,319
3502,12,"B12.S3xD1",805,806,"hatching",1,319
3503,12,"B12.S3xD1",805,806,"hatching",1,319
3504,12,"B12.S3xD1",805,806,"hatching",1,319
3505,12,"B12.S3xD1",805,806,"hatching",1,319
3506,12,"B12.S3xD1",805,806,"hatching",1,319
3507,12,"B12.S3xD1",805,806,"hatching",1,319
3508,12,"B12.S3xD1",805,806,"hatching",0,319
3509,12,"B12.S3xD1",805,806,"hatching",0,319
3510,12,"B12.S3xD1",805,806,"hatching",0,319
3511,12,"B12.S3xD1",805,806,"hatching",1,320
3512,12,"B12.S3xD1",805,806,"hatching",1,320
3513,12,"B12.S3xD1",805,806,"hatching",1,320
3514,12,"B12.S3xD1",805,806,"hatching",1,320
3515,12,"B12.S3xD1",805,806,"hatching",1,320
3516,12,"B12.S3xD1",805,806,"hatching",1,320
3517,12,"B12.S3xD1",805,806,"hatching",1,320
3518,12,"B12.S3xD1",805,806,"hatching",1,320
3519,12,"B12.S3xD1",805,806,"hatching",1,320
3520,12,"B12.S3xD1",805,806,"hatching",1,320
3521,12,"B12.S3xD1",805,806,"hatching",1,320
3522,12,"B12.S3xD1",805,806,"hatching",1,320
3523,12,"B12.S3xD1",805,806,"hatching",1,320
3524,12,"B12.S3xD1",805,806,"hatching",1,320
3525,12,"B12.S3xD1",805,806,"hatching",1,320
3526,12,"B12.S3xD1",805,806,"hatching",1,320
3527,12,"B12.S3xD1",805,806,"hatching",1,320
3528,12,"B12.S3xD1",805,806,"hatching",1,320
3529,12,"B12.S3xD1",805,806,"hatching",0,320
3530,12,"B12.S3xD1",805,806,"hatching",0,320
3531,12,"B12.S3xD1",805,806,"hatching",0,320
3532,12,"B12.S3xD1",805,806,"hatching",0,320
8438,12,"B12.S3xD1",805,806,"settling",1,321
8439,12,"B12.S3xD1",805,806,"settling",1,321
8440,12,"B12.S3xD1",805,806,"settling",1,321
8441,12,"B12.S3xD1",805,806,"settling",1,321
8442,12,"B12.S3xD1",805,806,"settling",1,321
8443,12,"B12.S3xD1",805,806,"settling",1,321
8444,12,"B12.S3xD1",805,806,"settling",1,321
8445,12,"B12.S3xD1",805,806,"settling",1,321
8446,12,"B12.S3xD1",805,806,"settling",1,321
8447,12,"B12.S3xD1",805,806,"settling",1,321
8448,12,"B12.S3xD1",805,806,"settling",1,321
8449,12,"B12.S3xD1",805,806,"settling",1,321
8450,12,"B12.S3xD1",805,806,"settling",1,321
8451,12,"B12.S3xD1",805,806,"settling",1,321
8452,12,"B12.S3xD1",805,806,"settling",1,321
8453,12,"B12.S3xD1",805,806,"settling",1,321
8454,12,"B12.S3xD1",805,806,"settling",0,321
8455,12,"B12.S3xD1",805,806,"settling",0,321
8456,12,"B12.S3xD1",805,806,"settling",0,321
8457,12,"B12.S3xD1",805,806,"settling",0,321
8458,12,"B12.S3xD1",805,806,"settling",0,321
8459,12,"B12.S3xD1",805,806,"settling",1,322
8460,12,"B12.S3xD1",805,806,"settling",1,322
8461,12,"B12.S3xD1",805,806,"settling",1,322
8462,12,"B12.S3xD1",805,806,"settling",1,322
8463,12,"B12.S3xD1",805,806,"settling",1,322
8464,12,"B12.S3xD1",805,806,"settling",1,322
8465,12,"B12.S3xD1",805,806,"settling",1,322
8466,12,"B12.S3xD1",805,806,"settling",1,322
8467,12,"B12.S3xD1",805,806,"settling",1,322
8468,12,"B12.S3xD1",805,806,"settling",1,322
8469,12,"B12.S3xD1",805,806,"settling",1,322
8470,12,"B12.S3xD1",805,806,"settling",1,322
8471,12,"B12.S3xD1",805,806,"settling",0,322
8472,12,"B12.S3xD1",805,806,"settling",0,322
8473,12,"B12.S3xD1",805,806,"settling",0,322
8474,12,"B12.S3xD1",805,806,"settling",0,322
8475,12,"B12.S3xD1",805,806,"settling",0,322
8476,12,"B12.S3xD1",805,806,"settling",0,322
8477,12,"B12.S3xD1",805,806,"settling",1,323
8478,12,"B12.S3xD1",805,806,"settling",1,323
8479,12,"B12.S3xD1",805,806,"settling",1,323
8480,12,"B12.S3xD1",805,806,"settling",1,323
8481,12,"B12.S3xD1",805,806,"settling",1,323
8482,12,"B12.S3xD1",805,806,"settling",1,323
8483,12,"B12.S3xD1",805,806,"settling",1,323
8484,12,"B12.S3xD1",805,806,"settling",1,323
8485,12,"B12.S3xD1",805,806,"settling",1,323
8486,12,"B12.S3xD1",805,806,"settling",1,323
8487,12,"B12.S3xD1",805,806,"settling",1,323
8488,12,"B12.S3xD1",805,806,"settling",1,323
8489,12,"B12.S3xD1",805,806,"settling",1,323
8490,12,"B12.S3xD1",805,806,"settling",1,323
8491,12,"B12.S3xD1",805,806,"settling",1,323
8492,12,"B12.S3xD1",805,806,"settling",1,323
8493,12,"B12.S3xD1",805,806,"settling",0,323
8494,12,"B12.S3xD1",805,806,"settling",0,323
8495,12,"B12.S3xD1",805,806,"settling",0,323
8496,12,"B12.S3xD1",805,806,"settling",0,323
773,12,"B12.S3xD2",805,807,"h.length",194.93,NA
773,12,"B12.S3xD2",805,807,"n.length",399.37,NA
774,12,"B12.S3xD2",805,807,"h.length",198.03,NA
774,12,"B12.S3xD2",805,807,"n.length",404.79,NA
775,12,"B12.S3xD2",805,807,"h.length",194.94,NA
775,12,"B12.S3xD2",805,807,"n.length",410.93,NA
776,12,"B12.S3xD2",805,807,"h.length",199.53,NA
776,12,"B12.S3xD2",805,807,"n.length",416.23,NA
777,12,"B12.S3xD2",805,807,"h.length",198.04,NA
777,12,"B12.S3xD2",805,807,"n.length",426.9,NA
778,12,"B12.S3xD2",805,807,"h.length",199.73,NA
778,12,"B12.S3xD2",805,807,"n.length",418.16,NA
779,12,"B12.S3xD2",805,807,"h.length",183.43,NA
779,12,"B12.S3xD2",805,807,"n.length",429.13,NA
780,12,"B12.S3xD2",805,807,"h.length",199.96,NA
780,12,"B12.S3xD2",805,807,"n.length",421.92,NA
781,12,"B12.S3xD2",805,807,"h.length",184.33,NA
781,12,"B12.S3xD2",805,807,"n.length",409.21,NA
782,12,"B12.S3xD2",805,807,"h.length",194.98,NA
782,12,"B12.S3xD2",805,807,"n.length",412.55,NA
783,12,"B12.S3xD2",805,807,"h.length",184.66,NA
783,12,"B12.S3xD2",805,807,"n.length",407.15,NA
784,12,"B12.S3xD2",805,807,"h.length",191.87,NA
784,12,"B12.S3xD2",805,807,"n.length",408.56,NA
3533,12,"B12.S3xD2",805,807,"hatching",1,324
3534,12,"B12.S3xD2",805,807,"hatching",1,324
3535,12,"B12.S3xD2",805,807,"hatching",1,324
3536,12,"B12.S3xD2",805,807,"hatching",1,324
3537,12,"B12.S3xD2",805,807,"hatching",1,324
3538,12,"B12.S3xD2",805,807,"hatching",1,324
3539,12,"B12.S3xD2",805,807,"hatching",1,324
3540,12,"B12.S3xD2",805,807,"hatching",1,324
3541,12,"B12.S3xD2",805,807,"hatching",1,324
3542,12,"B12.S3xD2",805,807,"hatching",1,324
3543,12,"B12.S3xD2",805,807,"hatching",1,324
3544,12,"B12.S3xD2",805,807,"hatching",1,324
3545,12,"B12.S3xD2",805,807,"hatching",1,324
3546,12,"B12.S3xD2",805,807,"hatching",1,324
3547,12,"B12.S3xD2",805,807,"hatching",1,324
3548,12,"B12.S3xD2",805,807,"hatching",1,324
3549,12,"B12.S3xD2",805,807,"hatching",1,324
3550,12,"B12.S3xD2",805,807,"hatching",0,324
3551,12,"B12.S3xD2",805,807,"hatching",0,324
3552,12,"B12.S3xD2",805,807,"hatching",0,324
3553,12,"B12.S3xD2",805,807,"hatching",0,324
3554,12,"B12.S3xD2",805,807,"hatching",0,324
3555,12,"B12.S3xD2",805,807,"hatching",0,324
3556,12,"B12.S3xD2",805,807,"hatching",0,324
3557,12,"B12.S3xD2",805,807,"hatching",0,324
3558,12,"B12.S3xD2",805,807,"hatching",1,325
3559,12,"B12.S3xD2",805,807,"hatching",1,325
3560,12,"B12.S3xD2",805,807,"hatching",1,325
3561,12,"B12.S3xD2",805,807,"hatching",1,325
3562,12,"B12.S3xD2",805,807,"hatching",1,325
3563,12,"B12.S3xD2",805,807,"hatching",1,325
3564,12,"B12.S3xD2",805,807,"hatching",1,325
3565,12,"B12.S3xD2",805,807,"hatching",1,325
3566,12,"B12.S3xD2",805,807,"hatching",1,325
3567,12,"B12.S3xD2",805,807,"hatching",1,325
3568,12,"B12.S3xD2",805,807,"hatching",1,325
3569,12,"B12.S3xD2",805,807,"hatching",1,325
3570,12,"B12.S3xD2",805,807,"hatching",1,325
3571,12,"B12.S3xD2",805,807,"hatching",1,325
3572,12,"B12.S3xD2",805,807,"hatching",1,325
3573,12,"B12.S3xD2",805,807,"hatching",1,325
3574,12,"B12.S3xD2",805,807,"hatching",1,325
3575,12,"B12.S3xD2",805,807,"hatching",1,325
3576,12,"B12.S3xD2",805,807,"hatching",0,325
3577,12,"B12.S3xD2",805,807,"hatching",0,325
3578,12,"B12.S3xD2",805,807,"hatching",0,325
3579,12,"B12.S3xD2",805,807,"hatching",0,325
3580,12,"B12.S3xD2",805,807,"hatching",0,325
3581,12,"B12.S3xD2",805,807,"hatching",1,326
3582,12,"B12.S3xD2",805,807,"hatching",1,326
3583,12,"B12.S3xD2",805,807,"hatching",1,326
3584,12,"B12.S3xD2",805,807,"hatching",1,326
3585,12,"B12.S3xD2",805,807,"hatching",1,326
3586,12,"B12.S3xD2",805,807,"hatching",1,326
3587,12,"B12.S3xD2",805,807,"hatching",1,326
3588,12,"B12.S3xD2",805,807,"hatching",1,326
3589,12,"B12.S3xD2",805,807,"hatching",1,326
3590,12,"B12.S3xD2",805,807,"hatching",1,326
3591,12,"B12.S3xD2",805,807,"hatching",1,326
3592,12,"B12.S3xD2",805,807,"hatching",1,326
3593,12,"B12.S3xD2",805,807,"hatching",1,326
3594,12,"B12.S3xD2",805,807,"hatching",1,326
3595,12,"B12.S3xD2",805,807,"hatching",0,326
3596,12,"B12.S3xD2",805,807,"hatching",0,326
3597,12,"B12.S3xD2",805,807,"hatching",0,326
3598,12,"B12.S3xD2",805,807,"hatching",0,326
3599,12,"B12.S3xD2",805,807,"hatching",0,326
8497,12,"B12.S3xD2",805,807,"settling",1,327
8498,12,"B12.S3xD2",805,807,"settling",1,327
8499,12,"B12.S3xD2",805,807,"settling",1,327
8500,12,"B12.S3xD2",805,807,"settling",1,327
8501,12,"B12.S3xD2",805,807,"settling",1,327
8502,12,"B12.S3xD2",805,807,"settling",1,327
8503,12,"B12.S3xD2",805,807,"settling",0,327
8504,12,"B12.S3xD2",805,807,"settling",0,327
8505,12,"B12.S3xD2",805,807,"settling",0,327
8506,12,"B12.S3xD2",805,807,"settling",0,327
8507,12,"B12.S3xD2",805,807,"settling",0,327
8508,12,"B12.S3xD2",805,807,"settling",0,327
8509,12,"B12.S3xD2",805,807,"settling",0,327
8510,12,"B12.S3xD2",805,807,"settling",0,327
8511,12,"B12.S3xD2",805,807,"settling",0,327
8512,12,"B12.S3xD2",805,807,"settling",0,327
8513,12,"B12.S3xD2",805,807,"settling",0,327
8514,12,"B12.S3xD2",805,807,"settling",0,327
8515,12,"B12.S3xD2",805,807,"settling",0,327
8516,12,"B12.S3xD2",805,807,"settling",0,327
8517,12,"B12.S3xD2",805,807,"settling",1,328
8518,12,"B12.S3xD2",805,807,"settling",1,328
8519,12,"B12.S3xD2",805,807,"settling",1,328
8520,12,"B12.S3xD2",805,807,"settling",1,328
8521,12,"B12.S3xD2",805,807,"settling",1,328
8522,12,"B12.S3xD2",805,807,"settling",1,328
8523,12,"B12.S3xD2",805,807,"settling",1,328
8524,12,"B12.S3xD2",805,807,"settling",1,328
8525,12,"B12.S3xD2",805,807,"settling",1,328
8526,12,"B12.S3xD2",805,807,"settling",1,328
8527,12,"B12.S3xD2",805,807,"settling",1,328
8528,12,"B12.S3xD2",805,807,"settling",0,328
8529,12,"B12.S3xD2",805,807,"settling",0,328
8530,12,"B12.S3xD2",805,807,"settling",0,328
8531,12,"B12.S3xD2",805,807,"settling",0,328
8532,12,"B12.S3xD2",805,807,"settling",0,328
8533,12,"B12.S3xD2",805,807,"settling",0,328
8534,12,"B12.S3xD2",805,807,"settling",0,328
8535,12,"B12.S3xD2",805,807,"settling",0,328
8536,12,"B12.S3xD2",805,807,"settling",0,328
8537,12,"B12.S3xD2",805,807,"settling",1,329
8538,12,"B12.S3xD2",805,807,"settling",1,329
8539,12,"B12.S3xD2",805,807,"settling",1,329
8540,12,"B12.S3xD2",805,807,"settling",0,329
8541,12,"B12.S3xD2",805,807,"settling",0,329
8542,12,"B12.S3xD2",805,807,"settling",0,329
8543,12,"B12.S3xD2",805,807,"settling",0,329
8544,12,"B12.S3xD2",805,807,"settling",0,329
8545,12,"B12.S3xD2",805,807,"settling",0,329
8546,12,"B12.S3xD2",805,807,"settling",0,329
8547,12,"B12.S3xD2",805,807,"settling",0,329
8548,12,"B12.S3xD2",805,807,"settling",0,329
8549,12,"B12.S3xD2",805,807,"settling",0,329
8550,12,"B12.S3xD2",805,807,"settling",0,329
8551,12,"B12.S3xD2",805,807,"settling",0,329
8552,12,"B12.S3xD2",805,807,"settling",0,329
8553,12,"B12.S3xD2",805,807,"settling",0,329
8554,12,"B12.S3xD2",805,807,"settling",0,329
8555,12,"B12.S3xD2",805,807,"settling",0,329
8556,12,"B12.S3xD2",805,807,"settling",0,329
785,12,"B12.S3xD3",805,808,"h.length",209.64,NA
785,12,"B12.S3xD3",805,808,"n.length",475.76,NA
786,12,"B12.S3xD3",805,808,"h.length",213.61,NA
786,12,"B12.S3xD3",805,808,"n.length",468.59,NA
787,12,"B12.S3xD3",805,808,"h.length",201.56,NA
787,12,"B12.S3xD3",805,808,"n.length",488.69,NA
788,12,"B12.S3xD3",805,808,"h.length",205.2,NA
788,12,"B12.S3xD3",805,808,"n.length",472.79,NA
789,12,"B12.S3xD3",805,808,"h.length",216.63,NA
789,12,"B12.S3xD3",805,808,"n.length",467.47,NA
790,12,"B12.S3xD3",805,808,"h.length",216.28,NA
790,12,"B12.S3xD3",805,808,"n.length",457.38,NA
791,12,"B12.S3xD3",805,808,"h.length",205.33,NA
791,12,"B12.S3xD3",805,808,"n.length",460.92,NA
792,12,"B12.S3xD3",805,808,"h.length",213.15,NA
792,12,"B12.S3xD3",805,808,"n.length",455.99,NA
793,12,"B12.S3xD3",805,808,"h.length",218.1,NA
793,12,"B12.S3xD3",805,808,"n.length",455.7,NA
794,12,"B12.S3xD3",805,808,"h.length",204.18,NA
794,12,"B12.S3xD3",805,808,"n.length",577.57,NA
795,12,"B12.S3xD3",805,808,"h.length",198,NA
795,12,"B12.S3xD3",805,808,"n.length",468.15,NA
796,12,"B12.S3xD3",805,808,"h.length",208.16,NA
796,12,"B12.S3xD3",805,808,"n.length",464.12,NA
3600,12,"B12.S3xD3",805,808,"hatching",1,330
3601,12,"B12.S3xD3",805,808,"hatching",1,330
3602,12,"B12.S3xD3",805,808,"hatching",1,330
3603,12,"B12.S3xD3",805,808,"hatching",1,330
3604,12,"B12.S3xD3",805,808,"hatching",1,330
3605,12,"B12.S3xD3",805,808,"hatching",1,330
3606,12,"B12.S3xD3",805,808,"hatching",1,330
3607,12,"B12.S3xD3",805,808,"hatching",1,330
3608,12,"B12.S3xD3",805,808,"hatching",1,330
3609,12,"B12.S3xD3",805,808,"hatching",1,330
3610,12,"B12.S3xD3",805,808,"hatching",1,330
3611,12,"B12.S3xD3",805,808,"hatching",1,330
3612,12,"B12.S3xD3",805,808,"hatching",1,330
3613,12,"B12.S3xD3",805,808,"hatching",1,330
3614,12,"B12.S3xD3",805,808,"hatching",1,330
3615,12,"B12.S3xD3",805,808,"hatching",0,330
3616,12,"B12.S3xD3",805,808,"hatching",1,331
3617,12,"B12.S3xD3",805,808,"hatching",1,331
3618,12,"B12.S3xD3",805,808,"hatching",1,331
3619,12,"B12.S3xD3",805,808,"hatching",1,331
3620,12,"B12.S3xD3",805,808,"hatching",1,331
3621,12,"B12.S3xD3",805,808,"hatching",1,331
3622,12,"B12.S3xD3",805,808,"hatching",1,331
3623,12,"B12.S3xD3",805,808,"hatching",1,331
3624,12,"B12.S3xD3",805,808,"hatching",1,331
3625,12,"B12.S3xD3",805,808,"hatching",1,331
3626,12,"B12.S3xD3",805,808,"hatching",1,331
3627,12,"B12.S3xD3",805,808,"hatching",1,331
3628,12,"B12.S3xD3",805,808,"hatching",1,331
3629,12,"B12.S3xD3",805,808,"hatching",1,331
3630,12,"B12.S3xD3",805,808,"hatching",1,331
3631,12,"B12.S3xD3",805,808,"hatching",1,331
3632,12,"B12.S3xD3",805,808,"hatching",1,331
3633,12,"B12.S3xD3",805,808,"hatching",1,331
3634,12,"B12.S3xD3",805,808,"hatching",1,332
3635,12,"B12.S3xD3",805,808,"hatching",1,332
3636,12,"B12.S3xD3",805,808,"hatching",1,332
3637,12,"B12.S3xD3",805,808,"hatching",1,332
3638,12,"B12.S3xD3",805,808,"hatching",1,332
3639,12,"B12.S3xD3",805,808,"hatching",1,332
3640,12,"B12.S3xD3",805,808,"hatching",1,332
3641,12,"B12.S3xD3",805,808,"hatching",1,332
3642,12,"B12.S3xD3",805,808,"hatching",1,332
3643,12,"B12.S3xD3",805,808,"hatching",1,332
3644,12,"B12.S3xD3",805,808,"hatching",1,332
3645,12,"B12.S3xD3",805,808,"hatching",1,332
3646,12,"B12.S3xD3",805,808,"hatching",1,332
3647,12,"B12.S3xD3",805,808,"hatching",1,332
3648,12,"B12.S3xD3",805,808,"hatching",1,332
3649,12,"B12.S3xD3",805,808,"hatching",1,332
3650,12,"B12.S3xD3",805,808,"hatching",1,332
3651,12,"B12.S3xD3",805,808,"hatching",1,332
3652,12,"B12.S3xD3",805,808,"hatching",1,332
3653,12,"B12.S3xD3",805,808,"hatching",1,332
8557,12,"B12.S3xD3",805,808,"settling",1,333
8558,12,"B12.S3xD3",805,808,"settling",1,333
8559,12,"B12.S3xD3",805,808,"settling",1,333
8560,12,"B12.S3xD3",805,808,"settling",1,333
8561,12,"B12.S3xD3",805,808,"settling",1,333
8562,12,"B12.S3xD3",805,808,"settling",1,333
8563,12,"B12.S3xD3",805,808,"settling",1,333
8564,12,"B12.S3xD3",805,808,"settling",1,333
8565,12,"B12.S3xD3",805,808,"settling",1,333
8566,12,"B12.S3xD3",805,808,"settling",0,333
8567,12,"B12.S3xD3",805,808,"settling",0,333
8568,12,"B12.S3xD3",805,808,"settling",0,333
8569,12,"B12.S3xD3",805,808,"settling",0,333
8570,12,"B12.S3xD3",805,808,"settling",0,333
8571,12,"B12.S3xD3",805,808,"settling",0,333
8572,12,"B12.S3xD3",805,808,"settling",0,333
8573,12,"B12.S3xD3",805,808,"settling",0,333
8574,12,"B12.S3xD3",805,808,"settling",0,333
8575,12,"B12.S3xD3",805,808,"settling",0,333
8576,12,"B12.S3xD3",805,808,"settling",0,333
8577,12,"B12.S3xD3",805,808,"settling",1,334
8578,12,"B12.S3xD3",805,808,"settling",1,334
8579,12,"B12.S3xD3",805,808,"settling",1,334
8580,12,"B12.S3xD3",805,808,"settling",1,334
8581,12,"B12.S3xD3",805,808,"settling",1,334
8582,12,"B12.S3xD3",805,808,"settling",1,334
8583,12,"B12.S3xD3",805,808,"settling",1,334
8584,12,"B12.S3xD3",805,808,"settling",0,334
8585,12,"B12.S3xD3",805,808,"settling",0,334
8586,12,"B12.S3xD3",805,808,"settling",0,334
8587,12,"B12.S3xD3",805,808,"settling",0,334
8588,12,"B12.S3xD3",805,808,"settling",0,334
8589,12,"B12.S3xD3",805,808,"settling",0,334
8590,12,"B12.S3xD3",805,808,"settling",0,334
8591,12,"B12.S3xD3",805,808,"settling",0,334
8592,12,"B12.S3xD3",805,808,"settling",0,334
8593,12,"B12.S3xD3",805,808,"settling",0,334
8594,12,"B12.S3xD3",805,808,"settling",0,334
8595,12,"B12.S3xD3",805,808,"settling",1,335
8596,12,"B12.S3xD3",805,808,"settling",1,335
8597,12,"B12.S3xD3",805,808,"settling",1,335
8598,12,"B12.S3xD3",805,808,"settling",1,335
8599,12,"B12.S3xD3",805,808,"settling",1,335
8600,12,"B12.S3xD3",805,808,"settling",1,335
8601,12,"B12.S3xD3",805,808,"settling",1,335
8602,12,"B12.S3xD3",805,808,"settling",1,335
8603,12,"B12.S3xD3",805,808,"settling",1,335
8604,12,"B12.S3xD3",805,808,"settling",1,335
8605,12,"B12.S3xD3",805,808,"settling",1,335
8606,12,"B12.S3xD3",805,808,"settling",1,335
8607,12,"B12.S3xD3",805,808,"settling",1,335
8608,12,"B12.S3xD3",805,808,"settling",1,335
8609,12,"B12.S3xD3",805,808,"settling",0,335
8610,12,"B12.S3xD3",805,808,"settling",0,335
8611,12,"B12.S3xD3",805,808,"settling",0,335
8612,12,"B12.S3xD3",805,808,"settling",0,335
8613,12,"B12.S3xD3",805,808,"settling",0,335
809,13,"B13.S1xD1",1241,1244,"h.length",220.96,NA
809,13,"B13.S1xD1",1241,1244,"n.length",462.41,NA
810,13,"B13.S1xD1",1241,1244,"h.length",203.66,NA
810,13,"B13.S1xD1",1241,1244,"n.length",462.75,NA
811,13,"B13.S1xD1",1241,1244,"h.length",209.33,NA
811,13,"B13.S1xD1",1241,1244,"n.length",493.9,NA
812,13,"B13.S1xD1",1241,1244,"h.length",215.93,NA
812,13,"B13.S1xD1",1241,1244,"n.length",466.04,NA
813,13,"B13.S1xD1",1241,1244,"h.length",213.93,NA
813,13,"B13.S1xD1",1241,1244,"n.length",459.9,NA
814,13,"B13.S1xD1",1241,1244,"h.length",205.68,NA
814,13,"B13.S1xD1",1241,1244,"n.length",465.33,NA
815,13,"B13.S1xD1",1241,1244,"h.length",224.13,NA
815,13,"B13.S1xD1",1241,1244,"n.length",470.92,NA
816,13,"B13.S1xD1",1241,1244,"h.length",217.36,NA
816,13,"B13.S1xD1",1241,1244,"n.length",338.93,NA
817,13,"B13.S1xD1",1241,1244,"h.length",221.83,NA
817,13,"B13.S1xD1",1241,1244,"n.length",492.27,NA
818,13,"B13.S1xD1",1241,1244,"h.length",212.98,NA
818,13,"B13.S1xD1",1241,1244,"n.length",418.61,NA
819,13,"B13.S1xD1",1241,1244,"h.length",205.16,NA
819,13,"B13.S1xD1",1241,1244,"n.length",454.96,NA
820,13,"B13.S1xD1",1241,1244,"h.length",209.77,NA
820,13,"B13.S1xD1",1241,1244,"n.length",440.13,NA
3654,13,"B13.S1xD1",1241,1244,"hatching",1,336
3655,13,"B13.S1xD1",1241,1244,"hatching",1,336
3656,13,"B13.S1xD1",1241,1244,"hatching",1,336
3657,13,"B13.S1xD1",1241,1244,"hatching",1,336
3658,13,"B13.S1xD1",1241,1244,"hatching",1,336
3659,13,"B13.S1xD1",1241,1244,"hatching",1,336
3660,13,"B13.S1xD1",1241,1244,"hatching",1,336
3661,13,"B13.S1xD1",1241,1244,"hatching",1,336
3662,13,"B13.S1xD1",1241,1244,"hatching",1,336
3663,13,"B13.S1xD1",1241,1244,"hatching",1,336
3664,13,"B13.S1xD1",1241,1244,"hatching",1,336
3665,13,"B13.S1xD1",1241,1244,"hatching",1,336
3666,13,"B13.S1xD1",1241,1244,"hatching",1,336
3667,13,"B13.S1xD1",1241,1244,"hatching",1,336
3668,13,"B13.S1xD1",1241,1244,"hatching",1,336
3669,13,"B13.S1xD1",1241,1244,"hatching",0,336
3670,13,"B13.S1xD1",1241,1244,"hatching",0,336
3671,13,"B13.S1xD1",1241,1244,"hatching",0,336
3672,13,"B13.S1xD1",1241,1244,"hatching",1,337
3673,13,"B13.S1xD1",1241,1244,"hatching",1,337
3674,13,"B13.S1xD1",1241,1244,"hatching",1,337
3675,13,"B13.S1xD1",1241,1244,"hatching",1,337
3676,13,"B13.S1xD1",1241,1244,"hatching",1,337
3677,13,"B13.S1xD1",1241,1244,"hatching",1,337
3678,13,"B13.S1xD1",1241,1244,"hatching",1,337
3679,13,"B13.S1xD1",1241,1244,"hatching",1,337
3680,13,"B13.S1xD1",1241,1244,"hatching",1,337
3681,13,"B13.S1xD1",1241,1244,"hatching",1,337
3682,13,"B13.S1xD1",1241,1244,"hatching",1,337
3683,13,"B13.S1xD1",1241,1244,"hatching",1,337
3684,13,"B13.S1xD1",1241,1244,"hatching",1,337
3685,13,"B13.S1xD1",1241,1244,"hatching",1,337
3686,13,"B13.S1xD1",1241,1244,"hatching",1,337
3687,13,"B13.S1xD1",1241,1244,"hatching",0,337
3688,13,"B13.S1xD1",1241,1244,"hatching",0,337
3689,13,"B13.S1xD1",1241,1244,"hatching",0,337
3690,13,"B13.S1xD1",1241,1244,"hatching",0,337
3691,13,"B13.S1xD1",1241,1244,"hatching",0,337
3692,13,"B13.S1xD1",1241,1244,"hatching",0,337
3693,13,"B13.S1xD1",1241,1244,"hatching",0,337
3694,13,"B13.S1xD1",1241,1244,"hatching",1,338
3695,13,"B13.S1xD1",1241,1244,"hatching",1,338
3696,13,"B13.S1xD1",1241,1244,"hatching",1,338
3697,13,"B13.S1xD1",1241,1244,"hatching",1,338
3698,13,"B13.S1xD1",1241,1244,"hatching",1,338
3699,13,"B13.S1xD1",1241,1244,"hatching",1,338
3700,13,"B13.S1xD1",1241,1244,"hatching",1,338
3701,13,"B13.S1xD1",1241,1244,"hatching",1,338
3702,13,"B13.S1xD1",1241,1244,"hatching",1,338
3703,13,"B13.S1xD1",1241,1244,"hatching",1,338
3704,13,"B13.S1xD1",1241,1244,"hatching",1,338
3705,13,"B13.S1xD1",1241,1244,"hatching",1,338
3706,13,"B13.S1xD1",1241,1244,"hatching",1,338
3707,13,"B13.S1xD1",1241,1244,"hatching",1,338
3708,13,"B13.S1xD1",1241,1244,"hatching",1,338
3709,13,"B13.S1xD1",1241,1244,"hatching",1,338
3710,13,"B13.S1xD1",1241,1244,"hatching",0,338
3711,13,"B13.S1xD1",1241,1244,"hatching",0,338
3712,13,"B13.S1xD1",1241,1244,"hatching",0,338
821,13,"B13.S1xD2",1241,1245,"h.length",204.21,NA
821,13,"B13.S1xD2",1241,1245,"n.length",443.49,NA
822,13,"B13.S1xD2",1241,1245,"h.length",177.35,NA
822,13,"B13.S1xD2",1241,1245,"n.length",431.48,NA
823,13,"B13.S1xD2",1241,1245,"h.length",208.78,NA
823,13,"B13.S1xD2",1241,1245,"n.length",459.59,NA
824,13,"B13.S1xD2",1241,1245,"h.length",208.51,NA
824,13,"B13.S1xD2",1241,1245,"n.length",479.76,NA
825,13,"B13.S1xD2",1241,1245,"h.length",217.03,NA
825,13,"B13.S1xD2",1241,1245,"n.length",484.61,NA
826,13,"B13.S1xD2",1241,1245,"h.length",197.5,NA
826,13,"B13.S1xD2",1241,1245,"n.length",448.85,NA
827,13,"B13.S1xD2",1241,1245,"h.length",206.69,NA
827,13,"B13.S1xD2",1241,1245,"n.length",459.4,NA
828,13,"B13.S1xD2",1241,1245,"h.length",199.01,NA
828,13,"B13.S1xD2",1241,1245,"n.length",447.4,NA
829,13,"B13.S1xD2",1241,1245,"h.length",216.51,NA
829,13,"B13.S1xD2",1241,1245,"n.length",477.45,NA
830,13,"B13.S1xD2",1241,1245,"h.length",225.89,NA
830,13,"B13.S1xD2",1241,1245,"n.length",461.35,NA
831,13,"B13.S1xD2",1241,1245,"h.length",211.91,NA
831,13,"B13.S1xD2",1241,1245,"n.length",481.57,NA
832,13,"B13.S1xD2",1241,1245,"h.length",217.55,NA
832,13,"B13.S1xD2",1241,1245,"n.length",467.01,NA
3713,13,"B13.S1xD2",1241,1245,"hatching",1,342
3714,13,"B13.S1xD2",1241,1245,"hatching",1,342
3715,13,"B13.S1xD2",1241,1245,"hatching",1,342
3716,13,"B13.S1xD2",1241,1245,"hatching",1,342
3717,13,"B13.S1xD2",1241,1245,"hatching",1,342
3718,13,"B13.S1xD2",1241,1245,"hatching",1,342
3719,13,"B13.S1xD2",1241,1245,"hatching",1,342
3720,13,"B13.S1xD2",1241,1245,"hatching",1,342
3721,13,"B13.S1xD2",1241,1245,"hatching",1,342
3722,13,"B13.S1xD2",1241,1245,"hatching",1,342
3723,13,"B13.S1xD2",1241,1245,"hatching",1,342
3724,13,"B13.S1xD2",1241,1245,"hatching",1,342
3725,13,"B13.S1xD2",1241,1245,"hatching",1,342
3726,13,"B13.S1xD2",1241,1245,"hatching",1,342
3727,13,"B13.S1xD2",1241,1245,"hatching",1,342
3728,13,"B13.S1xD2",1241,1245,"hatching",1,342
3729,13,"B13.S1xD2",1241,1245,"hatching",0,342
3730,13,"B13.S1xD2",1241,1245,"hatching",0,342
3731,13,"B13.S1xD2",1241,1245,"hatching",1,343
3732,13,"B13.S1xD2",1241,1245,"hatching",1,343
3733,13,"B13.S1xD2",1241,1245,"hatching",1,343
3734,13,"B13.S1xD2",1241,1245,"hatching",1,343
3735,13,"B13.S1xD2",1241,1245,"hatching",1,343
3736,13,"B13.S1xD2",1241,1245,"hatching",1,343
3737,13,"B13.S1xD2",1241,1245,"hatching",1,343
3738,13,"B13.S1xD2",1241,1245,"hatching",1,343
3739,13,"B13.S1xD2",1241,1245,"hatching",1,343
3740,13,"B13.S1xD2",1241,1245,"hatching",1,343
3741,13,"B13.S1xD2",1241,1245,"hatching",1,343
3742,13,"B13.S1xD2",1241,1245,"hatching",1,343
3743,13,"B13.S1xD2",1241,1245,"hatching",1,343
3744,13,"B13.S1xD2",1241,1245,"hatching",1,343
3745,13,"B13.S1xD2",1241,1245,"hatching",1,343
3746,13,"B13.S1xD2",1241,1245,"hatching",1,343
3747,13,"B13.S1xD2",1241,1245,"hatching",0,343
3748,13,"B13.S1xD2",1241,1245,"hatching",1,344
3749,13,"B13.S1xD2",1241,1245,"hatching",1,344
3750,13,"B13.S1xD2",1241,1245,"hatching",1,344
3751,13,"B13.S1xD2",1241,1245,"hatching",1,344
3752,13,"B13.S1xD2",1241,1245,"hatching",1,344
3753,13,"B13.S1xD2",1241,1245,"hatching",1,344
3754,13,"B13.S1xD2",1241,1245,"hatching",1,344
3755,13,"B13.S1xD2",1241,1245,"hatching",1,344
3756,13,"B13.S1xD2",1241,1245,"hatching",1,344
3757,13,"B13.S1xD2",1241,1245,"hatching",1,344
3758,13,"B13.S1xD2",1241,1245,"hatching",1,344
3759,13,"B13.S1xD2",1241,1245,"hatching",1,344
3760,13,"B13.S1xD2",1241,1245,"hatching",1,344
3761,13,"B13.S1xD2",1241,1245,"hatching",1,344
3762,13,"B13.S1xD2",1241,1245,"hatching",0,344
3763,13,"B13.S1xD2",1241,1245,"hatching",0,344
833,13,"B13.S1xD3",1241,1246,"h.length",196.89,NA
833,13,"B13.S1xD3",1241,1246,"n.length",484.69,NA
834,13,"B13.S1xD3",1241,1246,"h.length",197.88,NA
834,13,"B13.S1xD3",1241,1246,"n.length",461.04,NA
835,13,"B13.S1xD3",1241,1246,"h.length",202.63,NA
835,13,"B13.S1xD3",1241,1246,"n.length",476.14,NA
836,13,"B13.S1xD3",1241,1246,"h.length",197.11,NA
836,13,"B13.S1xD3",1241,1246,"n.length",459.12,NA
837,13,"B13.S1xD3",1241,1246,"h.length",188.84,NA
837,13,"B13.S1xD3",1241,1246,"n.length",462.82,NA
838,13,"B13.S1xD3",1241,1246,"h.length",200.06,NA
838,13,"B13.S1xD3",1241,1246,"n.length",473.25,NA
839,13,"B13.S1xD3",1241,1246,"h.length",201.28,NA
839,13,"B13.S1xD3",1241,1246,"n.length",462.4,NA
840,13,"B13.S1xD3",1241,1246,"h.length",198.09,NA
840,13,"B13.S1xD3",1241,1246,"n.length",474.89,NA
841,13,"B13.S1xD3",1241,1246,"h.length",201.75,NA
841,13,"B13.S1xD3",1241,1246,"n.length",456.68,NA
842,13,"B13.S1xD3",1241,1246,"h.length",195.76,NA
842,13,"B13.S1xD3",1241,1246,"n.length",470.46,NA
843,13,"B13.S1xD3",1241,1246,"h.length",186.49,NA
843,13,"B13.S1xD3",1241,1246,"n.length",463.39,NA
844,13,"B13.S1xD3",1241,1246,"h.length",205.02,NA
844,13,"B13.S1xD3",1241,1246,"n.length",474.59,NA
3764,13,"B13.S1xD3",1241,1246,"hatching",1,348
3765,13,"B13.S1xD3",1241,1246,"hatching",1,348
3766,13,"B13.S1xD3",1241,1246,"hatching",1,348
3767,13,"B13.S1xD3",1241,1246,"hatching",1,348
3768,13,"B13.S1xD3",1241,1246,"hatching",1,348
3769,13,"B13.S1xD3",1241,1246,"hatching",1,348
3770,13,"B13.S1xD3",1241,1246,"hatching",1,348
3771,13,"B13.S1xD3",1241,1246,"hatching",1,348
3772,13,"B13.S1xD3",1241,1246,"hatching",1,348
3773,13,"B13.S1xD3",1241,1246,"hatching",1,348
3774,13,"B13.S1xD3",1241,1246,"hatching",1,348
3775,13,"B13.S1xD3",1241,1246,"hatching",1,348
3776,13,"B13.S1xD3",1241,1246,"hatching",1,348
3777,13,"B13.S1xD3",1241,1246,"hatching",1,348
3778,13,"B13.S1xD3",1241,1246,"hatching",1,348
3779,13,"B13.S1xD3",1241,1246,"hatching",1,348
3780,13,"B13.S1xD3",1241,1246,"hatching",1,348
3781,13,"B13.S1xD3",1241,1246,"hatching",1,349
3782,13,"B13.S1xD3",1241,1246,"hatching",1,349
3783,13,"B13.S1xD3",1241,1246,"hatching",1,349
3784,13,"B13.S1xD3",1241,1246,"hatching",1,349
3785,13,"B13.S1xD3",1241,1246,"hatching",1,349
3786,13,"B13.S1xD3",1241,1246,"hatching",1,349
3787,13,"B13.S1xD3",1241,1246,"hatching",1,349
3788,13,"B13.S1xD3",1241,1246,"hatching",1,349
3789,13,"B13.S1xD3",1241,1246,"hatching",1,349
3790,13,"B13.S1xD3",1241,1246,"hatching",1,349
3791,13,"B13.S1xD3",1241,1246,"hatching",1,349
3792,13,"B13.S1xD3",1241,1246,"hatching",1,349
3793,13,"B13.S1xD3",1241,1246,"hatching",1,349
3794,13,"B13.S1xD3",1241,1246,"hatching",1,349
3795,13,"B13.S1xD3",1241,1246,"hatching",1,349
3796,13,"B13.S1xD3",1241,1246,"hatching",0,349
3797,13,"B13.S1xD3",1241,1246,"hatching",1,350
3798,13,"B13.S1xD3",1241,1246,"hatching",1,350
3799,13,"B13.S1xD3",1241,1246,"hatching",1,350
3800,13,"B13.S1xD3",1241,1246,"hatching",1,350
3801,13,"B13.S1xD3",1241,1246,"hatching",1,350
3802,13,"B13.S1xD3",1241,1246,"hatching",1,350
3803,13,"B13.S1xD3",1241,1246,"hatching",1,350
3804,13,"B13.S1xD3",1241,1246,"hatching",1,350
3805,13,"B13.S1xD3",1241,1246,"hatching",1,350
3806,13,"B13.S1xD3",1241,1246,"hatching",1,350
3807,13,"B13.S1xD3",1241,1246,"hatching",1,350
3808,13,"B13.S1xD3",1241,1246,"hatching",1,350
3809,13,"B13.S1xD3",1241,1246,"hatching",1,350
3810,13,"B13.S1xD3",1241,1246,"hatching",0,350
845,13,"B13.S2xD1",1242,1244,"h.length",212.79,NA
845,13,"B13.S2xD1",1242,1244,"n.length",473.25,NA
846,13,"B13.S2xD1",1242,1244,"h.length",219.12,NA
846,13,"B13.S2xD1",1242,1244,"n.length",467.12,NA
847,13,"B13.S2xD1",1242,1244,"h.length",218.22,NA
847,13,"B13.S2xD1",1242,1244,"n.length",486.66,NA
848,13,"B13.S2xD1",1242,1244,"h.length",204.8,NA
848,13,"B13.S2xD1",1242,1244,"n.length",461.34,NA
849,13,"B13.S2xD1",1242,1244,"h.length",209.8,NA
849,13,"B13.S2xD1",1242,1244,"n.length",476.5,NA
850,13,"B13.S2xD1",1242,1244,"h.length",215.87,NA
850,13,"B13.S2xD1",1242,1244,"n.length",478.79,NA
851,13,"B13.S2xD1",1242,1244,"h.length",205.43,NA
851,13,"B13.S2xD1",1242,1244,"n.length",482.22,NA
852,13,"B13.S2xD1",1242,1244,"h.length",218.99,NA
852,13,"B13.S2xD1",1242,1244,"n.length",474.99,NA
853,13,"B13.S2xD1",1242,1244,"h.length",225.35,NA
853,13,"B13.S2xD1",1242,1244,"n.length",471.8,NA
854,13,"B13.S2xD1",1242,1244,"h.length",199.96,NA
854,13,"B13.S2xD1",1242,1244,"n.length",454.12,NA
855,13,"B13.S2xD1",1242,1244,"h.length",197.34,NA
855,13,"B13.S2xD1",1242,1244,"n.length",462.65,NA
856,13,"B13.S2xD1",1242,1244,"h.length",212.79,NA
856,13,"B13.S2xD1",1242,1244,"n.length",481.78,NA
3811,13,"B13.S2xD1",1242,1244,"hatching",1,354
3812,13,"B13.S2xD1",1242,1244,"hatching",1,354
3813,13,"B13.S2xD1",1242,1244,"hatching",1,354
3814,13,"B13.S2xD1",1242,1244,"hatching",1,354
3815,13,"B13.S2xD1",1242,1244,"hatching",1,354
3816,13,"B13.S2xD1",1242,1244,"hatching",1,354
3817,13,"B13.S2xD1",1242,1244,"hatching",1,354
3818,13,"B13.S2xD1",1242,1244,"hatching",1,354
3819,13,"B13.S2xD1",1242,1244,"hatching",1,354
3820,13,"B13.S2xD1",1242,1244,"hatching",1,354
3821,13,"B13.S2xD1",1242,1244,"hatching",1,354
3822,13,"B13.S2xD1",1242,1244,"hatching",1,354
3823,13,"B13.S2xD1",1242,1244,"hatching",1,354
3824,13,"B13.S2xD1",1242,1244,"hatching",1,354
3825,13,"B13.S2xD1",1242,1244,"hatching",1,355
3826,13,"B13.S2xD1",1242,1244,"hatching",1,355
3827,13,"B13.S2xD1",1242,1244,"hatching",1,355
3828,13,"B13.S2xD1",1242,1244,"hatching",1,355
3829,13,"B13.S2xD1",1242,1244,"hatching",1,355
3830,13,"B13.S2xD1",1242,1244,"hatching",1,355
3831,13,"B13.S2xD1",1242,1244,"hatching",1,355
3832,13,"B13.S2xD1",1242,1244,"hatching",1,355
3833,13,"B13.S2xD1",1242,1244,"hatching",1,355
3834,13,"B13.S2xD1",1242,1244,"hatching",1,355
3835,13,"B13.S2xD1",1242,1244,"hatching",1,355
3836,13,"B13.S2xD1",1242,1244,"hatching",1,355
3837,13,"B13.S2xD1",1242,1244,"hatching",1,355
3838,13,"B13.S2xD1",1242,1244,"hatching",1,355
3839,13,"B13.S2xD1",1242,1244,"hatching",1,355
3840,13,"B13.S2xD1",1242,1244,"hatching",1,355
3841,13,"B13.S2xD1",1242,1244,"hatching",1,355
3842,13,"B13.S2xD1",1242,1244,"hatching",1,355
3843,13,"B13.S2xD1",1242,1244,"hatching",0,355
3844,13,"B13.S2xD1",1242,1244,"hatching",1,356
3845,13,"B13.S2xD1",1242,1244,"hatching",1,356
3846,13,"B13.S2xD1",1242,1244,"hatching",1,356
3847,13,"B13.S2xD1",1242,1244,"hatching",1,356
3848,13,"B13.S2xD1",1242,1244,"hatching",1,356
3849,13,"B13.S2xD1",1242,1244,"hatching",1,356
3850,13,"B13.S2xD1",1242,1244,"hatching",1,356
3851,13,"B13.S2xD1",1242,1244,"hatching",1,356
3852,13,"B13.S2xD1",1242,1244,"hatching",1,356
3853,13,"B13.S2xD1",1242,1244,"hatching",1,356
3854,13,"B13.S2xD1",1242,1244,"hatching",1,356
3855,13,"B13.S2xD1",1242,1244,"hatching",1,356
3856,13,"B13.S2xD1",1242,1244,"hatching",1,356
3857,13,"B13.S2xD1",1242,1244,"hatching",1,356
3858,13,"B13.S2xD1",1242,1244,"hatching",1,356
857,13,"B13.S2xD2",1242,1245,"h.length",212.77,NA
857,13,"B13.S2xD2",1242,1245,"n.length",442.01,NA
858,13,"B13.S2xD2",1242,1245,"h.length",219.47,NA
858,13,"B13.S2xD2",1242,1245,"n.length",472.82,NA
859,13,"B13.S2xD2",1242,1245,"h.length",211.32,NA
859,13,"B13.S2xD2",1242,1245,"n.length",465.96,NA
860,13,"B13.S2xD2",1242,1245,"h.length",220.52,NA
860,13,"B13.S2xD2",1242,1245,"n.length",480.06,NA
861,13,"B13.S2xD2",1242,1245,"h.length",216.33,NA
861,13,"B13.S2xD2",1242,1245,"n.length",459.18,NA
862,13,"B13.S2xD2",1242,1245,"h.length",214.91,NA
862,13,"B13.S2xD2",1242,1245,"n.length",461.45,NA
863,13,"B13.S2xD2",1242,1245,"h.length",213.83,NA
863,13,"B13.S2xD2",1242,1245,"n.length",456.61,NA
864,13,"B13.S2xD2",1242,1245,"h.length",220.13,NA
864,13,"B13.S2xD2",1242,1245,"n.length",472.88,NA
865,13,"B13.S2xD2",1242,1245,"h.length",220.44,NA
865,13,"B13.S2xD2",1242,1245,"n.length",468.76,NA
866,13,"B13.S2xD2",1242,1245,"h.length",215.25,NA
866,13,"B13.S2xD2",1242,1245,"n.length",468.7,NA
867,13,"B13.S2xD2",1242,1245,"h.length",221.22,NA
867,13,"B13.S2xD2",1242,1245,"n.length",459.95,NA
868,13,"B13.S2xD2",1242,1245,"h.length",218.67,NA
868,13,"B13.S2xD2",1242,1245,"n.length",483.84,NA
3859,13,"B13.S2xD2",1242,1245,"hatching",1,360
3860,13,"B13.S2xD2",1242,1245,"hatching",1,360
3861,13,"B13.S2xD2",1242,1245,"hatching",1,360
3862,13,"B13.S2xD2",1242,1245,"hatching",1,360
3863,13,"B13.S2xD2",1242,1245,"hatching",1,360
3864,13,"B13.S2xD2",1242,1245,"hatching",1,360
3865,13,"B13.S2xD2",1242,1245,"hatching",1,360
3866,13,"B13.S2xD2",1242,1245,"hatching",1,360
3867,13,"B13.S2xD2",1242,1245,"hatching",1,360
3868,13,"B13.S2xD2",1242,1245,"hatching",1,360
3869,13,"B13.S2xD2",1242,1245,"hatching",1,360
3870,13,"B13.S2xD2",1242,1245,"hatching",1,360
3871,13,"B13.S2xD2",1242,1245,"hatching",1,360
3872,13,"B13.S2xD2",1242,1245,"hatching",1,360
3873,13,"B13.S2xD2",1242,1245,"hatching",1,360
3874,13,"B13.S2xD2",1242,1245,"hatching",1,360
3875,13,"B13.S2xD2",1242,1245,"hatching",1,360
3876,13,"B13.S2xD2",1242,1245,"hatching",1,360
3877,13,"B13.S2xD2",1242,1245,"hatching",1,360
3878,13,"B13.S2xD2",1242,1245,"hatching",1,360
3879,13,"B13.S2xD2",1242,1245,"hatching",1,360
3880,13,"B13.S2xD2",1242,1245,"hatching",1,361
3881,13,"B13.S2xD2",1242,1245,"hatching",1,361
3882,13,"B13.S2xD2",1242,1245,"hatching",1,361
3883,13,"B13.S2xD2",1242,1245,"hatching",1,361
3884,13,"B13.S2xD2",1242,1245,"hatching",1,361
3885,13,"B13.S2xD2",1242,1245,"hatching",1,361
3886,13,"B13.S2xD2",1242,1245,"hatching",1,361
3887,13,"B13.S2xD2",1242,1245,"hatching",1,361
3888,13,"B13.S2xD2",1242,1245,"hatching",1,361
3889,13,"B13.S2xD2",1242,1245,"hatching",1,361
3890,13,"B13.S2xD2",1242,1245,"hatching",1,361
3891,13,"B13.S2xD2",1242,1245,"hatching",1,361
3892,13,"B13.S2xD2",1242,1245,"hatching",1,361
3893,13,"B13.S2xD2",1242,1245,"hatching",1,361
3894,13,"B13.S2xD2",1242,1245,"hatching",1,361
3895,13,"B13.S2xD2",1242,1245,"hatching",1,361
3896,13,"B13.S2xD2",1242,1245,"hatching",1,361
3897,13,"B13.S2xD2",1242,1245,"hatching",1,361
3898,13,"B13.S2xD2",1242,1245,"hatching",1,361
3899,13,"B13.S2xD2",1242,1245,"hatching",1,361
3900,13,"B13.S2xD2",1242,1245,"hatching",0,361
3901,13,"B13.S2xD2",1242,1245,"hatching",1,362
3902,13,"B13.S2xD2",1242,1245,"hatching",1,362
3903,13,"B13.S2xD2",1242,1245,"hatching",1,362
3904,13,"B13.S2xD2",1242,1245,"hatching",1,362
3905,13,"B13.S2xD2",1242,1245,"hatching",1,362
3906,13,"B13.S2xD2",1242,1245,"hatching",1,362
3907,13,"B13.S2xD2",1242,1245,"hatching",1,362
3908,13,"B13.S2xD2",1242,1245,"hatching",1,362
3909,13,"B13.S2xD2",1242,1245,"hatching",1,362
3910,13,"B13.S2xD2",1242,1245,"hatching",1,362
3911,13,"B13.S2xD2",1242,1245,"hatching",1,362
3912,13,"B13.S2xD2",1242,1245,"hatching",1,362
3913,13,"B13.S2xD2",1242,1245,"hatching",1,362
3914,13,"B13.S2xD2",1242,1245,"hatching",1,362
3915,13,"B13.S2xD2",1242,1245,"hatching",1,362
3916,13,"B13.S2xD2",1242,1245,"hatching",1,362
3917,13,"B13.S2xD2",1242,1245,"hatching",1,362
3918,13,"B13.S2xD2",1242,1245,"hatching",1,362
3919,13,"B13.S2xD2",1242,1245,"hatching",0,362
3920,13,"B13.S2xD2",1242,1245,"hatching",0,362
869,13,"B13.S2xD3",1242,1246,"h.length",198.37,NA
869,13,"B13.S2xD3",1242,1246,"n.length",468.49,NA
870,13,"B13.S2xD3",1242,1246,"h.length",212.32,NA
870,13,"B13.S2xD3",1242,1246,"n.length",475.8,NA
871,13,"B13.S2xD3",1242,1246,"h.length",205.25,NA
871,13,"B13.S2xD3",1242,1246,"n.length",481.02,NA
872,13,"B13.S2xD3",1242,1246,"h.length",199.29,NA
872,13,"B13.S2xD3",1242,1246,"n.length",454.17,NA
873,13,"B13.S2xD3",1242,1246,"h.length",205.38,NA
873,13,"B13.S2xD3",1242,1246,"n.length",467.29,NA
874,13,"B13.S2xD3",1242,1246,"h.length",196.16,NA
874,13,"B13.S2xD3",1242,1246,"n.length",453.78,NA
875,13,"B13.S2xD3",1242,1246,"h.length",195.41,NA
875,13,"B13.S2xD3",1242,1246,"n.length",473.87,NA
876,13,"B13.S2xD3",1242,1246,"h.length",212.21,NA
876,13,"B13.S2xD3",1242,1246,"n.length",461.58,NA
877,13,"B13.S2xD3",1242,1246,"h.length",192.47,NA
877,13,"B13.S2xD3",1242,1246,"n.length",425.97,NA
878,13,"B13.S2xD3",1242,1246,"h.length",204.85,NA
878,13,"B13.S2xD3",1242,1246,"n.length",473.35,NA
879,13,"B13.S2xD3",1242,1246,"h.length",200.7,NA
879,13,"B13.S2xD3",1242,1246,"n.length",470.72,NA
880,13,"B13.S2xD3",1242,1246,"h.length",191.36,NA
880,13,"B13.S2xD3",1242,1246,"n.length",477.7,NA
3921,13,"B13.S2xD3",1242,1246,"hatching",1,366
3922,13,"B13.S2xD3",1242,1246,"hatching",1,366
3923,13,"B13.S2xD3",1242,1246,"hatching",1,366
3924,13,"B13.S2xD3",1242,1246,"hatching",1,366
3925,13,"B13.S2xD3",1242,1246,"hatching",1,366
3926,13,"B13.S2xD3",1242,1246,"hatching",1,366
3927,13,"B13.S2xD3",1242,1246,"hatching",1,366
3928,13,"B13.S2xD3",1242,1246,"hatching",1,366
3929,13,"B13.S2xD3",1242,1246,"hatching",1,366
3930,13,"B13.S2xD3",1242,1246,"hatching",1,366
3931,13,"B13.S2xD3",1242,1246,"hatching",1,366
3932,13,"B13.S2xD3",1242,1246,"hatching",1,366
3933,13,"B13.S2xD3",1242,1246,"hatching",1,366
3934,13,"B13.S2xD3",1242,1246,"hatching",1,366
3935,13,"B13.S2xD3",1242,1246,"hatching",1,366
3936,13,"B13.S2xD3",1242,1246,"hatching",1,366
3937,13,"B13.S2xD3",1242,1246,"hatching",1,366
3938,13,"B13.S2xD3",1242,1246,"hatching",1,366
3939,13,"B13.S2xD3",1242,1246,"hatching",1,366
3940,13,"B13.S2xD3",1242,1246,"hatching",1,366
3941,13,"B13.S2xD3",1242,1246,"hatching",1,366
3942,13,"B13.S2xD3",1242,1246,"hatching",1,366
3943,13,"B13.S2xD3",1242,1246,"hatching",0,366
3944,13,"B13.S2xD3",1242,1246,"hatching",1,367
3945,13,"B13.S2xD3",1242,1246,"hatching",1,367
3946,13,"B13.S2xD3",1242,1246,"hatching",1,367
3947,13,"B13.S2xD3",1242,1246,"hatching",1,367
3948,13,"B13.S2xD3",1242,1246,"hatching",1,367
3949,13,"B13.S2xD3",1242,1246,"hatching",1,367
3950,13,"B13.S2xD3",1242,1246,"hatching",1,367
3951,13,"B13.S2xD3",1242,1246,"hatching",1,367
3952,13,"B13.S2xD3",1242,1246,"hatching",1,367
3953,13,"B13.S2xD3",1242,1246,"hatching",1,367
3954,13,"B13.S2xD3",1242,1246,"hatching",1,367
3955,13,"B13.S2xD3",1242,1246,"hatching",1,367
3956,13,"B13.S2xD3",1242,1246,"hatching",1,367
3957,13,"B13.S2xD3",1242,1246,"hatching",0,367
3958,13,"B13.S2xD3",1242,1246,"hatching",0,367
3959,13,"B13.S2xD3",1242,1246,"hatching",0,367
3960,13,"B13.S2xD3",1242,1246,"hatching",0,367
3961,13,"B13.S2xD3",1242,1246,"hatching",0,367
3962,13,"B13.S2xD3",1242,1246,"hatching",1,368
3963,13,"B13.S2xD3",1242,1246,"hatching",1,368
3964,13,"B13.S2xD3",1242,1246,"hatching",1,368
3965,13,"B13.S2xD3",1242,1246,"hatching",1,368
3966,13,"B13.S2xD3",1242,1246,"hatching",1,368
3967,13,"B13.S2xD3",1242,1246,"hatching",1,368
3968,13,"B13.S2xD3",1242,1246,"hatching",1,368
3969,13,"B13.S2xD3",1242,1246,"hatching",1,368
3970,13,"B13.S2xD3",1242,1246,"hatching",1,368
3971,13,"B13.S2xD3",1242,1246,"hatching",1,368
3972,13,"B13.S2xD3",1242,1246,"hatching",1,368
881,13,"B13.S3xD1",1243,1244,"h.length",218.8736932,NA
881,13,"B13.S3xD1",1243,1244,"n.length",468.0587228,NA
882,13,"B13.S3xD1",1243,1244,"h.length",205.6445056,NA
882,13,"B13.S3xD1",1243,1244,"n.length",441.6835131,NA
883,13,"B13.S3xD1",1243,1244,"h.length",194.672578,NA
883,13,"B13.S3xD1",1243,1244,"n.length",415.6011004,NA
884,13,"B13.S3xD1",1243,1244,"h.length",204.8710842,NA
884,13,"B13.S3xD1",1243,1244,"n.length",464.3431734,NA
885,13,"B13.S3xD1",1243,1244,"h.length",217.9534734,NA
885,13,"B13.S3xD1",1243,1244,"n.length",463.9989685,NA
886,13,"B13.S3xD1",1243,1244,"h.length",212.637567,NA
886,13,"B13.S3xD1",1243,1244,"n.length",474.8446632,NA
887,13,"B13.S3xD1",1243,1244,"h.length",218.8357092,NA
887,13,"B13.S3xD1",1243,1244,"n.length",454.1837398,NA
888,13,"B13.S3xD1",1243,1244,"h.length",221.5624221,NA
888,13,"B13.S3xD1",1243,1244,"n.length",465.9798351,NA
889,13,"B13.S3xD1",1243,1244,"h.length",219.7819989,NA
889,13,"B13.S3xD1",1243,1244,"n.length",461.0709891,NA
890,13,"B13.S3xD1",1243,1244,"h.length",206.5456038,NA
890,13,"B13.S3xD1",1243,1244,"n.length",474.0221304,NA
891,13,"B13.S3xD1",1243,1244,"h.length",220.5462997,NA
891,13,"B13.S3xD1",1243,1244,"n.length",497.5471271,NA
892,13,"B13.S3xD1",1243,1244,"h.length",212.69,NA
892,13,"B13.S3xD1",1243,1244,"n.length",388.34,NA
3973,13,"B13.S3xD1",1243,1244,"hatching",1,372
3974,13,"B13.S3xD1",1243,1244,"hatching",1,372
3975,13,"B13.S3xD1",1243,1244,"hatching",1,372
3976,13,"B13.S3xD1",1243,1244,"hatching",1,372
3977,13,"B13.S3xD1",1243,1244,"hatching",1,372
3978,13,"B13.S3xD1",1243,1244,"hatching",1,372
3979,13,"B13.S3xD1",1243,1244,"hatching",1,372
3980,13,"B13.S3xD1",1243,1244,"hatching",1,372
3981,13,"B13.S3xD1",1243,1244,"hatching",1,372
3982,13,"B13.S3xD1",1243,1244,"hatching",1,372
3983,13,"B13.S3xD1",1243,1244,"hatching",1,372
3984,13,"B13.S3xD1",1243,1244,"hatching",1,372
3985,13,"B13.S3xD1",1243,1244,"hatching",1,372
3986,13,"B13.S3xD1",1243,1244,"hatching",1,372
3987,13,"B13.S3xD1",1243,1244,"hatching",1,372
3988,13,"B13.S3xD1",1243,1244,"hatching",1,372
3989,13,"B13.S3xD1",1243,1244,"hatching",1,372
3990,13,"B13.S3xD1",1243,1244,"hatching",0,372
3991,13,"B13.S3xD1",1243,1244,"hatching",0,372
3992,13,"B13.S3xD1",1243,1244,"hatching",1,373
3993,13,"B13.S3xD1",1243,1244,"hatching",1,373
3994,13,"B13.S3xD1",1243,1244,"hatching",1,373
3995,13,"B13.S3xD1",1243,1244,"hatching",1,373
3996,13,"B13.S3xD1",1243,1244,"hatching",1,373
3997,13,"B13.S3xD1",1243,1244,"hatching",1,373
3998,13,"B13.S3xD1",1243,1244,"hatching",1,373
3999,13,"B13.S3xD1",1243,1244,"hatching",1,373
4000,13,"B13.S3xD1",1243,1244,"hatching",1,373
4001,13,"B13.S3xD1",1243,1244,"hatching",1,373
4002,13,"B13.S3xD1",1243,1244,"hatching",1,373
4003,13,"B13.S3xD1",1243,1244,"hatching",1,373
4004,13,"B13.S3xD1",1243,1244,"hatching",1,373
4005,13,"B13.S3xD1",1243,1244,"hatching",1,373
4006,13,"B13.S3xD1",1243,1244,"hatching",0,373
4007,13,"B13.S3xD1",1243,1244,"hatching",0,373
4008,13,"B13.S3xD1",1243,1244,"hatching",0,373
4009,13,"B13.S3xD1",1243,1244,"hatching",1,374
4010,13,"B13.S3xD1",1243,1244,"hatching",1,374
4011,13,"B13.S3xD1",1243,1244,"hatching",1,374
4012,13,"B13.S3xD1",1243,1244,"hatching",1,374
4013,13,"B13.S3xD1",1243,1244,"hatching",1,374
4014,13,"B13.S3xD1",1243,1244,"hatching",1,374
4015,13,"B13.S3xD1",1243,1244,"hatching",1,374
4016,13,"B13.S3xD1",1243,1244,"hatching",1,374
4017,13,"B13.S3xD1",1243,1244,"hatching",1,374
4018,13,"B13.S3xD1",1243,1244,"hatching",1,374
4019,13,"B13.S3xD1",1243,1244,"hatching",1,374
4020,13,"B13.S3xD1",1243,1244,"hatching",1,374
4021,13,"B13.S3xD1",1243,1244,"hatching",1,374
4022,13,"B13.S3xD1",1243,1244,"hatching",1,374
4023,13,"B13.S3xD1",1243,1244,"hatching",1,374
4024,13,"B13.S3xD1",1243,1244,"hatching",1,374
4025,13,"B13.S3xD1",1243,1244,"hatching",1,374
4026,13,"B13.S3xD1",1243,1244,"hatching",1,374
4027,13,"B13.S3xD1",1243,1244,"hatching",0,374
4028,13,"B13.S3xD1",1243,1244,"hatching",0,374
4029,13,"B13.S3xD1",1243,1244,"hatching",0,374
4030,13,"B13.S3xD1",1243,1244,"hatching",0,374
893,13,"B13.S3xD2",1243,1245,"h.length",216.69,NA
893,13,"B13.S3xD2",1243,1245,"n.length",417.76,NA
894,13,"B13.S3xD2",1243,1245,"h.length",187.07,NA
894,13,"B13.S3xD2",1243,1245,"n.length",423.19,NA
895,13,"B13.S3xD2",1243,1245,"h.length",224.68,NA
895,13,"B13.S3xD2",1243,1245,"n.length",484.01,NA
896,13,"B13.S3xD2",1243,1245,"h.length",216.71,NA
896,13,"B13.S3xD2",1243,1245,"n.length",461.17,NA
897,13,"B13.S3xD2",1243,1245,"h.length",192.07,NA
897,13,"B13.S3xD2",1243,1245,"n.length",450.16,NA
898,13,"B13.S3xD2",1243,1245,"h.length",206.06,NA
898,13,"B13.S3xD2",1243,1245,"n.length",442.75,NA
899,13,"B13.S3xD2",1243,1245,"h.length",211.87,NA
899,13,"B13.S3xD2",1243,1245,"n.length",462.57,NA
900,13,"B13.S3xD2",1243,1245,"h.length",218.4,NA
900,13,"B13.S3xD2",1243,1245,"n.length",470.67,NA
901,13,"B13.S3xD2",1243,1245,"h.length",222.02,NA
901,13,"B13.S3xD2",1243,1245,"n.length",449.05,NA
902,13,"B13.S3xD2",1243,1245,"h.length",215.59,NA
902,13,"B13.S3xD2",1243,1245,"n.length",472.36,NA
903,13,"B13.S3xD2",1243,1245,"h.length",222.48,NA
903,13,"B13.S3xD2",1243,1245,"n.length",461.95,NA
904,13,"B13.S3xD2",1243,1245,"h.length",205.34,NA
904,13,"B13.S3xD2",1243,1245,"n.length",457.44,NA
4031,13,"B13.S3xD2",1243,1245,"hatching",1,378
4032,13,"B13.S3xD2",1243,1245,"hatching",1,378
4033,13,"B13.S3xD2",1243,1245,"hatching",1,378
4034,13,"B13.S3xD2",1243,1245,"hatching",1,378
4035,13,"B13.S3xD2",1243,1245,"hatching",1,378
4036,13,"B13.S3xD2",1243,1245,"hatching",1,378
4037,13,"B13.S3xD2",1243,1245,"hatching",1,378
4038,13,"B13.S3xD2",1243,1245,"hatching",1,378
4039,13,"B13.S3xD2",1243,1245,"hatching",1,378
4040,13,"B13.S3xD2",1243,1245,"hatching",1,378
4041,13,"B13.S3xD2",1243,1245,"hatching",1,378
4042,13,"B13.S3xD2",1243,1245,"hatching",1,378
4043,13,"B13.S3xD2",1243,1245,"hatching",1,378
4044,13,"B13.S3xD2",1243,1245,"hatching",1,378
4045,13,"B13.S3xD2",1243,1245,"hatching",1,378
4046,13,"B13.S3xD2",1243,1245,"hatching",1,378
4047,13,"B13.S3xD2",1243,1245,"hatching",1,378
4048,13,"B13.S3xD2",1243,1245,"hatching",1,378
4049,13,"B13.S3xD2",1243,1245,"hatching",1,378
4050,13,"B13.S3xD2",1243,1245,"hatching",1,378
4051,13,"B13.S3xD2",1243,1245,"hatching",1,378
4052,13,"B13.S3xD2",1243,1245,"hatching",1,378
4053,13,"B13.S3xD2",1243,1245,"hatching",0,378
4054,13,"B13.S3xD2",1243,1245,"hatching",1,379
4055,13,"B13.S3xD2",1243,1245,"hatching",1,379
4056,13,"B13.S3xD2",1243,1245,"hatching",1,379
4057,13,"B13.S3xD2",1243,1245,"hatching",1,379
4058,13,"B13.S3xD2",1243,1245,"hatching",1,379
4059,13,"B13.S3xD2",1243,1245,"hatching",1,379
4060,13,"B13.S3xD2",1243,1245,"hatching",1,379
4061,13,"B13.S3xD2",1243,1245,"hatching",1,379
4062,13,"B13.S3xD2",1243,1245,"hatching",1,379
4063,13,"B13.S3xD2",1243,1245,"hatching",1,379
4064,13,"B13.S3xD2",1243,1245,"hatching",1,379
4065,13,"B13.S3xD2",1243,1245,"hatching",1,379
4066,13,"B13.S3xD2",1243,1245,"hatching",1,379
4067,13,"B13.S3xD2",1243,1245,"hatching",1,379
4068,13,"B13.S3xD2",1243,1245,"hatching",1,379
4069,13,"B13.S3xD2",1243,1245,"hatching",1,379
4070,13,"B13.S3xD2",1243,1245,"hatching",1,379
4071,13,"B13.S3xD2",1243,1245,"hatching",1,379
4072,13,"B13.S3xD2",1243,1245,"hatching",1,379
4073,13,"B13.S3xD2",1243,1245,"hatching",1,379
4074,13,"B13.S3xD2",1243,1245,"hatching",0,379
4075,13,"B13.S3xD2",1243,1245,"hatching",0,379
4076,13,"B13.S3xD2",1243,1245,"hatching",0,379
4077,13,"B13.S3xD2",1243,1245,"hatching",1,380
4078,13,"B13.S3xD2",1243,1245,"hatching",1,380
4079,13,"B13.S3xD2",1243,1245,"hatching",1,380
4080,13,"B13.S3xD2",1243,1245,"hatching",1,380
4081,13,"B13.S3xD2",1243,1245,"hatching",1,380
4082,13,"B13.S3xD2",1243,1245,"hatching",1,380
4083,13,"B13.S3xD2",1243,1245,"hatching",1,380
4084,13,"B13.S3xD2",1243,1245,"hatching",1,380
4085,13,"B13.S3xD2",1243,1245,"hatching",1,380
4086,13,"B13.S3xD2",1243,1245,"hatching",1,380
4087,13,"B13.S3xD2",1243,1245,"hatching",1,380
4088,13,"B13.S3xD2",1243,1245,"hatching",1,380
4089,13,"B13.S3xD2",1243,1245,"hatching",1,380
4090,13,"B13.S3xD2",1243,1245,"hatching",1,380
4091,13,"B13.S3xD2",1243,1245,"hatching",1,380
4092,13,"B13.S3xD2",1243,1245,"hatching",0,380
4093,13,"B13.S3xD2",1243,1245,"hatching",0,380
905,13,"B13.S3xD3",1243,1246,"h.length",196.43,NA
905,13,"B13.S3xD3",1243,1246,"n.length",468.14,NA
906,13,"B13.S3xD3",1243,1246,"h.length",192.86,NA
906,13,"B13.S3xD3",1243,1246,"n.length",467.1,NA
907,13,"B13.S3xD3",1243,1246,"h.length",201.14,NA
907,13,"B13.S3xD3",1243,1246,"n.length",465.46,NA
908,13,"B13.S3xD3",1243,1246,"h.length",189.06,NA
908,13,"B13.S3xD3",1243,1246,"n.length",476.02,NA
909,13,"B13.S3xD3",1243,1246,"h.length",181.8,NA
909,13,"B13.S3xD3",1243,1246,"n.length",438.77,NA
910,13,"B13.S3xD3",1243,1246,"h.length",198.32,NA
910,13,"B13.S3xD3",1243,1246,"n.length",453.15,NA
911,13,"B13.S3xD3",1243,1246,"h.length",197.72,NA
911,13,"B13.S3xD3",1243,1246,"n.length",463.55,NA
912,13,"B13.S3xD3",1243,1246,"h.length",192.61,NA
912,13,"B13.S3xD3",1243,1246,"n.length",431.43,NA
913,13,"B13.S3xD3",1243,1246,"h.length",197.66,NA
913,13,"B13.S3xD3",1243,1246,"n.length",463.35,NA
914,13,"B13.S3xD3",1243,1246,"h.length",203.3,NA
914,13,"B13.S3xD3",1243,1246,"n.length",467.09,NA
915,13,"B13.S3xD3",1243,1246,"h.length",208.95,NA
915,13,"B13.S3xD3",1243,1246,"n.length",455.97,NA
916,13,"B13.S3xD3",1243,1246,"h.length",198.12,NA
916,13,"B13.S3xD3",1243,1246,"n.length",451.41,NA
4094,13,"B13.S3xD3",1243,1246,"hatching",1,384
4095,13,"B13.S3xD3",1243,1246,"hatching",1,384
4096,13,"B13.S3xD3",1243,1246,"hatching",1,384
4097,13,"B13.S3xD3",1243,1246,"hatching",1,384
4098,13,"B13.S3xD3",1243,1246,"hatching",1,384
4099,13,"B13.S3xD3",1243,1246,"hatching",1,384
4100,13,"B13.S3xD3",1243,1246,"hatching",1,384
4101,13,"B13.S3xD3",1243,1246,"hatching",1,384
4102,13,"B13.S3xD3",1243,1246,"hatching",1,384
4103,13,"B13.S3xD3",1243,1246,"hatching",1,384
4104,13,"B13.S3xD3",1243,1246,"hatching",1,384
4105,13,"B13.S3xD3",1243,1246,"hatching",1,384
4106,13,"B13.S3xD3",1243,1246,"hatching",1,384
4107,13,"B13.S3xD3",1243,1246,"hatching",1,384
4108,13,"B13.S3xD3",1243,1246,"hatching",1,384
4109,13,"B13.S3xD3",1243,1246,"hatching",1,384
4110,13,"B13.S3xD3",1243,1246,"hatching",1,384
4111,13,"B13.S3xD3",1243,1246,"hatching",1,384
4112,13,"B13.S3xD3",1243,1246,"hatching",1,384
4113,13,"B13.S3xD3",1243,1246,"hatching",0,384
4114,13,"B13.S3xD3",1243,1246,"hatching",1,385
4115,13,"B13.S3xD3",1243,1246,"hatching",1,385
4116,13,"B13.S3xD3",1243,1246,"hatching",1,385
4117,13,"B13.S3xD3",1243,1246,"hatching",1,385
4118,13,"B13.S3xD3",1243,1246,"hatching",1,385
4119,13,"B13.S3xD3",1243,1246,"hatching",1,385
4120,13,"B13.S3xD3",1243,1246,"hatching",1,385
4121,13,"B13.S3xD3",1243,1246,"hatching",1,385
4122,13,"B13.S3xD3",1243,1246,"hatching",1,385
4123,13,"B13.S3xD3",1243,1246,"hatching",1,385
4124,13,"B13.S3xD3",1243,1246,"hatching",1,385
4125,13,"B13.S3xD3",1243,1246,"hatching",1,385
4126,13,"B13.S3xD3",1243,1246,"hatching",1,385
4127,13,"B13.S3xD3",1243,1246,"hatching",1,385
4128,13,"B13.S3xD3",1243,1246,"hatching",1,385
4129,13,"B13.S3xD3",1243,1246,"hatching",1,385
4130,13,"B13.S3xD3",1243,1246,"hatching",1,385
4131,13,"B13.S3xD3",1243,1246,"hatching",1,385
4132,13,"B13.S3xD3",1243,1246,"hatching",0,385
4133,13,"B13.S3xD3",1243,1246,"hatching",0,385
4134,13,"B13.S3xD3",1243,1246,"hatching",0,385
4135,13,"B13.S3xD3",1243,1246,"hatching",1,386
4136,13,"B13.S3xD3",1243,1246,"hatching",1,386
4137,13,"B13.S3xD3",1243,1246,"hatching",1,386
4138,13,"B13.S3xD3",1243,1246,"hatching",1,386
4139,13,"B13.S3xD3",1243,1246,"hatching",1,386
4140,13,"B13.S3xD3",1243,1246,"hatching",1,386
4141,13,"B13.S3xD3",1243,1246,"hatching",1,386
4142,13,"B13.S3xD3",1243,1246,"hatching",1,386
4143,13,"B13.S3xD3",1243,1246,"hatching",1,386
4144,13,"B13.S3xD3",1243,1246,"hatching",1,386
4145,13,"B13.S3xD3",1243,1246,"hatching",1,386
4146,13,"B13.S3xD3",1243,1246,"hatching",1,386
4147,13,"B13.S3xD3",1243,1246,"hatching",1,386
4148,13,"B13.S3xD3",1243,1246,"hatching",1,386
4149,13,"B13.S3xD3",1243,1246,"hatching",0,386
917,14,"B14.S1xD1",1247,1250,"h.length",195.3834054,NA
917,14,"B14.S1xD1",1247,1250,"n.length",436.5241239,NA
918,14,"B14.S1xD1",1247,1250,"h.length",204.7078183,NA
918,14,"B14.S1xD1",1247,1250,"n.length",430.8630706,NA
919,14,"B14.S1xD1",1247,1250,"h.length",203.8826891,NA
919,14,"B14.S1xD1",1247,1250,"n.length",462.749076,NA
920,14,"B14.S1xD1",1247,1250,"h.length",196.5543454,NA
920,14,"B14.S1xD1",1247,1250,"n.length",453.151969,NA
921,14,"B14.S1xD1",1247,1250,"h.length",197.7135993,NA
921,14,"B14.S1xD1",1247,1250,"n.length",431.9036883,NA
922,14,"B14.S1xD1",1247,1250,"h.length",192.1024789,NA
922,14,"B14.S1xD1",1247,1250,"n.length",443.946817,NA
923,14,"B14.S1xD1",1247,1250,"h.length",192.115837,NA
923,14,"B14.S1xD1",1247,1250,"n.length",443.9890164,NA
924,14,"B14.S1xD1",1247,1250,"h.length",196.2365368,NA
924,14,"B14.S1xD1",1247,1250,"n.length",461.0891021,NA
925,14,"B14.S1xD1",1247,1250,"h.length",198.6311479,NA
925,14,"B14.S1xD1",1247,1250,"n.length",450.5315815,NA
926,14,"B14.S1xD1",1247,1250,"h.length",199.5801403,NA
926,14,"B14.S1xD1",1247,1250,"n.length",446.2394184,NA
927,14,"B14.S1xD1",1247,1250,"h.length",196.106283,NA
927,14,"B14.S1xD1",1247,1250,"n.length",445.8871695,NA
928,14,"B14.S1xD1",1247,1250,"h.length",186.6392674,NA
928,14,"B14.S1xD1",1247,1250,"n.length",416.4982512,NA
4150,14,"B14.S1xD1",1247,1250,"hatching",1,390
4151,14,"B14.S1xD1",1247,1250,"hatching",1,390
4152,14,"B14.S1xD1",1247,1250,"hatching",1,390
4153,14,"B14.S1xD1",1247,1250,"hatching",1,390
4154,14,"B14.S1xD1",1247,1250,"hatching",1,390
4155,14,"B14.S1xD1",1247,1250,"hatching",1,390
4156,14,"B14.S1xD1",1247,1250,"hatching",1,390
4157,14,"B14.S1xD1",1247,1250,"hatching",1,390
4158,14,"B14.S1xD1",1247,1250,"hatching",1,390
4159,14,"B14.S1xD1",1247,1250,"hatching",1,390
4160,14,"B14.S1xD1",1247,1250,"hatching",1,390
4161,14,"B14.S1xD1",1247,1250,"hatching",1,390
4162,14,"B14.S1xD1",1247,1250,"hatching",1,390
4163,14,"B14.S1xD1",1247,1250,"hatching",1,390
4164,14,"B14.S1xD1",1247,1250,"hatching",1,390
4165,14,"B14.S1xD1",1247,1250,"hatching",1,390
4166,14,"B14.S1xD1",1247,1250,"hatching",1,390
4167,14,"B14.S1xD1",1247,1250,"hatching",1,390
4168,14,"B14.S1xD1",1247,1250,"hatching",1,390
4169,14,"B14.S1xD1",1247,1250,"hatching",1,390
4170,14,"B14.S1xD1",1247,1250,"hatching",1,391
4171,14,"B14.S1xD1",1247,1250,"hatching",1,391
4172,14,"B14.S1xD1",1247,1250,"hatching",1,391
4173,14,"B14.S1xD1",1247,1250,"hatching",1,391
4174,14,"B14.S1xD1",1247,1250,"hatching",1,391
4175,14,"B14.S1xD1",1247,1250,"hatching",1,391
4176,14,"B14.S1xD1",1247,1250,"hatching",1,391
4177,14,"B14.S1xD1",1247,1250,"hatching",1,391
4178,14,"B14.S1xD1",1247,1250,"hatching",1,391
4179,14,"B14.S1xD1",1247,1250,"hatching",1,391
4180,14,"B14.S1xD1",1247,1250,"hatching",1,391
4181,14,"B14.S1xD1",1247,1250,"hatching",1,391
4182,14,"B14.S1xD1",1247,1250,"hatching",1,391
4183,14,"B14.S1xD1",1247,1250,"hatching",1,391
4184,14,"B14.S1xD1",1247,1250,"hatching",1,391
4185,14,"B14.S1xD1",1247,1250,"hatching",1,391
4186,14,"B14.S1xD1",1247,1250,"hatching",1,391
4187,14,"B14.S1xD1",1247,1250,"hatching",1,391
4188,14,"B14.S1xD1",1247,1250,"hatching",1,391
4189,14,"B14.S1xD1",1247,1250,"hatching",0,391
4190,14,"B14.S1xD1",1247,1250,"hatching",1,392
4191,14,"B14.S1xD1",1247,1250,"hatching",1,392
4192,14,"B14.S1xD1",1247,1250,"hatching",1,392
4193,14,"B14.S1xD1",1247,1250,"hatching",1,392
4194,14,"B14.S1xD1",1247,1250,"hatching",1,392
4195,14,"B14.S1xD1",1247,1250,"hatching",1,392
4196,14,"B14.S1xD1",1247,1250,"hatching",1,392
4197,14,"B14.S1xD1",1247,1250,"hatching",1,392
4198,14,"B14.S1xD1",1247,1250,"hatching",1,392
4199,14,"B14.S1xD1",1247,1250,"hatching",1,392
4200,14,"B14.S1xD1",1247,1250,"hatching",1,392
4201,14,"B14.S1xD1",1247,1250,"hatching",1,392
4202,14,"B14.S1xD1",1247,1250,"hatching",1,392
4203,14,"B14.S1xD1",1247,1250,"hatching",1,392
4204,14,"B14.S1xD1",1247,1250,"hatching",1,392
4205,14,"B14.S1xD1",1247,1250,"hatching",1,392
4206,14,"B14.S1xD1",1247,1250,"hatching",1,392
4207,14,"B14.S1xD1",1247,1250,"hatching",0,392
4208,14,"B14.S1xD1",1247,1250,"hatching",0,392
4209,14,"B14.S1xD1",1247,1250,"hatching",0,392
8614,14,"B14.S1xD1",1247,1250,"settling",1,393
8615,14,"B14.S1xD1",1247,1250,"settling",1,393
8616,14,"B14.S1xD1",1247,1250,"settling",1,393
8617,14,"B14.S1xD1",1247,1250,"settling",1,393
8618,14,"B14.S1xD1",1247,1250,"settling",1,393
8619,14,"B14.S1xD1",1247,1250,"settling",1,393
8620,14,"B14.S1xD1",1247,1250,"settling",1,393
8621,14,"B14.S1xD1",1247,1250,"settling",1,393
8622,14,"B14.S1xD1",1247,1250,"settling",1,393
8623,14,"B14.S1xD1",1247,1250,"settling",1,393
8624,14,"B14.S1xD1",1247,1250,"settling",1,393
8625,14,"B14.S1xD1",1247,1250,"settling",0,393
8626,14,"B14.S1xD1",1247,1250,"settling",0,393
8627,14,"B14.S1xD1",1247,1250,"settling",0,393
8628,14,"B14.S1xD1",1247,1250,"settling",0,393
8629,14,"B14.S1xD1",1247,1250,"settling",0,393
8630,14,"B14.S1xD1",1247,1250,"settling",0,393
8631,14,"B14.S1xD1",1247,1250,"settling",0,393
8632,14,"B14.S1xD1",1247,1250,"settling",0,393
8633,14,"B14.S1xD1",1247,1250,"settling",0,393
8634,14,"B14.S1xD1",1247,1250,"settling",1,394
8635,14,"B14.S1xD1",1247,1250,"settling",1,394
8636,14,"B14.S1xD1",1247,1250,"settling",1,394
8637,14,"B14.S1xD1",1247,1250,"settling",1,394
8638,14,"B14.S1xD1",1247,1250,"settling",1,394
8639,14,"B14.S1xD1",1247,1250,"settling",1,394
8640,14,"B14.S1xD1",1247,1250,"settling",1,394
8641,14,"B14.S1xD1",1247,1250,"settling",1,394
8642,14,"B14.S1xD1",1247,1250,"settling",1,394
8643,14,"B14.S1xD1",1247,1250,"settling",1,394
8644,14,"B14.S1xD1",1247,1250,"settling",1,394
8645,14,"B14.S1xD1",1247,1250,"settling",1,394
8646,14,"B14.S1xD1",1247,1250,"settling",1,394
8647,14,"B14.S1xD1",1247,1250,"settling",0,394
8648,14,"B14.S1xD1",1247,1250,"settling",0,394
8649,14,"B14.S1xD1",1247,1250,"settling",0,394
8650,14,"B14.S1xD1",1247,1250,"settling",0,394
8651,14,"B14.S1xD1",1247,1250,"settling",0,394
8652,14,"B14.S1xD1",1247,1250,"settling",0,394
8653,14,"B14.S1xD1",1247,1250,"settling",0,394
8654,14,"B14.S1xD1",1247,1250,"settling",0,394
8655,14,"B14.S1xD1",1247,1250,"settling",0,394
8656,14,"B14.S1xD1",1247,1250,"settling",0,394
8657,14,"B14.S1xD1",1247,1250,"settling",0,394
8658,14,"B14.S1xD1",1247,1250,"settling",0,394
8659,14,"B14.S1xD1",1247,1250,"settling",1,395
8660,14,"B14.S1xD1",1247,1250,"settling",1,395
8661,14,"B14.S1xD1",1247,1250,"settling",1,395
8662,14,"B14.S1xD1",1247,1250,"settling",1,395
8663,14,"B14.S1xD1",1247,1250,"settling",1,395
8664,14,"B14.S1xD1",1247,1250,"settling",1,395
8665,14,"B14.S1xD1",1247,1250,"settling",1,395
8666,14,"B14.S1xD1",1247,1250,"settling",1,395
8667,14,"B14.S1xD1",1247,1250,"settling",1,395
8668,14,"B14.S1xD1",1247,1250,"settling",1,395
8669,14,"B14.S1xD1",1247,1250,"settling",1,395
8670,14,"B14.S1xD1",1247,1250,"settling",1,395
8671,14,"B14.S1xD1",1247,1250,"settling",1,395
8672,14,"B14.S1xD1",1247,1250,"settling",1,395
8673,14,"B14.S1xD1",1247,1250,"settling",0,395
8674,14,"B14.S1xD1",1247,1250,"settling",0,395
8675,14,"B14.S1xD1",1247,1250,"settling",0,395
929,14,"B14.S1xD2",1247,1251,"h.length",205.11,NA
929,14,"B14.S1xD2",1247,1251,"n.length",478.7,NA
930,14,"B14.S1xD2",1247,1251,"h.length",209.86,NA
930,14,"B14.S1xD2",1247,1251,"n.length",498.54,NA
931,14,"B14.S1xD2",1247,1251,"h.length",188.04,NA
931,14,"B14.S1xD2",1247,1251,"n.length",466.49,NA
932,14,"B14.S1xD2",1247,1251,"h.length",194.76,NA
932,14,"B14.S1xD2",1247,1251,"n.length",465.57,NA
933,14,"B14.S1xD2",1247,1251,"h.length",196.75,NA
933,14,"B14.S1xD2",1247,1251,"n.length",474.34,NA
934,14,"B14.S1xD2",1247,1251,"h.length",210.23,NA
934,14,"B14.S1xD2",1247,1251,"n.length",494.23,NA
935,14,"B14.S1xD2",1247,1251,"h.length",198.17,NA
935,14,"B14.S1xD2",1247,1251,"n.length",495.67,NA
936,14,"B14.S1xD2",1247,1251,"h.length",206.06,NA
936,14,"B14.S1xD2",1247,1251,"n.length",499.39,NA
937,14,"B14.S1xD2",1247,1251,"h.length",197.52,NA
937,14,"B14.S1xD2",1247,1251,"n.length",436.88,NA
938,14,"B14.S1xD2",1247,1251,"h.length",204.77,NA
938,14,"B14.S1xD2",1247,1251,"n.length",483.74,NA
939,14,"B14.S1xD2",1247,1251,"h.length",190.7,NA
939,14,"B14.S1xD2",1247,1251,"n.length",470.86,NA
940,14,"B14.S1xD2",1247,1251,"h.length",193.61,NA
940,14,"B14.S1xD2",1247,1251,"n.length",490.69,NA
4210,14,"B14.S1xD2",1247,1251,"hatching",1,396
4211,14,"B14.S1xD2",1247,1251,"hatching",1,396
4212,14,"B14.S1xD2",1247,1251,"hatching",1,396
4213,14,"B14.S1xD2",1247,1251,"hatching",1,396
4214,14,"B14.S1xD2",1247,1251,"hatching",1,396
4215,14,"B14.S1xD2",1247,1251,"hatching",1,396
4216,14,"B14.S1xD2",1247,1251,"hatching",1,396
4217,14,"B14.S1xD2",1247,1251,"hatching",1,396
4218,14,"B14.S1xD2",1247,1251,"hatching",1,396
4219,14,"B14.S1xD2",1247,1251,"hatching",1,396
4220,14,"B14.S1xD2",1247,1251,"hatching",1,396
4221,14,"B14.S1xD2",1247,1251,"hatching",1,396
4222,14,"B14.S1xD2",1247,1251,"hatching",1,396
4223,14,"B14.S1xD2",1247,1251,"hatching",1,396
4224,14,"B14.S1xD2",1247,1251,"hatching",1,396
4225,14,"B14.S1xD2",1247,1251,"hatching",1,396
4226,14,"B14.S1xD2",1247,1251,"hatching",1,396
4227,14,"B14.S1xD2",1247,1251,"hatching",1,396
4228,14,"B14.S1xD2",1247,1251,"hatching",1,397
4229,14,"B14.S1xD2",1247,1251,"hatching",1,397
4230,14,"B14.S1xD2",1247,1251,"hatching",1,397
4231,14,"B14.S1xD2",1247,1251,"hatching",1,397
4232,14,"B14.S1xD2",1247,1251,"hatching",1,397
4233,14,"B14.S1xD2",1247,1251,"hatching",1,397
4234,14,"B14.S1xD2",1247,1251,"hatching",1,397
4235,14,"B14.S1xD2",1247,1251,"hatching",1,397
4236,14,"B14.S1xD2",1247,1251,"hatching",1,397
4237,14,"B14.S1xD2",1247,1251,"hatching",1,397
4238,14,"B14.S1xD2",1247,1251,"hatching",1,397
4239,14,"B14.S1xD2",1247,1251,"hatching",1,397
4240,14,"B14.S1xD2",1247,1251,"hatching",1,397
4241,14,"B14.S1xD2",1247,1251,"hatching",1,397
4242,14,"B14.S1xD2",1247,1251,"hatching",1,397
4243,14,"B14.S1xD2",1247,1251,"hatching",1,397
4244,14,"B14.S1xD2",1247,1251,"hatching",1,397
4245,14,"B14.S1xD2",1247,1251,"hatching",1,397
4246,14,"B14.S1xD2",1247,1251,"hatching",1,397
4247,14,"B14.S1xD2",1247,1251,"hatching",1,397
4248,14,"B14.S1xD2",1247,1251,"hatching",1,397
4249,14,"B14.S1xD2",1247,1251,"hatching",0,397
4250,14,"B14.S1xD2",1247,1251,"hatching",1,398
4251,14,"B14.S1xD2",1247,1251,"hatching",1,398
4252,14,"B14.S1xD2",1247,1251,"hatching",1,398
4253,14,"B14.S1xD2",1247,1251,"hatching",1,398
4254,14,"B14.S1xD2",1247,1251,"hatching",1,398
4255,14,"B14.S1xD2",1247,1251,"hatching",1,398
4256,14,"B14.S1xD2",1247,1251,"hatching",1,398
4257,14,"B14.S1xD2",1247,1251,"hatching",1,398
4258,14,"B14.S1xD2",1247,1251,"hatching",1,398
4259,14,"B14.S1xD2",1247,1251,"hatching",1,398
4260,14,"B14.S1xD2",1247,1251,"hatching",1,398
4261,14,"B14.S1xD2",1247,1251,"hatching",1,398
4262,14,"B14.S1xD2",1247,1251,"hatching",1,398
4263,14,"B14.S1xD2",1247,1251,"hatching",1,398
4264,14,"B14.S1xD2",1247,1251,"hatching",1,398
4265,14,"B14.S1xD2",1247,1251,"hatching",1,398
4266,14,"B14.S1xD2",1247,1251,"hatching",1,398
4267,14,"B14.S1xD2",1247,1251,"hatching",1,398
8676,14,"B14.S1xD2",1247,1251,"settling",1,399
8677,14,"B14.S1xD2",1247,1251,"settling",1,399
8678,14,"B14.S1xD2",1247,1251,"settling",1,399
8679,14,"B14.S1xD2",1247,1251,"settling",1,399
8680,14,"B14.S1xD2",1247,1251,"settling",1,399
8681,14,"B14.S1xD2",1247,1251,"settling",1,399
8682,14,"B14.S1xD2",1247,1251,"settling",1,399
8683,14,"B14.S1xD2",1247,1251,"settling",1,399
8684,14,"B14.S1xD2",1247,1251,"settling",0,399
8685,14,"B14.S1xD2",1247,1251,"settling",0,399
8686,14,"B14.S1xD2",1247,1251,"settling",0,399
8687,14,"B14.S1xD2",1247,1251,"settling",0,399
8688,14,"B14.S1xD2",1247,1251,"settling",0,399
8689,14,"B14.S1xD2",1247,1251,"settling",0,399
8690,14,"B14.S1xD2",1247,1251,"settling",0,399
8691,14,"B14.S1xD2",1247,1251,"settling",0,399
8692,14,"B14.S1xD2",1247,1251,"settling",0,399
8693,14,"B14.S1xD2",1247,1251,"settling",1,400
8694,14,"B14.S1xD2",1247,1251,"settling",1,400
8695,14,"B14.S1xD2",1247,1251,"settling",1,400
8696,14,"B14.S1xD2",1247,1251,"settling",1,400
8697,14,"B14.S1xD2",1247,1251,"settling",1,400
8698,14,"B14.S1xD2",1247,1251,"settling",1,400
8699,14,"B14.S1xD2",1247,1251,"settling",1,400
8700,14,"B14.S1xD2",1247,1251,"settling",1,400
8701,14,"B14.S1xD2",1247,1251,"settling",1,400
8702,14,"B14.S1xD2",1247,1251,"settling",1,400
8703,14,"B14.S1xD2",1247,1251,"settling",0,400
8704,14,"B14.S1xD2",1247,1251,"settling",0,400
8705,14,"B14.S1xD2",1247,1251,"settling",0,400
8706,14,"B14.S1xD2",1247,1251,"settling",0,400
8707,14,"B14.S1xD2",1247,1251,"settling",0,400
8708,14,"B14.S1xD2",1247,1251,"settling",0,400
8709,14,"B14.S1xD2",1247,1251,"settling",0,400
8710,14,"B14.S1xD2",1247,1251,"settling",0,400
8711,14,"B14.S1xD2",1247,1251,"settling",1,401
8712,14,"B14.S1xD2",1247,1251,"settling",1,401
8713,14,"B14.S1xD2",1247,1251,"settling",1,401
8714,14,"B14.S1xD2",1247,1251,"settling",1,401
8715,14,"B14.S1xD2",1247,1251,"settling",1,401
8716,14,"B14.S1xD2",1247,1251,"settling",1,401
8717,14,"B14.S1xD2",1247,1251,"settling",1,401
8718,14,"B14.S1xD2",1247,1251,"settling",1,401
8719,14,"B14.S1xD2",1247,1251,"settling",1,401
8720,14,"B14.S1xD2",1247,1251,"settling",1,401
8721,14,"B14.S1xD2",1247,1251,"settling",1,401
8722,14,"B14.S1xD2",1247,1251,"settling",1,401
8723,14,"B14.S1xD2",1247,1251,"settling",1,401
8724,14,"B14.S1xD2",1247,1251,"settling",1,401
8725,14,"B14.S1xD2",1247,1251,"settling",0,401
8726,14,"B14.S1xD2",1247,1251,"settling",0,401
8727,14,"B14.S1xD2",1247,1251,"settling",0,401
8728,14,"B14.S1xD2",1247,1251,"settling",0,401
941,14,"B14.S1xD3",1247,1252,"h.length",203.42,NA
941,14,"B14.S1xD3",1247,1252,"n.length",473.75,NA
942,14,"B14.S1xD3",1247,1252,"h.length",195.67,NA
942,14,"B14.S1xD3",1247,1252,"n.length",469.53,NA
943,14,"B14.S1xD3",1247,1252,"h.length",187.43,NA
943,14,"B14.S1xD3",1247,1252,"n.length",447.15,NA
944,14,"B14.S1xD3",1247,1252,"h.length",167.36,NA
944,14,"B14.S1xD3",1247,1252,"n.length",438.56,NA
945,14,"B14.S1xD3",1247,1252,"h.length",193.81,NA
945,14,"B14.S1xD3",1247,1252,"n.length",443.29,NA
946,14,"B14.S1xD3",1247,1252,"h.length",183.19,NA
946,14,"B14.S1xD3",1247,1252,"n.length",435.67,NA
947,14,"B14.S1xD3",1247,1252,"h.length",197.75,NA
947,14,"B14.S1xD3",1247,1252,"n.length",458.57,NA
948,14,"B14.S1xD3",1247,1252,"h.length",184.81,NA
948,14,"B14.S1xD3",1247,1252,"n.length",461.38,NA
949,14,"B14.S1xD3",1247,1252,"h.length",200.07,NA
949,14,"B14.S1xD3",1247,1252,"n.length",474.98,NA
950,14,"B14.S1xD3",1247,1252,"h.length",195.3,NA
950,14,"B14.S1xD3",1247,1252,"n.length",486.43,NA
951,14,"B14.S1xD3",1247,1252,"h.length",177.79,NA
951,14,"B14.S1xD3",1247,1252,"n.length",457.74,NA
4268,14,"B14.S1xD3",1247,1252,"hatching",1,402
4269,14,"B14.S1xD3",1247,1252,"hatching",1,402
4270,14,"B14.S1xD3",1247,1252,"hatching",1,402
4271,14,"B14.S1xD3",1247,1252,"hatching",1,402
4272,14,"B14.S1xD3",1247,1252,"hatching",1,402
4273,14,"B14.S1xD3",1247,1252,"hatching",1,402
4274,14,"B14.S1xD3",1247,1252,"hatching",1,402
4275,14,"B14.S1xD3",1247,1252,"hatching",1,402
4276,14,"B14.S1xD3",1247,1252,"hatching",1,402
4277,14,"B14.S1xD3",1247,1252,"hatching",1,402
4278,14,"B14.S1xD3",1247,1252,"hatching",1,402
4279,14,"B14.S1xD3",1247,1252,"hatching",1,402
4280,14,"B14.S1xD3",1247,1252,"hatching",1,402
4281,14,"B14.S1xD3",1247,1252,"hatching",1,402
4282,14,"B14.S1xD3",1247,1252,"hatching",1,402
4283,14,"B14.S1xD3",1247,1252,"hatching",1,402
4284,14,"B14.S1xD3",1247,1252,"hatching",1,402
4285,14,"B14.S1xD3",1247,1252,"hatching",1,402
4286,14,"B14.S1xD3",1247,1252,"hatching",1,402
4287,14,"B14.S1xD3",1247,1252,"hatching",1,402
4288,14,"B14.S1xD3",1247,1252,"hatching",0,402
4289,14,"B14.S1xD3",1247,1252,"hatching",0,402
4290,14,"B14.S1xD3",1247,1252,"hatching",0,402
4291,14,"B14.S1xD3",1247,1252,"hatching",0,402
4292,14,"B14.S1xD3",1247,1252,"hatching",1,403
4293,14,"B14.S1xD3",1247,1252,"hatching",1,403
4294,14,"B14.S1xD3",1247,1252,"hatching",1,403
4295,14,"B14.S1xD3",1247,1252,"hatching",1,403
4296,14,"B14.S1xD3",1247,1252,"hatching",1,403
4297,14,"B14.S1xD3",1247,1252,"hatching",1,403
4298,14,"B14.S1xD3",1247,1252,"hatching",1,403
4299,14,"B14.S1xD3",1247,1252,"hatching",1,403
4300,14,"B14.S1xD3",1247,1252,"hatching",1,403
4301,14,"B14.S1xD3",1247,1252,"hatching",1,403
4302,14,"B14.S1xD3",1247,1252,"hatching",1,403
4303,14,"B14.S1xD3",1247,1252,"hatching",1,403
4304,14,"B14.S1xD3",1247,1252,"hatching",1,403
4305,14,"B14.S1xD3",1247,1252,"hatching",1,403
4306,14,"B14.S1xD3",1247,1252,"hatching",1,403
4307,14,"B14.S1xD3",1247,1252,"hatching",1,403
4308,14,"B14.S1xD3",1247,1252,"hatching",1,403
4309,14,"B14.S1xD3",1247,1252,"hatching",1,403
4310,14,"B14.S1xD3",1247,1252,"hatching",0,403
4311,14,"B14.S1xD3",1247,1252,"hatching",0,403
4312,14,"B14.S1xD3",1247,1252,"hatching",0,403
4313,14,"B14.S1xD3",1247,1252,"hatching",1,404
4314,14,"B14.S1xD3",1247,1252,"hatching",1,404
4315,14,"B14.S1xD3",1247,1252,"hatching",1,404
4316,14,"B14.S1xD3",1247,1252,"hatching",1,404
4317,14,"B14.S1xD3",1247,1252,"hatching",1,404
4318,14,"B14.S1xD3",1247,1252,"hatching",1,404
4319,14,"B14.S1xD3",1247,1252,"hatching",1,404
4320,14,"B14.S1xD3",1247,1252,"hatching",1,404
4321,14,"B14.S1xD3",1247,1252,"hatching",1,404
4322,14,"B14.S1xD3",1247,1252,"hatching",1,404
4323,14,"B14.S1xD3",1247,1252,"hatching",1,404
4324,14,"B14.S1xD3",1247,1252,"hatching",1,404
4325,14,"B14.S1xD3",1247,1252,"hatching",1,404
4326,14,"B14.S1xD3",1247,1252,"hatching",1,404
4327,14,"B14.S1xD3",1247,1252,"hatching",1,404
4328,14,"B14.S1xD3",1247,1252,"hatching",1,404
4329,14,"B14.S1xD3",1247,1252,"hatching",1,404
4330,14,"B14.S1xD3",1247,1252,"hatching",0,404
8729,14,"B14.S1xD3",1247,1252,"settling",1,405
8730,14,"B14.S1xD3",1247,1252,"settling",1,405
8731,14,"B14.S1xD3",1247,1252,"settling",1,405
8732,14,"B14.S1xD3",1247,1252,"settling",1,405
8733,14,"B14.S1xD3",1247,1252,"settling",1,405
8734,14,"B14.S1xD3",1247,1252,"settling",1,405
8735,14,"B14.S1xD3",1247,1252,"settling",1,405
8736,14,"B14.S1xD3",1247,1252,"settling",1,405
8737,14,"B14.S1xD3",1247,1252,"settling",1,405
8738,14,"B14.S1xD3",1247,1252,"settling",0,405
8739,14,"B14.S1xD3",1247,1252,"settling",0,405
8740,14,"B14.S1xD3",1247,1252,"settling",0,405
8741,14,"B14.S1xD3",1247,1252,"settling",0,405
8742,14,"B14.S1xD3",1247,1252,"settling",0,405
8743,14,"B14.S1xD3",1247,1252,"settling",0,405
8744,14,"B14.S1xD3",1247,1252,"settling",0,405
8745,14,"B14.S1xD3",1247,1252,"settling",0,405
8746,14,"B14.S1xD3",1247,1252,"settling",0,405
8747,14,"B14.S1xD3",1247,1252,"settling",0,405
8748,14,"B14.S1xD3",1247,1252,"settling",0,405
8749,14,"B14.S1xD3",1247,1252,"settling",0,405
8750,14,"B14.S1xD3",1247,1252,"settling",1,406
8751,14,"B14.S1xD3",1247,1252,"settling",1,406
8752,14,"B14.S1xD3",1247,1252,"settling",1,406
8753,14,"B14.S1xD3",1247,1252,"settling",1,406
8754,14,"B14.S1xD3",1247,1252,"settling",1,406
8755,14,"B14.S1xD3",1247,1252,"settling",1,406
8756,14,"B14.S1xD3",1247,1252,"settling",1,406
8757,14,"B14.S1xD3",1247,1252,"settling",1,406
8758,14,"B14.S1xD3",1247,1252,"settling",1,406
8759,14,"B14.S1xD3",1247,1252,"settling",0,406
8760,14,"B14.S1xD3",1247,1252,"settling",0,406
8761,14,"B14.S1xD3",1247,1252,"settling",0,406
8762,14,"B14.S1xD3",1247,1252,"settling",0,406
8763,14,"B14.S1xD3",1247,1252,"settling",0,406
8764,14,"B14.S1xD3",1247,1252,"settling",0,406
8765,14,"B14.S1xD3",1247,1252,"settling",0,406
8766,14,"B14.S1xD3",1247,1252,"settling",0,406
8767,14,"B14.S1xD3",1247,1252,"settling",0,406
8768,14,"B14.S1xD3",1247,1252,"settling",0,406
8769,14,"B14.S1xD3",1247,1252,"settling",1,407
8770,14,"B14.S1xD3",1247,1252,"settling",1,407
8771,14,"B14.S1xD3",1247,1252,"settling",1,407
8772,14,"B14.S1xD3",1247,1252,"settling",1,407
8773,14,"B14.S1xD3",1247,1252,"settling",1,407
8774,14,"B14.S1xD3",1247,1252,"settling",1,407
8775,14,"B14.S1xD3",1247,1252,"settling",1,407
8776,14,"B14.S1xD3",1247,1252,"settling",1,407
8777,14,"B14.S1xD3",1247,1252,"settling",1,407
8778,14,"B14.S1xD3",1247,1252,"settling",1,407
8779,14,"B14.S1xD3",1247,1252,"settling",1,407
8780,14,"B14.S1xD3",1247,1252,"settling",1,407
8781,14,"B14.S1xD3",1247,1252,"settling",1,407
8782,14,"B14.S1xD3",1247,1252,"settling",0,407
8783,14,"B14.S1xD3",1247,1252,"settling",0,407
8784,14,"B14.S1xD3",1247,1252,"settling",0,407
8785,14,"B14.S1xD3",1247,1252,"settling",0,407
8786,14,"B14.S1xD3",1247,1252,"settling",0,407
8787,14,"B14.S1xD3",1247,1252,"settling",0,407
8788,14,"B14.S1xD3",1247,1252,"settling",0,407
953,14,"B14.S2xD1",1248,1250,"h.length",200.54,NA
953,14,"B14.S2xD1",1248,1250,"n.length",453.69,NA
954,14,"B14.S2xD1",1248,1250,"h.length",177.39,NA
954,14,"B14.S2xD1",1248,1250,"n.length",443.26,NA
955,14,"B14.S2xD1",1248,1250,"h.length",200.73,NA
955,14,"B14.S2xD1",1248,1250,"n.length",440.09,NA
956,14,"B14.S2xD1",1248,1250,"h.length",201.49,NA
956,14,"B14.S2xD1",1248,1250,"n.length",455.98,NA
957,14,"B14.S2xD1",1248,1250,"h.length",180.45,NA
957,14,"B14.S2xD1",1248,1250,"n.length",447.27,NA
958,14,"B14.S2xD1",1248,1250,"h.length",201.06,NA
958,14,"B14.S2xD1",1248,1250,"n.length",435.27,NA
959,14,"B14.S2xD1",1248,1250,"h.length",192.83,NA
959,14,"B14.S2xD1",1248,1250,"n.length",453.68,NA
960,14,"B14.S2xD1",1248,1250,"h.length",183,NA
960,14,"B14.S2xD1",1248,1250,"n.length",434.64,NA
961,14,"B14.S2xD1",1248,1250,"h.length",191.4,NA
961,14,"B14.S2xD1",1248,1250,"n.length",446.79,NA
962,14,"B14.S2xD1",1248,1250,"h.length",199.32,NA
962,14,"B14.S2xD1",1248,1250,"n.length",453.57,NA
963,14,"B14.S2xD1",1248,1250,"h.length",199.69,NA
963,14,"B14.S2xD1",1248,1250,"n.length",442.25,NA
964,14,"B14.S2xD1",1248,1250,"h.length",206.74,NA
964,14,"B14.S2xD1",1248,1250,"n.length",453.91,NA
4331,14,"B14.S2xD1",1248,1250,"hatching",1,408
4332,14,"B14.S2xD1",1248,1250,"hatching",1,408
4333,14,"B14.S2xD1",1248,1250,"hatching",1,408
4334,14,"B14.S2xD1",1248,1250,"hatching",1,408
4335,14,"B14.S2xD1",1248,1250,"hatching",1,408
4336,14,"B14.S2xD1",1248,1250,"hatching",1,408
4337,14,"B14.S2xD1",1248,1250,"hatching",1,408
4338,14,"B14.S2xD1",1248,1250,"hatching",1,408
4339,14,"B14.S2xD1",1248,1250,"hatching",1,408
4340,14,"B14.S2xD1",1248,1250,"hatching",1,408
4341,14,"B14.S2xD1",1248,1250,"hatching",1,408
4342,14,"B14.S2xD1",1248,1250,"hatching",1,408
4343,14,"B14.S2xD1",1248,1250,"hatching",1,408
4344,14,"B14.S2xD1",1248,1250,"hatching",1,408
4345,14,"B14.S2xD1",1248,1250,"hatching",1,408
4346,14,"B14.S2xD1",1248,1250,"hatching",1,408
4347,14,"B14.S2xD1",1248,1250,"hatching",1,408
4348,14,"B14.S2xD1",1248,1250,"hatching",1,408
4349,14,"B14.S2xD1",1248,1250,"hatching",0,408
4350,14,"B14.S2xD1",1248,1250,"hatching",1,409
4351,14,"B14.S2xD1",1248,1250,"hatching",1,409
4352,14,"B14.S2xD1",1248,1250,"hatching",1,409
4353,14,"B14.S2xD1",1248,1250,"hatching",1,409
4354,14,"B14.S2xD1",1248,1250,"hatching",1,409
4355,14,"B14.S2xD1",1248,1250,"hatching",1,409
4356,14,"B14.S2xD1",1248,1250,"hatching",1,409
4357,14,"B14.S2xD1",1248,1250,"hatching",1,409
4358,14,"B14.S2xD1",1248,1250,"hatching",1,409
4359,14,"B14.S2xD1",1248,1250,"hatching",1,409
4360,14,"B14.S2xD1",1248,1250,"hatching",1,409
4361,14,"B14.S2xD1",1248,1250,"hatching",1,409
4362,14,"B14.S2xD1",1248,1250,"hatching",1,409
4363,14,"B14.S2xD1",1248,1250,"hatching",1,409
4364,14,"B14.S2xD1",1248,1250,"hatching",1,409
4365,14,"B14.S2xD1",1248,1250,"hatching",1,409
4366,14,"B14.S2xD1",1248,1250,"hatching",1,409
4367,14,"B14.S2xD1",1248,1250,"hatching",1,409
4368,14,"B14.S2xD1",1248,1250,"hatching",1,409
4369,14,"B14.S2xD1",1248,1250,"hatching",1,409
4370,14,"B14.S2xD1",1248,1250,"hatching",0,409
4371,14,"B14.S2xD1",1248,1250,"hatching",1,410
4372,14,"B14.S2xD1",1248,1250,"hatching",1,410
4373,14,"B14.S2xD1",1248,1250,"hatching",1,410
4374,14,"B14.S2xD1",1248,1250,"hatching",1,410
4375,14,"B14.S2xD1",1248,1250,"hatching",1,410
4376,14,"B14.S2xD1",1248,1250,"hatching",1,410
4377,14,"B14.S2xD1",1248,1250,"hatching",1,410
4378,14,"B14.S2xD1",1248,1250,"hatching",1,410
4379,14,"B14.S2xD1",1248,1250,"hatching",1,410
4380,14,"B14.S2xD1",1248,1250,"hatching",1,410
4381,14,"B14.S2xD1",1248,1250,"hatching",1,410
4382,14,"B14.S2xD1",1248,1250,"hatching",1,410
4383,14,"B14.S2xD1",1248,1250,"hatching",1,410
4384,14,"B14.S2xD1",1248,1250,"hatching",1,410
4385,14,"B14.S2xD1",1248,1250,"hatching",1,410
4386,14,"B14.S2xD1",1248,1250,"hatching",1,410
4387,14,"B14.S2xD1",1248,1250,"hatching",1,410
4388,14,"B14.S2xD1",1248,1250,"hatching",1,410
4389,14,"B14.S2xD1",1248,1250,"hatching",0,410
4390,14,"B14.S2xD1",1248,1250,"hatching",0,410
8789,14,"B14.S2xD1",1248,1250,"settling",1,411
8790,14,"B14.S2xD1",1248,1250,"settling",1,411
8791,14,"B14.S2xD1",1248,1250,"settling",1,411
8792,14,"B14.S2xD1",1248,1250,"settling",1,411
8793,14,"B14.S2xD1",1248,1250,"settling",1,411
8794,14,"B14.S2xD1",1248,1250,"settling",1,411
8795,14,"B14.S2xD1",1248,1250,"settling",1,411
8796,14,"B14.S2xD1",1248,1250,"settling",1,411
8797,14,"B14.S2xD1",1248,1250,"settling",1,411
8798,14,"B14.S2xD1",1248,1250,"settling",1,411
8799,14,"B14.S2xD1",1248,1250,"settling",1,411
8800,14,"B14.S2xD1",1248,1250,"settling",1,411
8801,14,"B14.S2xD1",1248,1250,"settling",1,411
8802,14,"B14.S2xD1",1248,1250,"settling",1,411
8803,14,"B14.S2xD1",1248,1250,"settling",1,411
8804,14,"B14.S2xD1",1248,1250,"settling",1,411
8805,14,"B14.S2xD1",1248,1250,"settling",0,411
8806,14,"B14.S2xD1",1248,1250,"settling",0,411
8807,14,"B14.S2xD1",1248,1250,"settling",0,411
8808,14,"B14.S2xD1",1248,1250,"settling",1,412
8809,14,"B14.S2xD1",1248,1250,"settling",1,412
8810,14,"B14.S2xD1",1248,1250,"settling",1,412
8811,14,"B14.S2xD1",1248,1250,"settling",1,412
8812,14,"B14.S2xD1",1248,1250,"settling",1,412
8813,14,"B14.S2xD1",1248,1250,"settling",1,412
8814,14,"B14.S2xD1",1248,1250,"settling",1,412
8815,14,"B14.S2xD1",1248,1250,"settling",1,412
8816,14,"B14.S2xD1",1248,1250,"settling",1,412
8817,14,"B14.S2xD1",1248,1250,"settling",1,412
8818,14,"B14.S2xD1",1248,1250,"settling",1,412
8819,14,"B14.S2xD1",1248,1250,"settling",1,412
8820,14,"B14.S2xD1",1248,1250,"settling",1,412
8821,14,"B14.S2xD1",1248,1250,"settling",1,412
8822,14,"B14.S2xD1",1248,1250,"settling",1,412
8823,14,"B14.S2xD1",1248,1250,"settling",1,412
8824,14,"B14.S2xD1",1248,1250,"settling",1,412
8825,14,"B14.S2xD1",1248,1250,"settling",1,412
8826,14,"B14.S2xD1",1248,1250,"settling",1,412
8827,14,"B14.S2xD1",1248,1250,"settling",1,412
8828,14,"B14.S2xD1",1248,1250,"settling",1,413
8829,14,"B14.S2xD1",1248,1250,"settling",1,413
8830,14,"B14.S2xD1",1248,1250,"settling",1,413
8831,14,"B14.S2xD1",1248,1250,"settling",1,413
8832,14,"B14.S2xD1",1248,1250,"settling",1,413
8833,14,"B14.S2xD1",1248,1250,"settling",1,413
8834,14,"B14.S2xD1",1248,1250,"settling",1,413
8835,14,"B14.S2xD1",1248,1250,"settling",1,413
8836,14,"B14.S2xD1",1248,1250,"settling",1,413
8837,14,"B14.S2xD1",1248,1250,"settling",1,413
8838,14,"B14.S2xD1",1248,1250,"settling",1,413
8839,14,"B14.S2xD1",1248,1250,"settling",1,413
8840,14,"B14.S2xD1",1248,1250,"settling",1,413
8841,14,"B14.S2xD1",1248,1250,"settling",1,413
8842,14,"B14.S2xD1",1248,1250,"settling",1,413
8843,14,"B14.S2xD1",1248,1250,"settling",1,413
8844,14,"B14.S2xD1",1248,1250,"settling",1,413
8845,14,"B14.S2xD1",1248,1250,"settling",1,413
965,14,"B14.S2xD2",1248,1251,"h.length",209.65,NA
965,14,"B14.S2xD2",1248,1251,"n.length",474.69,NA
966,14,"B14.S2xD2",1248,1251,"h.length",202.21,NA
966,14,"B14.S2xD2",1248,1251,"n.length",490.34,NA
967,14,"B14.S2xD2",1248,1251,"h.length",194.5,NA
967,14,"B14.S2xD2",1248,1251,"n.length",464.87,NA
968,14,"B14.S2xD2",1248,1251,"h.length",211.21,NA
968,14,"B14.S2xD2",1248,1251,"n.length",469.02,NA
969,14,"B14.S2xD2",1248,1251,"h.length",206.07,NA
969,14,"B14.S2xD2",1248,1251,"n.length",478.36,NA
970,14,"B14.S2xD2",1248,1251,"h.length",194.38,NA
970,14,"B14.S2xD2",1248,1251,"n.length",472.39,NA
971,14,"B14.S2xD2",1248,1251,"h.length",206.04,NA
971,14,"B14.S2xD2",1248,1251,"n.length",494.05,NA
972,14,"B14.S2xD2",1248,1251,"h.length",189.54,NA
972,14,"B14.S2xD2",1248,1251,"n.length",468.51,NA
973,14,"B14.S2xD2",1248,1251,"h.length",203.89,NA
973,14,"B14.S2xD2",1248,1251,"n.length",494.32,NA
974,14,"B14.S2xD2",1248,1251,"h.length",207.21,NA
974,14,"B14.S2xD2",1248,1251,"n.length",493.01,NA
975,14,"B14.S2xD2",1248,1251,"h.length",192.89,NA
975,14,"B14.S2xD2",1248,1251,"n.length",453.13,NA
976,14,"B14.S2xD2",1248,1251,"h.length",196.85,NA
976,14,"B14.S2xD2",1248,1251,"n.length",454.96,NA
4391,14,"B14.S2xD2",1248,1251,"hatching",1,414
4392,14,"B14.S2xD2",1248,1251,"hatching",1,414
4393,14,"B14.S2xD2",1248,1251,"hatching",1,414
4394,14,"B14.S2xD2",1248,1251,"hatching",1,414
4395,14,"B14.S2xD2",1248,1251,"hatching",1,414
4396,14,"B14.S2xD2",1248,1251,"hatching",1,414
4397,14,"B14.S2xD2",1248,1251,"hatching",1,414
4398,14,"B14.S2xD2",1248,1251,"hatching",1,414
4399,14,"B14.S2xD2",1248,1251,"hatching",1,414
4400,14,"B14.S2xD2",1248,1251,"hatching",1,414
4401,14,"B14.S2xD2",1248,1251,"hatching",1,414
4402,14,"B14.S2xD2",1248,1251,"hatching",1,414
4403,14,"B14.S2xD2",1248,1251,"hatching",1,414
4404,14,"B14.S2xD2",1248,1251,"hatching",1,414
4405,14,"B14.S2xD2",1248,1251,"hatching",1,414
4406,14,"B14.S2xD2",1248,1251,"hatching",1,414
4407,14,"B14.S2xD2",1248,1251,"hatching",1,414
4408,14,"B14.S2xD2",1248,1251,"hatching",0,414
4409,14,"B14.S2xD2",1248,1251,"hatching",0,414
4410,14,"B14.S2xD2",1248,1251,"hatching",0,414
4411,14,"B14.S2xD2",1248,1251,"hatching",1,415
4412,14,"B14.S2xD2",1248,1251,"hatching",1,415
4413,14,"B14.S2xD2",1248,1251,"hatching",1,415
4414,14,"B14.S2xD2",1248,1251,"hatching",1,415
4415,14,"B14.S2xD2",1248,1251,"hatching",1,415
4416,14,"B14.S2xD2",1248,1251,"hatching",1,415
4417,14,"B14.S2xD2",1248,1251,"hatching",1,415
4418,14,"B14.S2xD2",1248,1251,"hatching",1,415
4419,14,"B14.S2xD2",1248,1251,"hatching",1,415
4420,14,"B14.S2xD2",1248,1251,"hatching",1,415
4421,14,"B14.S2xD2",1248,1251,"hatching",1,415
4422,14,"B14.S2xD2",1248,1251,"hatching",1,415
4423,14,"B14.S2xD2",1248,1251,"hatching",1,415
4424,14,"B14.S2xD2",1248,1251,"hatching",1,415
4425,14,"B14.S2xD2",1248,1251,"hatching",1,415
4426,14,"B14.S2xD2",1248,1251,"hatching",1,415
4427,14,"B14.S2xD2",1248,1251,"hatching",1,415
4428,14,"B14.S2xD2",1248,1251,"hatching",0,415
4429,14,"B14.S2xD2",1248,1251,"hatching",0,415
4430,14,"B14.S2xD2",1248,1251,"hatching",0,415
4431,14,"B14.S2xD2",1248,1251,"hatching",1,416
4432,14,"B14.S2xD2",1248,1251,"hatching",1,416
4433,14,"B14.S2xD2",1248,1251,"hatching",1,416
4434,14,"B14.S2xD2",1248,1251,"hatching",1,416
4435,14,"B14.S2xD2",1248,1251,"hatching",1,416
4436,14,"B14.S2xD2",1248,1251,"hatching",1,416
4437,14,"B14.S2xD2",1248,1251,"hatching",1,416
4438,14,"B14.S2xD2",1248,1251,"hatching",1,416
4439,14,"B14.S2xD2",1248,1251,"hatching",1,416
4440,14,"B14.S2xD2",1248,1251,"hatching",1,416
4441,14,"B14.S2xD2",1248,1251,"hatching",1,416
4442,14,"B14.S2xD2",1248,1251,"hatching",1,416
4443,14,"B14.S2xD2",1248,1251,"hatching",1,416
4444,14,"B14.S2xD2",1248,1251,"hatching",1,416
4445,14,"B14.S2xD2",1248,1251,"hatching",0,416
4446,14,"B14.S2xD2",1248,1251,"hatching",0,416
4447,14,"B14.S2xD2",1248,1251,"hatching",0,416
4448,14,"B14.S2xD2",1248,1251,"hatching",0,416
4449,14,"B14.S2xD2",1248,1251,"hatching",0,416
8846,14,"B14.S2xD2",1248,1251,"settling",1,417
8847,14,"B14.S2xD2",1248,1251,"settling",1,417
8848,14,"B14.S2xD2",1248,1251,"settling",1,417
8849,14,"B14.S2xD2",1248,1251,"settling",1,417
8850,14,"B14.S2xD2",1248,1251,"settling",1,417
8851,14,"B14.S2xD2",1248,1251,"settling",1,417
8852,14,"B14.S2xD2",1248,1251,"settling",1,417
8853,14,"B14.S2xD2",1248,1251,"settling",1,417
8854,14,"B14.S2xD2",1248,1251,"settling",1,417
8855,14,"B14.S2xD2",1248,1251,"settling",1,417
8856,14,"B14.S2xD2",1248,1251,"settling",1,417
8857,14,"B14.S2xD2",1248,1251,"settling",1,417
8858,14,"B14.S2xD2",1248,1251,"settling",1,417
8859,14,"B14.S2xD2",1248,1251,"settling",1,417
8860,14,"B14.S2xD2",1248,1251,"settling",1,417
8861,14,"B14.S2xD2",1248,1251,"settling",1,417
8862,14,"B14.S2xD2",1248,1251,"settling",0,417
8863,14,"B14.S2xD2",1248,1251,"settling",1,418
8864,14,"B14.S2xD2",1248,1251,"settling",1,418
8865,14,"B14.S2xD2",1248,1251,"settling",1,418
8866,14,"B14.S2xD2",1248,1251,"settling",1,418
8867,14,"B14.S2xD2",1248,1251,"settling",1,418
8868,14,"B14.S2xD2",1248,1251,"settling",1,418
8869,14,"B14.S2xD2",1248,1251,"settling",1,418
8870,14,"B14.S2xD2",1248,1251,"settling",1,418
8871,14,"B14.S2xD2",1248,1251,"settling",1,418
8872,14,"B14.S2xD2",1248,1251,"settling",1,418
8873,14,"B14.S2xD2",1248,1251,"settling",1,418
8874,14,"B14.S2xD2",1248,1251,"settling",1,418
8875,14,"B14.S2xD2",1248,1251,"settling",1,418
8876,14,"B14.S2xD2",1248,1251,"settling",1,418
8877,14,"B14.S2xD2",1248,1251,"settling",0,418
8878,14,"B14.S2xD2",1248,1251,"settling",0,418
8879,14,"B14.S2xD2",1248,1251,"settling",0,418
8880,14,"B14.S2xD2",1248,1251,"settling",0,418
8881,14,"B14.S2xD2",1248,1251,"settling",0,418
8882,14,"B14.S2xD2",1248,1251,"settling",1,419
8883,14,"B14.S2xD2",1248,1251,"settling",1,419
8884,14,"B14.S2xD2",1248,1251,"settling",1,419
8885,14,"B14.S2xD2",1248,1251,"settling",1,419
8886,14,"B14.S2xD2",1248,1251,"settling",1,419
8887,14,"B14.S2xD2",1248,1251,"settling",1,419
8888,14,"B14.S2xD2",1248,1251,"settling",1,419
8889,14,"B14.S2xD2",1248,1251,"settling",1,419
8890,14,"B14.S2xD2",1248,1251,"settling",1,419
8891,14,"B14.S2xD2",1248,1251,"settling",1,419
8892,14,"B14.S2xD2",1248,1251,"settling",1,419
8893,14,"B14.S2xD2",1248,1251,"settling",1,419
8894,14,"B14.S2xD2",1248,1251,"settling",1,419
8895,14,"B14.S2xD2",1248,1251,"settling",1,419
8896,14,"B14.S2xD2",1248,1251,"settling",1,419
8897,14,"B14.S2xD2",1248,1251,"settling",0,419
8898,14,"B14.S2xD2",1248,1251,"settling",0,419
8899,14,"B14.S2xD2",1248,1251,"settling",0,419
8900,14,"B14.S2xD2",1248,1251,"settling",0,419
977,14,"B14.S2xD3",1248,1252,"h.length",197.6,NA
977,14,"B14.S2xD3",1248,1252,"n.length",474.33,NA
978,14,"B14.S2xD3",1248,1252,"h.length",186.92,NA
978,14,"B14.S2xD3",1248,1252,"n.length",415.78,NA
979,14,"B14.S2xD3",1248,1252,"h.length",209.99,NA
979,14,"B14.S2xD3",1248,1252,"n.length",454.92,NA
980,14,"B14.S2xD3",1248,1252,"h.length",186.04,NA
980,14,"B14.S2xD3",1248,1252,"n.length",446.67,NA
981,14,"B14.S2xD3",1248,1252,"h.length",204.84,NA
981,14,"B14.S2xD3",1248,1252,"n.length",469.42,NA
982,14,"B14.S2xD3",1248,1252,"h.length",216.31,NA
982,14,"B14.S2xD3",1248,1252,"n.length",483.27,NA
983,14,"B14.S2xD3",1248,1252,"h.length",178.71,NA
983,14,"B14.S2xD3",1248,1252,"n.length",443.89,NA
984,14,"B14.S2xD3",1248,1252,"h.length",179.73,NA
984,14,"B14.S2xD3",1248,1252,"n.length",451.83,NA
985,14,"B14.S2xD3",1248,1252,"h.length",192.91,NA
985,14,"B14.S2xD3",1248,1252,"n.length",477.46,NA
986,14,"B14.S2xD3",1248,1252,"h.length",178.67,NA
986,14,"B14.S2xD3",1248,1252,"n.length",462.7,NA
987,14,"B14.S2xD3",1248,1252,"h.length",170.85,NA
987,14,"B14.S2xD3",1248,1252,"n.length",435.73,NA
988,14,"B14.S2xD3",1248,1252,"h.length",192.02,NA
988,14,"B14.S2xD3",1248,1252,"n.length",467.64,NA
4450,14,"B14.S2xD3",1248,1252,"hatching",1,420
4451,14,"B14.S2xD3",1248,1252,"hatching",1,420
4452,14,"B14.S2xD3",1248,1252,"hatching",1,420
4453,14,"B14.S2xD3",1248,1252,"hatching",1,420
4454,14,"B14.S2xD3",1248,1252,"hatching",1,420
4455,14,"B14.S2xD3",1248,1252,"hatching",1,420
4456,14,"B14.S2xD3",1248,1252,"hatching",1,420
4457,14,"B14.S2xD3",1248,1252,"hatching",1,420
4458,14,"B14.S2xD3",1248,1252,"hatching",1,420
4459,14,"B14.S2xD3",1248,1252,"hatching",1,420
4460,14,"B14.S2xD3",1248,1252,"hatching",1,420
4461,14,"B14.S2xD3",1248,1252,"hatching",1,420
4462,14,"B14.S2xD3",1248,1252,"hatching",1,420
4463,14,"B14.S2xD3",1248,1252,"hatching",1,420
4464,14,"B14.S2xD3",1248,1252,"hatching",1,420
4465,14,"B14.S2xD3",1248,1252,"hatching",1,420
4466,14,"B14.S2xD3",1248,1252,"hatching",1,420
4467,14,"B14.S2xD3",1248,1252,"hatching",1,420
4468,14,"B14.S2xD3",1248,1252,"hatching",1,420
4469,14,"B14.S2xD3",1248,1252,"hatching",0,420
4470,14,"B14.S2xD3",1248,1252,"hatching",1,421
4471,14,"B14.S2xD3",1248,1252,"hatching",1,421
4472,14,"B14.S2xD3",1248,1252,"hatching",1,421
4473,14,"B14.S2xD3",1248,1252,"hatching",1,421
4474,14,"B14.S2xD3",1248,1252,"hatching",1,421
4475,14,"B14.S2xD3",1248,1252,"hatching",1,421
4476,14,"B14.S2xD3",1248,1252,"hatching",1,421
4477,14,"B14.S2xD3",1248,1252,"hatching",1,421
4478,14,"B14.S2xD3",1248,1252,"hatching",1,421
4479,14,"B14.S2xD3",1248,1252,"hatching",1,421
4480,14,"B14.S2xD3",1248,1252,"hatching",1,421
4481,14,"B14.S2xD3",1248,1252,"hatching",1,421
4482,14,"B14.S2xD3",1248,1252,"hatching",1,421
4483,14,"B14.S2xD3",1248,1252,"hatching",1,421
4484,14,"B14.S2xD3",1248,1252,"hatching",1,421
4485,14,"B14.S2xD3",1248,1252,"hatching",1,421
4486,14,"B14.S2xD3",1248,1252,"hatching",1,421
4487,14,"B14.S2xD3",1248,1252,"hatching",1,421
4488,14,"B14.S2xD3",1248,1252,"hatching",1,421
4489,14,"B14.S2xD3",1248,1252,"hatching",1,421
4490,14,"B14.S2xD3",1248,1252,"hatching",1,421
4491,14,"B14.S2xD3",1248,1252,"hatching",1,421
4492,14,"B14.S2xD3",1248,1252,"hatching",1,421
4493,14,"B14.S2xD3",1248,1252,"hatching",0,421
4494,14,"B14.S2xD3",1248,1252,"hatching",1,422
4495,14,"B14.S2xD3",1248,1252,"hatching",1,422
4496,14,"B14.S2xD3",1248,1252,"hatching",1,422
4497,14,"B14.S2xD3",1248,1252,"hatching",1,422
4498,14,"B14.S2xD3",1248,1252,"hatching",1,422
4499,14,"B14.S2xD3",1248,1252,"hatching",1,422
4500,14,"B14.S2xD3",1248,1252,"hatching",1,422
4501,14,"B14.S2xD3",1248,1252,"hatching",1,422
4502,14,"B14.S2xD3",1248,1252,"hatching",1,422
4503,14,"B14.S2xD3",1248,1252,"hatching",1,422
4504,14,"B14.S2xD3",1248,1252,"hatching",1,422
4505,14,"B14.S2xD3",1248,1252,"hatching",1,422
4506,14,"B14.S2xD3",1248,1252,"hatching",1,422
4507,14,"B14.S2xD3",1248,1252,"hatching",1,422
4508,14,"B14.S2xD3",1248,1252,"hatching",1,422
4509,14,"B14.S2xD3",1248,1252,"hatching",1,422
4510,14,"B14.S2xD3",1248,1252,"hatching",1,422
4511,14,"B14.S2xD3",1248,1252,"hatching",1,422
4512,14,"B14.S2xD3",1248,1252,"hatching",1,422
4513,14,"B14.S2xD3",1248,1252,"hatching",0,422
4514,14,"B14.S2xD3",1248,1252,"hatching",0,422
4515,14,"B14.S2xD3",1248,1252,"hatching",0,422
8901,14,"B14.S2xD3",1248,1252,"settling",1,423
8902,14,"B14.S2xD3",1248,1252,"settling",1,423
8903,14,"B14.S2xD3",1248,1252,"settling",1,423
8904,14,"B14.S2xD3",1248,1252,"settling",1,423
8905,14,"B14.S2xD3",1248,1252,"settling",1,423
8906,14,"B14.S2xD3",1248,1252,"settling",1,423
8907,14,"B14.S2xD3",1248,1252,"settling",1,423
8908,14,"B14.S2xD3",1248,1252,"settling",1,423
8909,14,"B14.S2xD3",1248,1252,"settling",1,423
8910,14,"B14.S2xD3",1248,1252,"settling",1,423
8911,14,"B14.S2xD3",1248,1252,"settling",1,423
8912,14,"B14.S2xD3",1248,1252,"settling",1,423
8913,14,"B14.S2xD3",1248,1252,"settling",1,423
8914,14,"B14.S2xD3",1248,1252,"settling",0,423
8915,14,"B14.S2xD3",1248,1252,"settling",0,423
8916,14,"B14.S2xD3",1248,1252,"settling",0,423
8917,14,"B14.S2xD3",1248,1252,"settling",0,423
8918,14,"B14.S2xD3",1248,1252,"settling",0,423
8919,14,"B14.S2xD3",1248,1252,"settling",0,423
8920,14,"B14.S2xD3",1248,1252,"settling",0,423
8921,14,"B14.S2xD3",1248,1252,"settling",1,424
8922,14,"B14.S2xD3",1248,1252,"settling",1,424
8923,14,"B14.S2xD3",1248,1252,"settling",1,424
8924,14,"B14.S2xD3",1248,1252,"settling",1,424
8925,14,"B14.S2xD3",1248,1252,"settling",1,424
8926,14,"B14.S2xD3",1248,1252,"settling",1,424
8927,14,"B14.S2xD3",1248,1252,"settling",1,424
8928,14,"B14.S2xD3",1248,1252,"settling",0,424
8929,14,"B14.S2xD3",1248,1252,"settling",0,424
8930,14,"B14.S2xD3",1248,1252,"settling",0,424
8931,14,"B14.S2xD3",1248,1252,"settling",0,424
8932,14,"B14.S2xD3",1248,1252,"settling",0,424
8933,14,"B14.S2xD3",1248,1252,"settling",0,424
8934,14,"B14.S2xD3",1248,1252,"settling",0,424
8935,14,"B14.S2xD3",1248,1252,"settling",0,424
8936,14,"B14.S2xD3",1248,1252,"settling",0,424
8937,14,"B14.S2xD3",1248,1252,"settling",0,424
8938,14,"B14.S2xD3",1248,1252,"settling",0,424
8939,14,"B14.S2xD3",1248,1252,"settling",1,425
8940,14,"B14.S2xD3",1248,1252,"settling",1,425
8941,14,"B14.S2xD3",1248,1252,"settling",1,425
8942,14,"B14.S2xD3",1248,1252,"settling",1,425
8943,14,"B14.S2xD3",1248,1252,"settling",1,425
8944,14,"B14.S2xD3",1248,1252,"settling",1,425
8945,14,"B14.S2xD3",1248,1252,"settling",1,425
8946,14,"B14.S2xD3",1248,1252,"settling",1,425
8947,14,"B14.S2xD3",1248,1252,"settling",1,425
8948,14,"B14.S2xD3",1248,1252,"settling",1,425
8949,14,"B14.S2xD3",1248,1252,"settling",1,425
8950,14,"B14.S2xD3",1248,1252,"settling",0,425
8951,14,"B14.S2xD3",1248,1252,"settling",0,425
8952,14,"B14.S2xD3",1248,1252,"settling",0,425
8953,14,"B14.S2xD3",1248,1252,"settling",0,425
8954,14,"B14.S2xD3",1248,1252,"settling",0,425
8955,14,"B14.S2xD3",1248,1252,"settling",0,425
8956,14,"B14.S2xD3",1248,1252,"settling",0,425
8957,14,"B14.S2xD3",1248,1252,"settling",0,425
989,14,"B14.S3xD1",1249,1250,"h.length",181.19,NA
989,14,"B14.S3xD1",1249,1250,"n.length",423.65,NA
990,14,"B14.S3xD1",1249,1250,"h.length",202.54,NA
990,14,"B14.S3xD1",1249,1250,"n.length",458.05,NA
991,14,"B14.S3xD1",1249,1250,"h.length",197.87,NA
991,14,"B14.S3xD1",1249,1250,"n.length",446.11,NA
992,14,"B14.S3xD1",1249,1250,"h.length",182.56,NA
992,14,"B14.S3xD1",1249,1250,"n.length",410.64,NA
993,14,"B14.S3xD1",1249,1250,"h.length",196.6,NA
993,14,"B14.S3xD1",1249,1250,"n.length",456.03,NA
994,14,"B14.S3xD1",1249,1250,"h.length",200.02,NA
994,14,"B14.S3xD1",1249,1250,"n.length",459.13,NA
995,14,"B14.S3xD1",1249,1250,"h.length",185.57,NA
995,14,"B14.S3xD1",1249,1250,"n.length",426.82,NA
996,14,"B14.S3xD1",1249,1250,"h.length",204.13,NA
996,14,"B14.S3xD1",1249,1250,"n.length",463.2,NA
997,14,"B14.S3xD1",1249,1250,"h.length",172.32,NA
997,14,"B14.S3xD1",1249,1250,"n.length",424.32,NA
998,14,"B14.S3xD1",1249,1250,"h.length",180.49,NA
998,14,"B14.S3xD1",1249,1250,"n.length",441.03,NA
999,14,"B14.S3xD1",1249,1250,"h.length",192.49,NA
999,14,"B14.S3xD1",1249,1250,"n.length",376.53,NA
1000,14,"B14.S3xD1",1249,1250,"h.length",202.78,NA
1000,14,"B14.S3xD1",1249,1250,"n.length",470.52,NA
4516,14,"B14.S3xD1",1249,1250,"hatching",1,426
4517,14,"B14.S3xD1",1249,1250,"hatching",1,426
4518,14,"B14.S3xD1",1249,1250,"hatching",1,426
4519,14,"B14.S3xD1",1249,1250,"hatching",1,426
4520,14,"B14.S3xD1",1249,1250,"hatching",1,426
4521,14,"B14.S3xD1",1249,1250,"hatching",1,426
4522,14,"B14.S3xD1",1249,1250,"hatching",1,426
4523,14,"B14.S3xD1",1249,1250,"hatching",1,426
4524,14,"B14.S3xD1",1249,1250,"hatching",1,426
4525,14,"B14.S3xD1",1249,1250,"hatching",1,426
4526,14,"B14.S3xD1",1249,1250,"hatching",1,426
4527,14,"B14.S3xD1",1249,1250,"hatching",1,426
4528,14,"B14.S3xD1",1249,1250,"hatching",1,426
4529,14,"B14.S3xD1",1249,1250,"hatching",1,426
4530,14,"B14.S3xD1",1249,1250,"hatching",1,426
4531,14,"B14.S3xD1",1249,1250,"hatching",1,426
4532,14,"B14.S3xD1",1249,1250,"hatching",1,427
4533,14,"B14.S3xD1",1249,1250,"hatching",1,427
4534,14,"B14.S3xD1",1249,1250,"hatching",1,427
4535,14,"B14.S3xD1",1249,1250,"hatching",1,427
4536,14,"B14.S3xD1",1249,1250,"hatching",1,427
4537,14,"B14.S3xD1",1249,1250,"hatching",1,427
4538,14,"B14.S3xD1",1249,1250,"hatching",1,427
4539,14,"B14.S3xD1",1249,1250,"hatching",1,427
4540,14,"B14.S3xD1",1249,1250,"hatching",1,427
4541,14,"B14.S3xD1",1249,1250,"hatching",1,427
4542,14,"B14.S3xD1",1249,1250,"hatching",1,427
4543,14,"B14.S3xD1",1249,1250,"hatching",1,427
4544,14,"B14.S3xD1",1249,1250,"hatching",1,427
4545,14,"B14.S3xD1",1249,1250,"hatching",1,427
4546,14,"B14.S3xD1",1249,1250,"hatching",1,427
4547,14,"B14.S3xD1",1249,1250,"hatching",1,427
4548,14,"B14.S3xD1",1249,1250,"hatching",1,427
4549,14,"B14.S3xD1",1249,1250,"hatching",1,427
4550,14,"B14.S3xD1",1249,1250,"hatching",1,427
4551,14,"B14.S3xD1",1249,1250,"hatching",1,427
4552,14,"B14.S3xD1",1249,1250,"hatching",0,427
4553,14,"B14.S3xD1",1249,1250,"hatching",0,427
4554,14,"B14.S3xD1",1249,1250,"hatching",1,428
4555,14,"B14.S3xD1",1249,1250,"hatching",1,428
4556,14,"B14.S3xD1",1249,1250,"hatching",1,428
4557,14,"B14.S3xD1",1249,1250,"hatching",1,428
4558,14,"B14.S3xD1",1249,1250,"hatching",1,428
4559,14,"B14.S3xD1",1249,1250,"hatching",1,428
4560,14,"B14.S3xD1",1249,1250,"hatching",1,428
4561,14,"B14.S3xD1",1249,1250,"hatching",1,428
4562,14,"B14.S3xD1",1249,1250,"hatching",1,428
4563,14,"B14.S3xD1",1249,1250,"hatching",1,428
4564,14,"B14.S3xD1",1249,1250,"hatching",1,428
4565,14,"B14.S3xD1",1249,1250,"hatching",1,428
4566,14,"B14.S3xD1",1249,1250,"hatching",1,428
8958,14,"B14.S3xD1",1249,1250,"settling",1,429
8959,14,"B14.S3xD1",1249,1250,"settling",1,429
8960,14,"B14.S3xD1",1249,1250,"settling",1,429
8961,14,"B14.S3xD1",1249,1250,"settling",1,429
8962,14,"B14.S3xD1",1249,1250,"settling",1,429
8963,14,"B14.S3xD1",1249,1250,"settling",1,429
8964,14,"B14.S3xD1",1249,1250,"settling",1,429
8965,14,"B14.S3xD1",1249,1250,"settling",1,429
8966,14,"B14.S3xD1",1249,1250,"settling",1,429
8967,14,"B14.S3xD1",1249,1250,"settling",1,429
8968,14,"B14.S3xD1",1249,1250,"settling",1,429
8969,14,"B14.S3xD1",1249,1250,"settling",1,429
8970,14,"B14.S3xD1",1249,1250,"settling",1,429
8971,14,"B14.S3xD1",1249,1250,"settling",1,429
8972,14,"B14.S3xD1",1249,1250,"settling",1,429
8973,14,"B14.S3xD1",1249,1250,"settling",1,429
8974,14,"B14.S3xD1",1249,1250,"settling",1,429
8975,14,"B14.S3xD1",1249,1250,"settling",1,429
8976,14,"B14.S3xD1",1249,1250,"settling",1,429
8977,14,"B14.S3xD1",1249,1250,"settling",1,430
8978,14,"B14.S3xD1",1249,1250,"settling",1,430
8979,14,"B14.S3xD1",1249,1250,"settling",1,430
8980,14,"B14.S3xD1",1249,1250,"settling",1,430
8981,14,"B14.S3xD1",1249,1250,"settling",1,430
8982,14,"B14.S3xD1",1249,1250,"settling",1,430
8983,14,"B14.S3xD1",1249,1250,"settling",1,430
8984,14,"B14.S3xD1",1249,1250,"settling",1,430
8985,14,"B14.S3xD1",1249,1250,"settling",1,430
8986,14,"B14.S3xD1",1249,1250,"settling",1,430
8987,14,"B14.S3xD1",1249,1250,"settling",1,430
8988,14,"B14.S3xD1",1249,1250,"settling",1,430
8989,14,"B14.S3xD1",1249,1250,"settling",1,430
8990,14,"B14.S3xD1",1249,1250,"settling",1,430
8991,14,"B14.S3xD1",1249,1250,"settling",1,430
8992,14,"B14.S3xD1",1249,1250,"settling",1,430
8993,14,"B14.S3xD1",1249,1250,"settling",1,430
8994,14,"B14.S3xD1",1249,1250,"settling",1,430
8995,14,"B14.S3xD1",1249,1250,"settling",1,430
8996,14,"B14.S3xD1",1249,1250,"settling",1,431
8997,14,"B14.S3xD1",1249,1250,"settling",1,431
8998,14,"B14.S3xD1",1249,1250,"settling",1,431
8999,14,"B14.S3xD1",1249,1250,"settling",1,431
9000,14,"B14.S3xD1",1249,1250,"settling",1,431
9001,14,"B14.S3xD1",1249,1250,"settling",1,431
9002,14,"B14.S3xD1",1249,1250,"settling",1,431
9003,14,"B14.S3xD1",1249,1250,"settling",1,431
9004,14,"B14.S3xD1",1249,1250,"settling",1,431
9005,14,"B14.S3xD1",1249,1250,"settling",1,431
9006,14,"B14.S3xD1",1249,1250,"settling",1,431
9007,14,"B14.S3xD1",1249,1250,"settling",1,431
9008,14,"B14.S3xD1",1249,1250,"settling",1,431
9009,14,"B14.S3xD1",1249,1250,"settling",1,431
9010,14,"B14.S3xD1",1249,1250,"settling",0,431
1001,14,"B14.S3xD2",1249,1251,"h.length",208.83,NA
1001,14,"B14.S3xD2",1249,1251,"n.length",479.91,NA
1002,14,"B14.S3xD2",1249,1251,"h.length",200.78,NA
1002,14,"B14.S3xD2",1249,1251,"n.length",472.11,NA
1003,14,"B14.S3xD2",1249,1251,"h.length",209.11,NA
1003,14,"B14.S3xD2",1249,1251,"n.length",485.16,NA
1004,14,"B14.S3xD2",1249,1251,"h.length",184.99,NA
1004,14,"B14.S3xD2",1249,1251,"n.length",473.62,NA
1005,14,"B14.S3xD2",1249,1251,"h.length",207.46,NA
1005,14,"B14.S3xD2",1249,1251,"n.length",480.35,NA
1006,14,"B14.S3xD2",1249,1251,"h.length",207.78,NA
1006,14,"B14.S3xD2",1249,1251,"n.length",471.22,NA
1007,14,"B14.S3xD2",1249,1251,"h.length",188.93,NA
1007,14,"B14.S3xD2",1249,1251,"n.length",499.76,NA
1008,14,"B14.S3xD2",1249,1251,"h.length",183.69,NA
1008,14,"B14.S3xD2",1249,1251,"n.length",477.23,NA
1009,14,"B14.S3xD2",1249,1251,"h.length",202.67,NA
1009,14,"B14.S3xD2",1249,1251,"n.length",475.26,NA
1010,14,"B14.S3xD2",1249,1251,"h.length",193.52,NA
1010,14,"B14.S3xD2",1249,1251,"n.length",484.85,NA
1011,14,"B14.S3xD2",1249,1251,"h.length",170.59,NA
1011,14,"B14.S3xD2",1249,1251,"n.length",456.29,NA
1012,14,"B14.S3xD2",1249,1251,"h.length",193.02,NA
1012,14,"B14.S3xD2",1249,1251,"n.length",496.83,NA
4567,14,"B14.S3xD2",1249,1251,"hatching",1,432
4568,14,"B14.S3xD2",1249,1251,"hatching",1,432
4569,14,"B14.S3xD2",1249,1251,"hatching",1,432
4570,14,"B14.S3xD2",1249,1251,"hatching",1,432
4571,14,"B14.S3xD2",1249,1251,"hatching",1,432
4572,14,"B14.S3xD2",1249,1251,"hatching",1,432
4573,14,"B14.S3xD2",1249,1251,"hatching",1,432
4574,14,"B14.S3xD2",1249,1251,"hatching",1,432
4575,14,"B14.S3xD2",1249,1251,"hatching",1,432
4576,14,"B14.S3xD2",1249,1251,"hatching",1,432
4577,14,"B14.S3xD2",1249,1251,"hatching",1,432
4578,14,"B14.S3xD2",1249,1251,"hatching",1,432
4579,14,"B14.S3xD2",1249,1251,"hatching",1,432
4580,14,"B14.S3xD2",1249,1251,"hatching",1,432
4581,14,"B14.S3xD2",1249,1251,"hatching",1,432
4582,14,"B14.S3xD2",1249,1251,"hatching",1,432
4583,14,"B14.S3xD2",1249,1251,"hatching",0,432
4584,14,"B14.S3xD2",1249,1251,"hatching",0,432
4585,14,"B14.S3xD2",1249,1251,"hatching",0,432
4586,14,"B14.S3xD2",1249,1251,"hatching",1,433
4587,14,"B14.S3xD2",1249,1251,"hatching",1,433
4588,14,"B14.S3xD2",1249,1251,"hatching",1,433
4589,14,"B14.S3xD2",1249,1251,"hatching",1,433
4590,14,"B14.S3xD2",1249,1251,"hatching",1,433
4591,14,"B14.S3xD2",1249,1251,"hatching",1,433
4592,14,"B14.S3xD2",1249,1251,"hatching",1,433
4593,14,"B14.S3xD2",1249,1251,"hatching",1,433
4594,14,"B14.S3xD2",1249,1251,"hatching",1,433
4595,14,"B14.S3xD2",1249,1251,"hatching",1,433
4596,14,"B14.S3xD2",1249,1251,"hatching",1,433
4597,14,"B14.S3xD2",1249,1251,"hatching",1,433
4598,14,"B14.S3xD2",1249,1251,"hatching",1,433
4599,14,"B14.S3xD2",1249,1251,"hatching",1,433
4600,14,"B14.S3xD2",1249,1251,"hatching",1,433
4601,14,"B14.S3xD2",1249,1251,"hatching",1,433
4602,14,"B14.S3xD2",1249,1251,"hatching",1,433
4603,14,"B14.S3xD2",1249,1251,"hatching",1,433
4604,14,"B14.S3xD2",1249,1251,"hatching",1,433
4605,14,"B14.S3xD2",1249,1251,"hatching",1,433
4606,14,"B14.S3xD2",1249,1251,"hatching",1,433
4607,14,"B14.S3xD2",1249,1251,"hatching",1,433
4608,14,"B14.S3xD2",1249,1251,"hatching",1,434
4609,14,"B14.S3xD2",1249,1251,"hatching",1,434
4610,14,"B14.S3xD2",1249,1251,"hatching",1,434
4611,14,"B14.S3xD2",1249,1251,"hatching",1,434
4612,14,"B14.S3xD2",1249,1251,"hatching",1,434
4613,14,"B14.S3xD2",1249,1251,"hatching",1,434
4614,14,"B14.S3xD2",1249,1251,"hatching",1,434
4615,14,"B14.S3xD2",1249,1251,"hatching",1,434
4616,14,"B14.S3xD2",1249,1251,"hatching",1,434
4617,14,"B14.S3xD2",1249,1251,"hatching",1,434
4618,14,"B14.S3xD2",1249,1251,"hatching",1,434
4619,14,"B14.S3xD2",1249,1251,"hatching",1,434
4620,14,"B14.S3xD2",1249,1251,"hatching",1,434
4621,14,"B14.S3xD2",1249,1251,"hatching",1,434
4622,14,"B14.S3xD2",1249,1251,"hatching",1,434
4623,14,"B14.S3xD2",1249,1251,"hatching",1,434
4624,14,"B14.S3xD2",1249,1251,"hatching",1,434
4625,14,"B14.S3xD2",1249,1251,"hatching",1,434
4626,14,"B14.S3xD2",1249,1251,"hatching",1,434
4627,14,"B14.S3xD2",1249,1251,"hatching",1,434
4628,14,"B14.S3xD2",1249,1251,"hatching",1,434
9011,14,"B14.S3xD2",1249,1251,"settling",1,435
9012,14,"B14.S3xD2",1249,1251,"settling",1,435
9013,14,"B14.S3xD2",1249,1251,"settling",1,435
9014,14,"B14.S3xD2",1249,1251,"settling",1,435
9015,14,"B14.S3xD2",1249,1251,"settling",1,435
9016,14,"B14.S3xD2",1249,1251,"settling",1,435
9017,14,"B14.S3xD2",1249,1251,"settling",1,435
9018,14,"B14.S3xD2",1249,1251,"settling",1,435
9019,14,"B14.S3xD2",1249,1251,"settling",1,435
9020,14,"B14.S3xD2",1249,1251,"settling",1,435
9021,14,"B14.S3xD2",1249,1251,"settling",1,435
9022,14,"B14.S3xD2",1249,1251,"settling",1,435
9023,14,"B14.S3xD2",1249,1251,"settling",1,435
9024,14,"B14.S3xD2",1249,1251,"settling",1,435
9025,14,"B14.S3xD2",1249,1251,"settling",1,435
9026,14,"B14.S3xD2",1249,1251,"settling",0,435
9027,14,"B14.S3xD2",1249,1251,"settling",0,435
9028,14,"B14.S3xD2",1249,1251,"settling",0,435
9029,14,"B14.S3xD2",1249,1251,"settling",1,436
9030,14,"B14.S3xD2",1249,1251,"settling",1,436
9031,14,"B14.S3xD2",1249,1251,"settling",1,436
9032,14,"B14.S3xD2",1249,1251,"settling",1,436
9033,14,"B14.S3xD2",1249,1251,"settling",1,436
9034,14,"B14.S3xD2",1249,1251,"settling",1,436
9035,14,"B14.S3xD2",1249,1251,"settling",1,436
9036,14,"B14.S3xD2",1249,1251,"settling",1,436
9037,14,"B14.S3xD2",1249,1251,"settling",1,436
9038,14,"B14.S3xD2",1249,1251,"settling",1,436
9039,14,"B14.S3xD2",1249,1251,"settling",1,436
9040,14,"B14.S3xD2",1249,1251,"settling",1,436
9041,14,"B14.S3xD2",1249,1251,"settling",1,436
9042,14,"B14.S3xD2",1249,1251,"settling",1,436
9043,14,"B14.S3xD2",1249,1251,"settling",1,436
9044,14,"B14.S3xD2",1249,1251,"settling",1,436
9045,14,"B14.S3xD2",1249,1251,"settling",0,436
9046,14,"B14.S3xD2",1249,1251,"settling",1,437
9047,14,"B14.S3xD2",1249,1251,"settling",1,437
9048,14,"B14.S3xD2",1249,1251,"settling",1,437
9049,14,"B14.S3xD2",1249,1251,"settling",1,437
9050,14,"B14.S3xD2",1249,1251,"settling",1,437
9051,14,"B14.S3xD2",1249,1251,"settling",1,437
9052,14,"B14.S3xD2",1249,1251,"settling",1,437
9053,14,"B14.S3xD2",1249,1251,"settling",1,437
9054,14,"B14.S3xD2",1249,1251,"settling",1,437
9055,14,"B14.S3xD2",1249,1251,"settling",1,437
9056,14,"B14.S3xD2",1249,1251,"settling",1,437
9057,14,"B14.S3xD2",1249,1251,"settling",1,437
9058,14,"B14.S3xD2",1249,1251,"settling",0,437
9059,14,"B14.S3xD2",1249,1251,"settling",0,437
9060,14,"B14.S3xD2",1249,1251,"settling",0,437
9061,14,"B14.S3xD2",1249,1251,"settling",0,437
9062,14,"B14.S3xD2",1249,1251,"settling",0,437
9063,14,"B14.S3xD2",1249,1251,"settling",0,437
1013,14,"B14.S3xD3",1249,1252,"h.length",176.64,NA
1013,14,"B14.S3xD3",1249,1252,"n.length",459.04,NA
1014,14,"B14.S3xD3",1249,1252,"h.length",195.34,NA
1014,14,"B14.S3xD3",1249,1252,"n.length",475.41,NA
1015,14,"B14.S3xD3",1249,1252,"h.length",205.73,NA
1015,14,"B14.S3xD3",1249,1252,"n.length",476.06,NA
1016,14,"B14.S3xD3",1249,1252,"h.length",200.67,NA
1016,14,"B14.S3xD3",1249,1252,"n.length",466.39,NA
1017,14,"B14.S3xD3",1249,1252,"h.length",197.59,NA
1017,14,"B14.S3xD3",1249,1252,"n.length",466.19,NA
1018,14,"B14.S3xD3",1249,1252,"h.length",203.1,NA
1018,14,"B14.S3xD3",1249,1252,"n.length",469.44,NA
1019,14,"B14.S3xD3",1249,1252,"h.length",187.19,NA
1019,14,"B14.S3xD3",1249,1252,"n.length",455.3,NA
1020,14,"B14.S3xD3",1249,1252,"h.length",184.11,NA
1020,14,"B14.S3xD3",1249,1252,"n.length",457.11,NA
1021,14,"B14.S3xD3",1249,1252,"h.length",198.03,NA
1021,14,"B14.S3xD3",1249,1252,"n.length",474.4,NA
1022,14,"B14.S3xD3",1249,1252,"h.length",202.37,NA
1022,14,"B14.S3xD3",1249,1252,"n.length",487.7,NA
1023,14,"B14.S3xD3",1249,1252,"h.length",194.67,NA
1023,14,"B14.S3xD3",1249,1252,"n.length",478.37,NA
1024,14,"B14.S3xD3",1249,1252,"h.length",175.04,NA
1024,14,"B14.S3xD3",1249,1252,"n.length",456.31,NA
4629,14,"B14.S3xD3",1249,1252,"hatching",1,438
4630,14,"B14.S3xD3",1249,1252,"hatching",1,438
4631,14,"B14.S3xD3",1249,1252,"hatching",1,438
4632,14,"B14.S3xD3",1249,1252,"hatching",1,438
4633,14,"B14.S3xD3",1249,1252,"hatching",1,438
4634,14,"B14.S3xD3",1249,1252,"hatching",1,438
4635,14,"B14.S3xD3",1249,1252,"hatching",1,438
4636,14,"B14.S3xD3",1249,1252,"hatching",1,438
4637,14,"B14.S3xD3",1249,1252,"hatching",1,438
4638,14,"B14.S3xD3",1249,1252,"hatching",1,438
4639,14,"B14.S3xD3",1249,1252,"hatching",1,438
4640,14,"B14.S3xD3",1249,1252,"hatching",1,438
4641,14,"B14.S3xD3",1249,1252,"hatching",1,438
4642,14,"B14.S3xD3",1249,1252,"hatching",1,438
4643,14,"B14.S3xD3",1249,1252,"hatching",1,438
4644,14,"B14.S3xD3",1249,1252,"hatching",1,438
4645,14,"B14.S3xD3",1249,1252,"hatching",1,438
4646,14,"B14.S3xD3",1249,1252,"hatching",1,438
4647,14,"B14.S3xD3",1249,1252,"hatching",1,438
4648,14,"B14.S3xD3",1249,1252,"hatching",1,438
4649,14,"B14.S3xD3",1249,1252,"hatching",1,439
4650,14,"B14.S3xD3",1249,1252,"hatching",1,439
4651,14,"B14.S3xD3",1249,1252,"hatching",1,439
4652,14,"B14.S3xD3",1249,1252,"hatching",1,439
4653,14,"B14.S3xD3",1249,1252,"hatching",1,439
4654,14,"B14.S3xD3",1249,1252,"hatching",1,439
4655,14,"B14.S3xD3",1249,1252,"hatching",1,439
4656,14,"B14.S3xD3",1249,1252,"hatching",1,439
4657,14,"B14.S3xD3",1249,1252,"hatching",1,439
4658,14,"B14.S3xD3",1249,1252,"hatching",1,439
4659,14,"B14.S3xD3",1249,1252,"hatching",1,439
4660,14,"B14.S3xD3",1249,1252,"hatching",1,439
4661,14,"B14.S3xD3",1249,1252,"hatching",1,439
4662,14,"B14.S3xD3",1249,1252,"hatching",1,439
4663,14,"B14.S3xD3",1249,1252,"hatching",1,439
4664,14,"B14.S3xD3",1249,1252,"hatching",1,439
4665,14,"B14.S3xD3",1249,1252,"hatching",1,439
4666,14,"B14.S3xD3",1249,1252,"hatching",1,439
4667,14,"B14.S3xD3",1249,1252,"hatching",1,439
4668,14,"B14.S3xD3",1249,1252,"hatching",1,440
4669,14,"B14.S3xD3",1249,1252,"hatching",1,440
4670,14,"B14.S3xD3",1249,1252,"hatching",1,440
4671,14,"B14.S3xD3",1249,1252,"hatching",1,440
4672,14,"B14.S3xD3",1249,1252,"hatching",1,440
4673,14,"B14.S3xD3",1249,1252,"hatching",1,440
4674,14,"B14.S3xD3",1249,1252,"hatching",1,440
4675,14,"B14.S3xD3",1249,1252,"hatching",1,440
4676,14,"B14.S3xD3",1249,1252,"hatching",1,440
4677,14,"B14.S3xD3",1249,1252,"hatching",1,440
4678,14,"B14.S3xD3",1249,1252,"hatching",1,440
4679,14,"B14.S3xD3",1249,1252,"hatching",1,440
4680,14,"B14.S3xD3",1249,1252,"hatching",1,440
4681,14,"B14.S3xD3",1249,1252,"hatching",1,440
4682,14,"B14.S3xD3",1249,1252,"hatching",1,440
4683,14,"B14.S3xD3",1249,1252,"hatching",1,440
4684,14,"B14.S3xD3",1249,1252,"hatching",1,440
4685,14,"B14.S3xD3",1249,1252,"hatching",1,440
4686,14,"B14.S3xD3",1249,1252,"hatching",1,440
4687,14,"B14.S3xD3",1249,1252,"hatching",1,440
9064,14,"B14.S3xD3",1249,1252,"settling",1,441
9065,14,"B14.S3xD3",1249,1252,"settling",1,441
9066,14,"B14.S3xD3",1249,1252,"settling",1,441
9067,14,"B14.S3xD3",1249,1252,"settling",1,441
9068,14,"B14.S3xD3",1249,1252,"settling",1,441
9069,14,"B14.S3xD3",1249,1252,"settling",1,441
9070,14,"B14.S3xD3",1249,1252,"settling",1,441
9071,14,"B14.S3xD3",1249,1252,"settling",1,441
9072,14,"B14.S3xD3",1249,1252,"settling",1,441
9073,14,"B14.S3xD3",1249,1252,"settling",0,441
9074,14,"B14.S3xD3",1249,1252,"settling",0,441
9075,14,"B14.S3xD3",1249,1252,"settling",0,441
9076,14,"B14.S3xD3",1249,1252,"settling",0,441
9077,14,"B14.S3xD3",1249,1252,"settling",0,441
9078,14,"B14.S3xD3",1249,1252,"settling",0,441
9079,14,"B14.S3xD3",1249,1252,"settling",0,441
9080,14,"B14.S3xD3",1249,1252,"settling",0,441
9081,14,"B14.S3xD3",1249,1252,"settling",0,441
9082,14,"B14.S3xD3",1249,1252,"settling",1,442
9083,14,"B14.S3xD3",1249,1252,"settling",1,442
9084,14,"B14.S3xD3",1249,1252,"settling",1,442
9085,14,"B14.S3xD3",1249,1252,"settling",1,442
9086,14,"B14.S3xD3",1249,1252,"settling",1,442
9087,14,"B14.S3xD3",1249,1252,"settling",1,442
9088,14,"B14.S3xD3",1249,1252,"settling",1,442
9089,14,"B14.S3xD3",1249,1252,"settling",1,442
9090,14,"B14.S3xD3",1249,1252,"settling",1,442
9091,14,"B14.S3xD3",1249,1252,"settling",1,442
9092,14,"B14.S3xD3",1249,1252,"settling",1,442
9093,14,"B14.S3xD3",1249,1252,"settling",1,442
9094,14,"B14.S3xD3",1249,1252,"settling",1,442
9095,14,"B14.S3xD3",1249,1252,"settling",1,442
9096,14,"B14.S3xD3",1249,1252,"settling",0,442
9097,14,"B14.S3xD3",1249,1252,"settling",0,442
9098,14,"B14.S3xD3",1249,1252,"settling",0,442
9099,14,"B14.S3xD3",1249,1252,"settling",0,442
9100,14,"B14.S3xD3",1249,1252,"settling",1,443
9101,14,"B14.S3xD3",1249,1252,"settling",1,443
9102,14,"B14.S3xD3",1249,1252,"settling",1,443
9103,14,"B14.S3xD3",1249,1252,"settling",1,443
9104,14,"B14.S3xD3",1249,1252,"settling",1,443
9105,14,"B14.S3xD3",1249,1252,"settling",1,443
9106,14,"B14.S3xD3",1249,1252,"settling",1,443
9107,14,"B14.S3xD3",1249,1252,"settling",1,443
9108,14,"B14.S3xD3",1249,1252,"settling",1,443
9109,14,"B14.S3xD3",1249,1252,"settling",1,443
9110,14,"B14.S3xD3",1249,1252,"settling",1,443
9111,14,"B14.S3xD3",1249,1252,"settling",1,443
9112,14,"B14.S3xD3",1249,1252,"settling",1,443
9113,14,"B14.S3xD3",1249,1252,"settling",0,443
9114,14,"B14.S3xD3",1249,1252,"settling",0,443
9115,14,"B14.S3xD3",1249,1252,"settling",0,443
9116,14,"B14.S3xD3",1249,1252,"settling",0,443
9117,14,"B14.S3xD3",1249,1252,"settling",0,443
9118,14,"B14.S3xD3",1249,1252,"settling",0,443
1025,15,"B15.S1xD1",1253,1256,"h.length",179.65,NA
1025,15,"B15.S1xD1",1253,1256,"n.length",452.14,NA
1026,15,"B15.S1xD1",1253,1256,"h.length",211.26,NA
1026,15,"B15.S1xD1",1253,1256,"n.length",482.96,NA
1027,15,"B15.S1xD1",1253,1256,"h.length",209.74,NA
1027,15,"B15.S1xD1",1253,1256,"n.length",491.01,NA
1028,15,"B15.S1xD1",1253,1256,"h.length",198.6,NA
1028,15,"B15.S1xD1",1253,1256,"n.length",472.4,NA
1029,15,"B15.S1xD1",1253,1256,"h.length",202.76,NA
1029,15,"B15.S1xD1",1253,1256,"n.length",482.45,NA
1030,15,"B15.S1xD1",1253,1256,"h.length",210.63,NA
1030,15,"B15.S1xD1",1253,1256,"n.length",481.9,NA
1031,15,"B15.S1xD1",1253,1256,"h.length",208.45,NA
1031,15,"B15.S1xD1",1253,1256,"n.length",493.06,NA
1032,15,"B15.S1xD1",1253,1256,"h.length",212.17,NA
1032,15,"B15.S1xD1",1253,1256,"n.length",480.36,NA
1033,15,"B15.S1xD1",1253,1256,"h.length",215.55,NA
1033,15,"B15.S1xD1",1253,1256,"n.length",494.84,NA
1034,15,"B15.S1xD1",1253,1256,"h.length",206.08,NA
1034,15,"B15.S1xD1",1253,1256,"n.length",480.79,NA
1035,15,"B15.S1xD1",1253,1256,"h.length",208.92,NA
1035,15,"B15.S1xD1",1253,1256,"n.length",474.27,NA
1036,15,"B15.S1xD1",1253,1256,"h.length",209.32,NA
1036,15,"B15.S1xD1",1253,1256,"n.length",485.48,NA
1037,15,"B15.S1xD2",1253,1257,"h.length",217.87,NA
1037,15,"B15.S1xD2",1253,1257,"n.length",466.4,NA
1038,15,"B15.S1xD2",1253,1257,"h.length",217.99,NA
1038,15,"B15.S1xD2",1253,1257,"n.length",449.27,NA
1039,15,"B15.S1xD2",1253,1257,"h.length",208.02,NA
1039,15,"B15.S1xD2",1253,1257,"n.length",456.75,NA
1040,15,"B15.S1xD2",1253,1257,"h.length",208.11,NA
1040,15,"B15.S1xD2",1253,1257,"n.length",461.37,NA
1041,15,"B15.S1xD2",1253,1257,"h.length",215.73,NA
1041,15,"B15.S1xD2",1253,1257,"n.length",456.16,NA
1042,15,"B15.S1xD2",1253,1257,"h.length",205.28,NA
1042,15,"B15.S1xD2",1253,1257,"n.length",432.35,NA
1043,15,"B15.S1xD2",1253,1257,"h.length",199.76,NA
1043,15,"B15.S1xD2",1253,1257,"n.length",452.1,NA
1044,15,"B15.S1xD2",1253,1257,"h.length",190.18,NA
1044,15,"B15.S1xD2",1253,1257,"n.length",426.12,NA
1045,15,"B15.S1xD2",1253,1257,"h.length",213.05,NA
1045,15,"B15.S1xD2",1253,1257,"n.length",438.54,NA
1046,15,"B15.S1xD2",1253,1257,"h.length",208.84,NA
1046,15,"B15.S1xD2",1253,1257,"n.length",464.42,NA
1047,15,"B15.S1xD2",1253,1257,"h.length",213.29,NA
1047,15,"B15.S1xD2",1253,1257,"n.length",456.12,NA
1048,15,"B15.S1xD2",1253,1257,"h.length",218.87,NA
1048,15,"B15.S1xD2",1253,1257,"n.length",471.77,NA
1049,15,"B15.S1xD3",1253,1258,"h.length",174.7,NA
1049,15,"B15.S1xD3",1253,1258,"n.length",433.2,NA
1050,15,"B15.S1xD3",1253,1258,"h.length",210.19,NA
1050,15,"B15.S1xD3",1253,1258,"n.length",464.39,NA
1051,15,"B15.S1xD3",1253,1258,"h.length",211.25,NA
1051,15,"B15.S1xD3",1253,1258,"n.length",472.09,NA
1052,15,"B15.S1xD3",1253,1258,"h.length",190.02,NA
1052,15,"B15.S1xD3",1253,1258,"n.length",457.75,NA
1053,15,"B15.S1xD3",1253,1258,"h.length",204.96,NA
1053,15,"B15.S1xD3",1253,1258,"n.length",482.73,NA
1054,15,"B15.S1xD3",1253,1258,"h.length",220.25,NA
1054,15,"B15.S1xD3",1253,1258,"n.length",482.77,NA
1055,15,"B15.S1xD3",1253,1258,"h.length",193.78,NA
1055,15,"B15.S1xD3",1253,1258,"n.length",457.42,NA
1056,15,"B15.S1xD3",1253,1258,"h.length",183.75,NA
1056,15,"B15.S1xD3",1253,1258,"n.length",434.38,NA
1057,15,"B15.S1xD3",1253,1258,"h.length",195.87,NA
1057,15,"B15.S1xD3",1253,1258,"n.length",466.03,NA
1058,15,"B15.S1xD3",1253,1258,"h.length",184.06,NA
1058,15,"B15.S1xD3",1253,1258,"n.length",433.5,NA
1059,15,"B15.S1xD3",1253,1258,"h.length",210.94,NA
1059,15,"B15.S1xD3",1253,1258,"n.length",484.13,NA
1060,15,"B15.S1xD3",1253,1258,"h.length",209.22,NA
1060,15,"B15.S1xD3",1253,1258,"n.length",481.68,NA
1061,15,"B15.S2xD1",1254,1256,"h.length",180.97,NA
1061,15,"B15.S2xD1",1254,1256,"n.length",445.84,NA
1062,15,"B15.S2xD1",1254,1256,"h.length",211.79,NA
1062,15,"B15.S2xD1",1254,1256,"n.length",486.91,NA
1063,15,"B15.S2xD1",1254,1256,"h.length",219.62,NA
1063,15,"B15.S2xD1",1254,1256,"n.length",474.98,NA
1064,15,"B15.S2xD1",1254,1256,"h.length",211.92,NA
1064,15,"B15.S2xD1",1254,1256,"n.length",489.71,NA
1065,15,"B15.S2xD1",1254,1256,"h.length",208.06,NA
1065,15,"B15.S2xD1",1254,1256,"n.length",483.1,NA
1066,15,"B15.S2xD1",1254,1256,"h.length",204.25,NA
1066,15,"B15.S2xD1",1254,1256,"n.length",491.85,NA
1067,15,"B15.S2xD1",1254,1256,"h.length",215.91,NA
1067,15,"B15.S2xD1",1254,1256,"n.length",469.34,NA
1068,15,"B15.S2xD1",1254,1256,"h.length",196.26,NA
1068,15,"B15.S2xD1",1254,1256,"n.length",462.87,NA
1069,15,"B15.S2xD1",1254,1256,"h.length",203.98,NA
1069,15,"B15.S2xD1",1254,1256,"n.length",478.5,NA
1070,15,"B15.S2xD1",1254,1256,"h.length",204.6,NA
1070,15,"B15.S2xD1",1254,1256,"n.length",484.16,NA
1071,15,"B15.S2xD1",1254,1256,"h.length",180.86,NA
1071,15,"B15.S2xD1",1254,1256,"n.length",449.15,NA
1072,15,"B15.S2xD1",1254,1256,"h.length",205.73,NA
1072,15,"B15.S2xD1",1254,1256,"n.length",483.47,NA
1073,15,"B15.S2xD2",1254,1257,"h.length",195.83,NA
1073,15,"B15.S2xD2",1254,1257,"n.length",447.88,NA
1074,15,"B15.S2xD2",1254,1257,"h.length",201.99,NA
1074,15,"B15.S2xD2",1254,1257,"n.length",476.31,NA
1075,15,"B15.S2xD2",1254,1257,"h.length",199.63,NA
1075,15,"B15.S2xD2",1254,1257,"n.length",466.71,NA
1076,15,"B15.S2xD2",1254,1257,"h.length",214.99,NA
1076,15,"B15.S2xD2",1254,1257,"n.length",472.83,NA
1077,15,"B15.S2xD2",1254,1257,"h.length",216.32,NA
1077,15,"B15.S2xD2",1254,1257,"n.length",482.11,NA
1078,15,"B15.S2xD2",1254,1257,"h.length",200.1,NA
1078,15,"B15.S2xD2",1254,1257,"n.length",437.71,NA
1079,15,"B15.S2xD2",1254,1257,"h.length",200.14,NA
1079,15,"B15.S2xD2",1254,1257,"n.length",432.12,NA
1080,15,"B15.S2xD2",1254,1257,"h.length",213.37,NA
1080,15,"B15.S2xD2",1254,1257,"n.length",461.68,NA
1081,15,"B15.S2xD2",1254,1257,"h.length",193.27,NA
1081,15,"B15.S2xD2",1254,1257,"n.length",445.19,NA
1082,15,"B15.S2xD2",1254,1257,"h.length",208.06,NA
1082,15,"B15.S2xD2",1254,1257,"n.length",466.62,NA
1083,15,"B15.S2xD2",1254,1257,"h.length",214.56,NA
1083,15,"B15.S2xD2",1254,1257,"n.length",462.62,NA
1084,15,"B15.S2xD2",1254,1257,"h.length",203.72,NA
1084,15,"B15.S2xD2",1254,1257,"n.length",438.89,NA
1085,15,"B15.S2xD3",1254,1258,"h.length",211.33,NA
1085,15,"B15.S2xD3",1254,1258,"n.length",456.82,NA
1086,15,"B15.S2xD3",1254,1258,"h.length",209.02,NA
1086,15,"B15.S2xD3",1254,1258,"n.length",455.44,NA
1087,15,"B15.S2xD3",1254,1258,"h.length",206.27,NA
1087,15,"B15.S2xD3",1254,1258,"n.length",462.85,NA
1088,15,"B15.S2xD3",1254,1258,"h.length",201,NA
1088,15,"B15.S2xD3",1254,1258,"n.length",450.53,NA
1089,15,"B15.S2xD3",1254,1258,"h.length",192.32,NA
1089,15,"B15.S2xD3",1254,1258,"n.length",444.17,NA
1090,15,"B15.S2xD3",1254,1258,"h.length",204.86,NA
1090,15,"B15.S2xD3",1254,1258,"n.length",453.39,NA
1091,15,"B15.S2xD3",1254,1258,"h.length",181.56,NA
1091,15,"B15.S2xD3",1254,1258,"n.length",453.79,NA
1092,15,"B15.S2xD3",1254,1258,"h.length",219.34,NA
1092,15,"B15.S2xD3",1254,1258,"n.length",469.56,NA
1093,15,"B15.S2xD3",1254,1258,"h.length",200.12,NA
1093,15,"B15.S2xD3",1254,1258,"n.length",466.95,NA
1094,15,"B15.S2xD3",1254,1258,"h.length",198.22,NA
1094,15,"B15.S2xD3",1254,1258,"n.length",466.84,NA
1095,15,"B15.S2xD3",1254,1258,"h.length",203.03,NA
1095,15,"B15.S2xD3",1254,1258,"n.length",452.39,NA
1096,15,"B15.S2xD3",1254,1258,"h.length",208.69,NA
1096,15,"B15.S2xD3",1254,1258,"n.length",444.06,NA
1097,15,"B15.S3xD1",1255,1256,"h.length",214.53,NA
1097,15,"B15.S3xD1",1255,1256,"n.length",469.34,NA
1098,15,"B15.S3xD1",1255,1256,"h.length",206.06,NA
1098,15,"B15.S3xD1",1255,1256,"n.length",461.05,NA
1099,15,"B15.S3xD1",1255,1256,"h.length",216.24,NA
1099,15,"B15.S3xD1",1255,1256,"n.length",482.39,NA
1100,15,"B15.S3xD1",1255,1256,"h.length",181.46,NA
1100,15,"B15.S3xD1",1255,1256,"n.length",444.29,NA
1101,15,"B15.S3xD1",1255,1256,"h.length",206.36,NA
1101,15,"B15.S3xD1",1255,1256,"n.length",485.86,NA
1102,15,"B15.S3xD1",1255,1256,"h.length",181.3,NA
1102,15,"B15.S3xD1",1255,1256,"n.length",442.92,NA
1103,15,"B15.S3xD1",1255,1256,"h.length",202.82,NA
1103,15,"B15.S3xD1",1255,1256,"n.length",442.05,NA
1104,15,"B15.S3xD1",1255,1256,"h.length",191.23,NA
1104,15,"B15.S3xD1",1255,1256,"n.length",455.93,NA
1105,15,"B15.S3xD1",1255,1256,"h.length",202.61,NA
1105,15,"B15.S3xD1",1255,1256,"n.length",470.64,NA
1106,15,"B15.S3xD1",1255,1256,"h.length",197.52,NA
1106,15,"B15.S3xD1",1255,1256,"n.length",473.79,NA
1107,15,"B15.S3xD1",1255,1256,"h.length",207.93,NA
1107,15,"B15.S3xD1",1255,1256,"n.length",474.78,NA
1109,15,"B15.S3xD2",1255,1257,"h.length",219.01,NA
1109,15,"B15.S3xD2",1255,1257,"n.length",472.46,NA
1110,15,"B15.S3xD2",1255,1257,"h.length",204.73,NA
1110,15,"B15.S3xD2",1255,1257,"n.length",457.77,NA
1111,15,"B15.S3xD2",1255,1257,"h.length",221.32,NA
1111,15,"B15.S3xD2",1255,1257,"n.length",464.87,NA
1112,15,"B15.S3xD2",1255,1257,"h.length",210.93,NA
1112,15,"B15.S3xD2",1255,1257,"n.length",451.06,NA
1113,15,"B15.S3xD2",1255,1257,"h.length",205.08,NA
1113,15,"B15.S3xD2",1255,1257,"n.length",442.51,NA
1114,15,"B15.S3xD2",1255,1257,"h.length",183.65,NA
1114,15,"B15.S3xD2",1255,1257,"n.length",412.85,NA
1115,15,"B15.S3xD2",1255,1257,"h.length",216.6,NA
1115,15,"B15.S3xD2",1255,1257,"n.length",471.79,NA
1116,15,"B15.S3xD2",1255,1257,"h.length",202.91,NA
1116,15,"B15.S3xD2",1255,1257,"n.length",447.96,NA
1117,15,"B15.S3xD2",1255,1257,"h.length",202.63,NA
1117,15,"B15.S3xD2",1255,1257,"n.length",431.26,NA
1118,15,"B15.S3xD2",1255,1257,"h.length",207.96,NA
1118,15,"B15.S3xD2",1255,1257,"n.length",420.55,NA
1119,15,"B15.S3xD2",1255,1257,"h.length",188.54,NA
1119,15,"B15.S3xD2",1255,1257,"n.length",415.66,NA
1120,15,"B15.S3xD2",1255,1257,"h.length",199.81,NA
1120,15,"B15.S3xD2",1255,1257,"n.length",457.17,NA
1121,15,"B15.S3xD3",1255,1258,"h.length",211.91,NA
1121,15,"B15.S3xD3",1255,1258,"n.length",453.5,NA
1122,15,"B15.S3xD3",1255,1258,"h.length",211.83,NA
1122,15,"B15.S3xD3",1255,1258,"n.length",465.93,NA
1123,15,"B15.S3xD3",1255,1258,"h.length",207.51,NA
1123,15,"B15.S3xD3",1255,1258,"n.length",474.99,NA
1124,15,"B15.S3xD3",1255,1258,"h.length",218.3,NA
1124,15,"B15.S3xD3",1255,1258,"n.length",470.15,NA
1125,15,"B15.S3xD3",1255,1258,"h.length",199.24,NA
1125,15,"B15.S3xD3",1255,1258,"n.length",459.75,NA
1126,15,"B15.S3xD3",1255,1258,"h.length",202.34,NA
1126,15,"B15.S3xD3",1255,1258,"n.length",436.08,NA
1127,15,"B15.S3xD3",1255,1258,"h.length",203.01,NA
1127,15,"B15.S3xD3",1255,1258,"n.length",445.77,NA
1128,15,"B15.S3xD3",1255,1258,"h.length",211.72,NA
1128,15,"B15.S3xD3",1255,1258,"n.length",470.61,NA
1129,15,"B15.S3xD3",1255,1258,"h.length",206.26,NA
1129,15,"B15.S3xD3",1255,1258,"n.length",466.74,NA
1130,15,"B15.S3xD3",1255,1258,"h.length",191.61,NA
1130,15,"B15.S3xD3",1255,1258,"n.length",444.27,NA
1131,15,"B15.S3xD3",1255,1258,"h.length",208,NA
1131,15,"B15.S3xD3",1255,1258,"n.length",467.85,NA
1132,15,"B15.S3xD3",1255,1258,"h.length",211.64,NA
1132,15,"B15.S3xD3",1255,1258,"n.length",460.6,NA
1133,16,"B16.S1xD1",1259,1262,"h.length",224.68,NA
1133,16,"B16.S1xD1",1259,1262,"n.length",466.32,NA
1134,16,"B16.S1xD1",1259,1262,"h.length",213.29,NA
1134,16,"B16.S1xD1",1259,1262,"n.length",462.8,NA
1135,16,"B16.S1xD1",1259,1262,"h.length",217.71,NA
1135,16,"B16.S1xD1",1259,1262,"n.length",452.23,NA
1136,16,"B16.S1xD1",1259,1262,"h.length",196.07,NA
1136,16,"B16.S1xD1",1259,1262,"n.length",459.87,NA
1137,16,"B16.S1xD1",1259,1262,"h.length",211.41,NA
1137,16,"B16.S1xD1",1259,1262,"n.length",458.04,NA
1138,16,"B16.S1xD1",1259,1262,"h.length",215.25,NA
1138,16,"B16.S1xD1",1259,1262,"n.length",459.41,NA
1139,16,"B16.S1xD1",1259,1262,"h.length",209.5,NA
1139,16,"B16.S1xD1",1259,1262,"n.length",445.88,NA
1140,16,"B16.S1xD1",1259,1262,"h.length",216.64,NA
1140,16,"B16.S1xD1",1259,1262,"n.length",464.18,NA
1141,16,"B16.S1xD1",1259,1262,"h.length",202.64,NA
1141,16,"B16.S1xD1",1259,1262,"n.length",439.83,NA
1142,16,"B16.S1xD1",1259,1262,"h.length",194.7,NA
1142,16,"B16.S1xD1",1259,1262,"n.length",435.22,NA
1143,16,"B16.S1xD1",1259,1262,"h.length",202.26,NA
1143,16,"B16.S1xD1",1259,1262,"n.length",437.8,NA
1144,16,"B16.S1xD1",1259,1262,"h.length",218.89,NA
1144,16,"B16.S1xD1",1259,1262,"n.length",453.42,NA
4688,16,"B16.S1xD1",1259,1262,"hatching",1,498
4689,16,"B16.S1xD1",1259,1262,"hatching",1,498
4690,16,"B16.S1xD1",1259,1262,"hatching",1,498
4691,16,"B16.S1xD1",1259,1262,"hatching",1,498
4692,16,"B16.S1xD1",1259,1262,"hatching",1,498
4693,16,"B16.S1xD1",1259,1262,"hatching",1,498
4694,16,"B16.S1xD1",1259,1262,"hatching",1,498
4695,16,"B16.S1xD1",1259,1262,"hatching",1,498
4696,16,"B16.S1xD1",1259,1262,"hatching",1,498
4697,16,"B16.S1xD1",1259,1262,"hatching",1,498
4698,16,"B16.S1xD1",1259,1262,"hatching",1,498
4699,16,"B16.S1xD1",1259,1262,"hatching",1,498
4700,16,"B16.S1xD1",1259,1262,"hatching",1,498
4701,16,"B16.S1xD1",1259,1262,"hatching",1,498
4702,16,"B16.S1xD1",1259,1262,"hatching",1,498
4703,16,"B16.S1xD1",1259,1262,"hatching",1,498
4704,16,"B16.S1xD1",1259,1262,"hatching",1,498
4705,16,"B16.S1xD1",1259,1262,"hatching",1,498
4706,16,"B16.S1xD1",1259,1262,"hatching",1,498
4707,16,"B16.S1xD1",1259,1262,"hatching",0,498
4708,16,"B16.S1xD1",1259,1262,"hatching",1,499
4709,16,"B16.S1xD1",1259,1262,"hatching",1,499
4710,16,"B16.S1xD1",1259,1262,"hatching",1,499
4711,16,"B16.S1xD1",1259,1262,"hatching",1,499
4712,16,"B16.S1xD1",1259,1262,"hatching",1,499
4713,16,"B16.S1xD1",1259,1262,"hatching",1,499
4714,16,"B16.S1xD1",1259,1262,"hatching",1,499
4715,16,"B16.S1xD1",1259,1262,"hatching",1,499
4716,16,"B16.S1xD1",1259,1262,"hatching",1,499
4717,16,"B16.S1xD1",1259,1262,"hatching",1,499
4718,16,"B16.S1xD1",1259,1262,"hatching",1,499
4719,16,"B16.S1xD1",1259,1262,"hatching",1,499
4720,16,"B16.S1xD1",1259,1262,"hatching",1,499
4721,16,"B16.S1xD1",1259,1262,"hatching",1,499
4722,16,"B16.S1xD1",1259,1262,"hatching",1,499
4723,16,"B16.S1xD1",1259,1262,"hatching",1,500
4724,16,"B16.S1xD1",1259,1262,"hatching",1,500
4725,16,"B16.S1xD1",1259,1262,"hatching",1,500
4726,16,"B16.S1xD1",1259,1262,"hatching",1,500
4727,16,"B16.S1xD1",1259,1262,"hatching",1,500
4728,16,"B16.S1xD1",1259,1262,"hatching",1,500
4729,16,"B16.S1xD1",1259,1262,"hatching",1,500
4730,16,"B16.S1xD1",1259,1262,"hatching",1,500
4731,16,"B16.S1xD1",1259,1262,"hatching",1,500
4732,16,"B16.S1xD1",1259,1262,"hatching",1,500
4733,16,"B16.S1xD1",1259,1262,"hatching",1,500
4734,16,"B16.S1xD1",1259,1262,"hatching",1,500
4735,16,"B16.S1xD1",1259,1262,"hatching",1,500
4736,16,"B16.S1xD1",1259,1262,"hatching",1,500
4737,16,"B16.S1xD1",1259,1262,"hatching",1,500
4738,16,"B16.S1xD1",1259,1262,"hatching",1,500
4739,16,"B16.S1xD1",1259,1262,"hatching",1,500
4740,16,"B16.S1xD1",1259,1262,"hatching",1,500
4741,16,"B16.S1xD1",1259,1262,"hatching",1,500
4742,16,"B16.S1xD1",1259,1262,"hatching",1,500
4743,16,"B16.S1xD1",1259,1262,"hatching",1,500
1145,16,"B16.S1xD2",1259,1263,"h.length",218.31,NA
1145,16,"B16.S1xD2",1259,1263,"n.length",484.67,NA
1146,16,"B16.S1xD2",1259,1263,"h.length",208.86,NA
1146,16,"B16.S1xD2",1259,1263,"n.length",469.17,NA
1147,16,"B16.S1xD2",1259,1263,"h.length",216.9,NA
1147,16,"B16.S1xD2",1259,1263,"n.length",456.29,NA
1148,16,"B16.S1xD2",1259,1263,"h.length",204.46,NA
1148,16,"B16.S1xD2",1259,1263,"n.length",475.45,NA
1149,16,"B16.S1xD2",1259,1263,"h.length",215.85,NA
1149,16,"B16.S1xD2",1259,1263,"n.length",467.12,NA
1150,16,"B16.S1xD2",1259,1263,"h.length",207.6,NA
1150,16,"B16.S1xD2",1259,1263,"n.length",452.5,NA
1151,16,"B16.S1xD2",1259,1263,"h.length",220.63,NA
1151,16,"B16.S1xD2",1259,1263,"n.length",463.75,NA
1152,16,"B16.S1xD2",1259,1263,"h.length",218.82,NA
1152,16,"B16.S1xD2",1259,1263,"n.length",464.54,NA
1153,16,"B16.S1xD2",1259,1263,"h.length",225.03,NA
1153,16,"B16.S1xD2",1259,1263,"n.length",463.26,NA
1154,16,"B16.S1xD2",1259,1263,"h.length",228.94,NA
1154,16,"B16.S1xD2",1259,1263,"n.length",473.17,NA
1155,16,"B16.S1xD2",1259,1263,"h.length",222.8,NA
1155,16,"B16.S1xD2",1259,1263,"n.length",467.64,NA
1156,16,"B16.S1xD2",1259,1263,"h.length",211.29,NA
1156,16,"B16.S1xD2",1259,1263,"n.length",443.62,NA
4744,16,"B16.S1xD2",1259,1263,"hatching",1,504
4745,16,"B16.S1xD2",1259,1263,"hatching",1,504
4746,16,"B16.S1xD2",1259,1263,"hatching",1,504
4747,16,"B16.S1xD2",1259,1263,"hatching",1,504
4748,16,"B16.S1xD2",1259,1263,"hatching",1,504
4749,16,"B16.S1xD2",1259,1263,"hatching",1,504
4750,16,"B16.S1xD2",1259,1263,"hatching",1,504
4751,16,"B16.S1xD2",1259,1263,"hatching",1,504
4752,16,"B16.S1xD2",1259,1263,"hatching",1,504
4753,16,"B16.S1xD2",1259,1263,"hatching",1,504
4754,16,"B16.S1xD2",1259,1263,"hatching",1,504
4755,16,"B16.S1xD2",1259,1263,"hatching",1,504
4756,16,"B16.S1xD2",1259,1263,"hatching",1,504
4757,16,"B16.S1xD2",1259,1263,"hatching",1,504
4758,16,"B16.S1xD2",1259,1263,"hatching",1,504
4759,16,"B16.S1xD2",1259,1263,"hatching",1,505
4760,16,"B16.S1xD2",1259,1263,"hatching",1,505
4761,16,"B16.S1xD2",1259,1263,"hatching",1,505
4762,16,"B16.S1xD2",1259,1263,"hatching",1,505
4763,16,"B16.S1xD2",1259,1263,"hatching",1,505
4764,16,"B16.S1xD2",1259,1263,"hatching",1,505
4765,16,"B16.S1xD2",1259,1263,"hatching",1,505
4766,16,"B16.S1xD2",1259,1263,"hatching",1,505
4767,16,"B16.S1xD2",1259,1263,"hatching",1,505
4768,16,"B16.S1xD2",1259,1263,"hatching",1,505
4769,16,"B16.S1xD2",1259,1263,"hatching",1,505
4770,16,"B16.S1xD2",1259,1263,"hatching",1,505
4771,16,"B16.S1xD2",1259,1263,"hatching",1,505
4772,16,"B16.S1xD2",1259,1263,"hatching",1,505
4773,16,"B16.S1xD2",1259,1263,"hatching",1,505
4774,16,"B16.S1xD2",1259,1263,"hatching",1,506
4775,16,"B16.S1xD2",1259,1263,"hatching",1,506
4776,16,"B16.S1xD2",1259,1263,"hatching",1,506
4777,16,"B16.S1xD2",1259,1263,"hatching",1,506
4778,16,"B16.S1xD2",1259,1263,"hatching",1,506
4779,16,"B16.S1xD2",1259,1263,"hatching",1,506
4780,16,"B16.S1xD2",1259,1263,"hatching",1,506
4781,16,"B16.S1xD2",1259,1263,"hatching",1,506
4782,16,"B16.S1xD2",1259,1263,"hatching",1,506
4783,16,"B16.S1xD2",1259,1263,"hatching",1,506
4784,16,"B16.S1xD2",1259,1263,"hatching",1,506
4785,16,"B16.S1xD2",1259,1263,"hatching",1,506
4786,16,"B16.S1xD2",1259,1263,"hatching",1,506
4787,16,"B16.S1xD2",1259,1263,"hatching",1,506
4788,16,"B16.S1xD2",1259,1263,"hatching",1,506
4789,16,"B16.S1xD2",1259,1263,"hatching",1,506
4790,16,"B16.S1xD2",1259,1263,"hatching",1,506
1157,16,"B16.S1xD3",1259,1264,"h.length",206.18,NA
1157,16,"B16.S1xD3",1259,1264,"n.length",460.37,NA
1158,16,"B16.S1xD3",1259,1264,"h.length",221.89,NA
1158,16,"B16.S1xD3",1259,1264,"n.length",464.69,NA
1159,16,"B16.S1xD3",1259,1264,"h.length",226.43,NA
1159,16,"B16.S1xD3",1259,1264,"n.length",465.66,NA
1160,16,"B16.S1xD3",1259,1264,"h.length",215.16,NA
1160,16,"B16.S1xD3",1259,1264,"n.length",465.49,NA
1161,16,"B16.S1xD3",1259,1264,"h.length",226.11,NA
1161,16,"B16.S1xD3",1259,1264,"n.length",467,NA
1162,16,"B16.S1xD3",1259,1264,"h.length",223.61,NA
1162,16,"B16.S1xD3",1259,1264,"n.length",455.12,NA
1163,16,"B16.S1xD3",1259,1264,"h.length",214.8,NA
1163,16,"B16.S1xD3",1259,1264,"n.length",463.48,NA
1164,16,"B16.S1xD3",1259,1264,"h.length",196.81,NA
1164,16,"B16.S1xD3",1259,1264,"n.length",456.92,NA
1165,16,"B16.S1xD3",1259,1264,"h.length",201.6,NA
1165,16,"B16.S1xD3",1259,1264,"n.length",448.75,NA
1166,16,"B16.S1xD3",1259,1264,"h.length",217.83,NA
1166,16,"B16.S1xD3",1259,1264,"n.length",480.02,NA
1167,16,"B16.S1xD3",1259,1264,"h.length",221.51,NA
1167,16,"B16.S1xD3",1259,1264,"n.length",470.25,NA
1168,16,"B16.S1xD3",1259,1264,"h.length",204.81,NA
1168,16,"B16.S1xD3",1259,1264,"n.length",469.74,NA
4791,16,"B16.S1xD3",1259,1264,"hatching",1,510
4792,16,"B16.S1xD3",1259,1264,"hatching",1,510
4793,16,"B16.S1xD3",1259,1264,"hatching",1,510
4794,16,"B16.S1xD3",1259,1264,"hatching",1,510
4795,16,"B16.S1xD3",1259,1264,"hatching",1,510
4796,16,"B16.S1xD3",1259,1264,"hatching",1,510
4797,16,"B16.S1xD3",1259,1264,"hatching",1,510
4798,16,"B16.S1xD3",1259,1264,"hatching",1,510
4799,16,"B16.S1xD3",1259,1264,"hatching",1,510
4800,16,"B16.S1xD3",1259,1264,"hatching",1,510
4801,16,"B16.S1xD3",1259,1264,"hatching",1,510
4802,16,"B16.S1xD3",1259,1264,"hatching",1,510
4803,16,"B16.S1xD3",1259,1264,"hatching",1,510
4804,16,"B16.S1xD3",1259,1264,"hatching",1,510
4805,16,"B16.S1xD3",1259,1264,"hatching",1,510
4806,16,"B16.S1xD3",1259,1264,"hatching",1,510
4807,16,"B16.S1xD3",1259,1264,"hatching",1,510
4808,16,"B16.S1xD3",1259,1264,"hatching",1,510
4809,16,"B16.S1xD3",1259,1264,"hatching",1,510
4810,16,"B16.S1xD3",1259,1264,"hatching",1,510
4811,16,"B16.S1xD3",1259,1264,"hatching",1,510
4812,16,"B16.S1xD3",1259,1264,"hatching",1,510
4813,16,"B16.S1xD3",1259,1264,"hatching",1,510
4814,16,"B16.S1xD3",1259,1264,"hatching",1,511
4815,16,"B16.S1xD3",1259,1264,"hatching",1,511
4816,16,"B16.S1xD3",1259,1264,"hatching",1,511
4817,16,"B16.S1xD3",1259,1264,"hatching",1,511
4818,16,"B16.S1xD3",1259,1264,"hatching",1,511
4819,16,"B16.S1xD3",1259,1264,"hatching",1,511
4820,16,"B16.S1xD3",1259,1264,"hatching",1,511
4821,16,"B16.S1xD3",1259,1264,"hatching",1,511
4822,16,"B16.S1xD3",1259,1264,"hatching",1,511
4823,16,"B16.S1xD3",1259,1264,"hatching",1,511
4824,16,"B16.S1xD3",1259,1264,"hatching",1,511
4825,16,"B16.S1xD3",1259,1264,"hatching",1,511
4826,16,"B16.S1xD3",1259,1264,"hatching",1,511
4827,16,"B16.S1xD3",1259,1264,"hatching",1,511
4828,16,"B16.S1xD3",1259,1264,"hatching",1,511
4829,16,"B16.S1xD3",1259,1264,"hatching",1,511
4830,16,"B16.S1xD3",1259,1264,"hatching",1,511
4831,16,"B16.S1xD3",1259,1264,"hatching",1,511
4832,16,"B16.S1xD3",1259,1264,"hatching",0,511
4833,16,"B16.S1xD3",1259,1264,"hatching",0,511
4834,16,"B16.S1xD3",1259,1264,"hatching",1,512
4835,16,"B16.S1xD3",1259,1264,"hatching",1,512
4836,16,"B16.S1xD3",1259,1264,"hatching",1,512
4837,16,"B16.S1xD3",1259,1264,"hatching",1,512
4838,16,"B16.S1xD3",1259,1264,"hatching",1,512
4839,16,"B16.S1xD3",1259,1264,"hatching",1,512
4840,16,"B16.S1xD3",1259,1264,"hatching",1,512
4841,16,"B16.S1xD3",1259,1264,"hatching",1,512
4842,16,"B16.S1xD3",1259,1264,"hatching",1,512
4843,16,"B16.S1xD3",1259,1264,"hatching",1,512
4844,16,"B16.S1xD3",1259,1264,"hatching",1,512
4845,16,"B16.S1xD3",1259,1264,"hatching",1,512
4846,16,"B16.S1xD3",1259,1264,"hatching",1,512
4847,16,"B16.S1xD3",1259,1264,"hatching",1,512
4848,16,"B16.S1xD3",1259,1264,"hatching",1,512
1169,16,"B16.S2xD1",1260,1262,"h.length",206.45,NA
1169,16,"B16.S2xD1",1260,1262,"n.length",446.1,NA
1170,16,"B16.S2xD1",1260,1262,"h.length",207.28,NA
1170,16,"B16.S2xD1",1260,1262,"n.length",459.59,NA
1171,16,"B16.S2xD1",1260,1262,"h.length",199.8,NA
1171,16,"B16.S2xD1",1260,1262,"n.length",442.44,NA
1172,16,"B16.S2xD1",1260,1262,"h.length",206.19,NA
1172,16,"B16.S2xD1",1260,1262,"n.length",454.92,NA
1173,16,"B16.S2xD1",1260,1262,"h.length",196.98,NA
1173,16,"B16.S2xD1",1260,1262,"n.length",447.08,NA
1174,16,"B16.S2xD1",1260,1262,"h.length",200.08,NA
1174,16,"B16.S2xD1",1260,1262,"n.length",446.11,NA
1175,16,"B16.S2xD1",1260,1262,"h.length",180.98,NA
1175,16,"B16.S2xD1",1260,1262,"n.length",432.03,NA
1176,16,"B16.S2xD1",1260,1262,"h.length",203.04,NA
1176,16,"B16.S2xD1",1260,1262,"n.length",453.53,NA
1177,16,"B16.S2xD1",1260,1262,"h.length",214.56,NA
1177,16,"B16.S2xD1",1260,1262,"n.length",456.89,NA
1178,16,"B16.S2xD1",1260,1262,"h.length",209.47,NA
1178,16,"B16.S2xD1",1260,1262,"n.length",461.9,NA
1179,16,"B16.S2xD1",1260,1262,"h.length",213.92,NA
1179,16,"B16.S2xD1",1260,1262,"n.length",456.45,NA
1180,16,"B16.S2xD1",1260,1262,"h.length",174.39,NA
1180,16,"B16.S2xD1",1260,1262,"n.length",413.91,NA
4849,16,"B16.S2xD1",1260,1262,"hatching",1,516
4850,16,"B16.S2xD1",1260,1262,"hatching",1,516
4851,16,"B16.S2xD1",1260,1262,"hatching",1,516
4852,16,"B16.S2xD1",1260,1262,"hatching",1,516
4853,16,"B16.S2xD1",1260,1262,"hatching",1,516
4854,16,"B16.S2xD1",1260,1262,"hatching",1,516
4855,16,"B16.S2xD1",1260,1262,"hatching",1,516
4856,16,"B16.S2xD1",1260,1262,"hatching",1,516
4857,16,"B16.S2xD1",1260,1262,"hatching",1,516
4858,16,"B16.S2xD1",1260,1262,"hatching",1,516
4859,16,"B16.S2xD1",1260,1262,"hatching",1,516
4860,16,"B16.S2xD1",1260,1262,"hatching",1,516
4861,16,"B16.S2xD1",1260,1262,"hatching",1,516
4862,16,"B16.S2xD1",1260,1262,"hatching",1,516
4863,16,"B16.S2xD1",1260,1262,"hatching",1,516
4864,16,"B16.S2xD1",1260,1262,"hatching",1,516
4865,16,"B16.S2xD1",1260,1262,"hatching",1,516
4866,16,"B16.S2xD1",1260,1262,"hatching",1,516
4867,16,"B16.S2xD1",1260,1262,"hatching",0,516
4868,16,"B16.S2xD1",1260,1262,"hatching",0,516
4869,16,"B16.S2xD1",1260,1262,"hatching",1,517
4870,16,"B16.S2xD1",1260,1262,"hatching",1,517
4871,16,"B16.S2xD1",1260,1262,"hatching",1,517
4872,16,"B16.S2xD1",1260,1262,"hatching",1,517
4873,16,"B16.S2xD1",1260,1262,"hatching",1,517
4874,16,"B16.S2xD1",1260,1262,"hatching",1,517
4875,16,"B16.S2xD1",1260,1262,"hatching",1,517
4876,16,"B16.S2xD1",1260,1262,"hatching",1,517
4877,16,"B16.S2xD1",1260,1262,"hatching",1,517
4878,16,"B16.S2xD1",1260,1262,"hatching",1,517
4879,16,"B16.S2xD1",1260,1262,"hatching",1,517
4880,16,"B16.S2xD1",1260,1262,"hatching",1,517
4881,16,"B16.S2xD1",1260,1262,"hatching",1,517
4882,16,"B16.S2xD1",1260,1262,"hatching",1,517
4883,16,"B16.S2xD1",1260,1262,"hatching",1,517
4884,16,"B16.S2xD1",1260,1262,"hatching",1,517
4885,16,"B16.S2xD1",1260,1262,"hatching",1,517
4886,16,"B16.S2xD1",1260,1262,"hatching",1,517
4887,16,"B16.S2xD1",1260,1262,"hatching",1,518
4888,16,"B16.S2xD1",1260,1262,"hatching",1,518
4889,16,"B16.S2xD1",1260,1262,"hatching",1,518
4890,16,"B16.S2xD1",1260,1262,"hatching",1,518
4891,16,"B16.S2xD1",1260,1262,"hatching",1,518
4892,16,"B16.S2xD1",1260,1262,"hatching",1,518
4893,16,"B16.S2xD1",1260,1262,"hatching",1,518
4894,16,"B16.S2xD1",1260,1262,"hatching",1,518
4895,16,"B16.S2xD1",1260,1262,"hatching",1,518
4896,16,"B16.S2xD1",1260,1262,"hatching",1,518
4897,16,"B16.S2xD1",1260,1262,"hatching",1,518
4898,16,"B16.S2xD1",1260,1262,"hatching",1,518
4899,16,"B16.S2xD1",1260,1262,"hatching",1,518
4900,16,"B16.S2xD1",1260,1262,"hatching",1,518
4901,16,"B16.S2xD1",1260,1262,"hatching",1,518
4902,16,"B16.S2xD1",1260,1262,"hatching",1,518
4903,16,"B16.S2xD1",1260,1262,"hatching",1,518
4904,16,"B16.S2xD1",1260,1262,"hatching",1,518
1181,16,"B16.S2xD2",1260,1263,"h.length",215.9,NA
1181,16,"B16.S2xD2",1260,1263,"n.length",465.44,NA
1182,16,"B16.S2xD2",1260,1263,"h.length",200.64,NA
1182,16,"B16.S2xD2",1260,1263,"n.length",448.75,NA
1183,16,"B16.S2xD2",1260,1263,"h.length",210.21,NA
1183,16,"B16.S2xD2",1260,1263,"n.length",455.9,NA
1184,16,"B16.S2xD2",1260,1263,"h.length",214.4,NA
1184,16,"B16.S2xD2",1260,1263,"n.length",455.54,NA
1185,16,"B16.S2xD2",1260,1263,"h.length",221.47,NA
1185,16,"B16.S2xD2",1260,1263,"n.length",448.14,NA
1186,16,"B16.S2xD2",1260,1263,"h.length",220.51,NA
1186,16,"B16.S2xD2",1260,1263,"n.length",472.42,NA
1187,16,"B16.S2xD2",1260,1263,"h.length",213.46,NA
1187,16,"B16.S2xD2",1260,1263,"n.length",463.56,NA
1188,16,"B16.S2xD2",1260,1263,"h.length",187.44,NA
1188,16,"B16.S2xD2",1260,1263,"n.length",429.07,NA
1189,16,"B16.S2xD2",1260,1263,"h.length",198.05,NA
1189,16,"B16.S2xD2",1260,1263,"n.length",454.97,NA
1190,16,"B16.S2xD2",1260,1263,"h.length",211.29,NA
1190,16,"B16.S2xD2",1260,1263,"n.length",452.54,NA
1191,16,"B16.S2xD2",1260,1263,"h.length",214.07,NA
1191,16,"B16.S2xD2",1260,1263,"n.length",462.79,NA
1192,16,"B16.S2xD2",1260,1263,"h.length",231.09,NA
1192,16,"B16.S2xD2",1260,1263,"n.length",466.1,NA
4905,16,"B16.S2xD2",1260,1263,"hatching",1,522
4906,16,"B16.S2xD2",1260,1263,"hatching",1,522
4907,16,"B16.S2xD2",1260,1263,"hatching",1,522
4908,16,"B16.S2xD2",1260,1263,"hatching",1,522
4909,16,"B16.S2xD2",1260,1263,"hatching",1,522
4910,16,"B16.S2xD2",1260,1263,"hatching",1,522
4911,16,"B16.S2xD2",1260,1263,"hatching",1,522
4912,16,"B16.S2xD2",1260,1263,"hatching",1,522
4913,16,"B16.S2xD2",1260,1263,"hatching",1,522
4914,16,"B16.S2xD2",1260,1263,"hatching",1,522
4915,16,"B16.S2xD2",1260,1263,"hatching",1,522
4916,16,"B16.S2xD2",1260,1263,"hatching",1,522
4917,16,"B16.S2xD2",1260,1263,"hatching",1,522
4918,16,"B16.S2xD2",1260,1263,"hatching",1,522
4919,16,"B16.S2xD2",1260,1263,"hatching",1,522
4920,16,"B16.S2xD2",1260,1263,"hatching",0,522
4921,16,"B16.S2xD2",1260,1263,"hatching",1,523
4922,16,"B16.S2xD2",1260,1263,"hatching",1,523
4923,16,"B16.S2xD2",1260,1263,"hatching",1,523
4924,16,"B16.S2xD2",1260,1263,"hatching",1,523
4925,16,"B16.S2xD2",1260,1263,"hatching",1,523
4926,16,"B16.S2xD2",1260,1263,"hatching",1,523
4927,16,"B16.S2xD2",1260,1263,"hatching",1,523
4928,16,"B16.S2xD2",1260,1263,"hatching",1,523
4929,16,"B16.S2xD2",1260,1263,"hatching",1,523
4930,16,"B16.S2xD2",1260,1263,"hatching",1,523
4931,16,"B16.S2xD2",1260,1263,"hatching",1,523
4932,16,"B16.S2xD2",1260,1263,"hatching",1,523
4933,16,"B16.S2xD2",1260,1263,"hatching",1,523
4934,16,"B16.S2xD2",1260,1263,"hatching",1,523
4935,16,"B16.S2xD2",1260,1263,"hatching",1,523
4936,16,"B16.S2xD2",1260,1263,"hatching",1,523
4937,16,"B16.S2xD2",1260,1263,"hatching",1,523
4938,16,"B16.S2xD2",1260,1263,"hatching",1,523
4939,16,"B16.S2xD2",1260,1263,"hatching",1,523
4940,16,"B16.S2xD2",1260,1263,"hatching",1,524
4941,16,"B16.S2xD2",1260,1263,"hatching",1,524
4942,16,"B16.S2xD2",1260,1263,"hatching",1,524
4943,16,"B16.S2xD2",1260,1263,"hatching",1,524
4944,16,"B16.S2xD2",1260,1263,"hatching",1,524
4945,16,"B16.S2xD2",1260,1263,"hatching",1,524
4946,16,"B16.S2xD2",1260,1263,"hatching",1,524
4947,16,"B16.S2xD2",1260,1263,"hatching",1,524
4948,16,"B16.S2xD2",1260,1263,"hatching",1,524
4949,16,"B16.S2xD2",1260,1263,"hatching",1,524
4950,16,"B16.S2xD2",1260,1263,"hatching",1,524
4951,16,"B16.S2xD2",1260,1263,"hatching",1,524
4952,16,"B16.S2xD2",1260,1263,"hatching",1,524
4953,16,"B16.S2xD2",1260,1263,"hatching",1,524
4954,16,"B16.S2xD2",1260,1263,"hatching",1,524
4955,16,"B16.S2xD2",1260,1263,"hatching",1,524
4956,16,"B16.S2xD2",1260,1263,"hatching",1,524
4957,16,"B16.S2xD2",1260,1263,"hatching",1,524
4958,16,"B16.S2xD2",1260,1263,"hatching",1,524
4959,16,"B16.S2xD2",1260,1263,"hatching",1,524
4960,16,"B16.S2xD2",1260,1263,"hatching",1,524
1193,16,"B16.S2xD3",1260,1264,"h.length",215.71,NA
1193,16,"B16.S2xD3",1260,1264,"n.length",463.02,NA
1194,16,"B16.S2xD3",1260,1264,"h.length",203.3,NA
1194,16,"B16.S2xD3",1260,1264,"n.length",457.03,NA
1195,16,"B16.S2xD3",1260,1264,"h.length",188.46,NA
1195,16,"B16.S2xD3",1260,1264,"n.length",441.83,NA
1196,16,"B16.S2xD3",1260,1264,"h.length",212.94,NA
1196,16,"B16.S2xD3",1260,1264,"n.length",453.06,NA
1197,16,"B16.S2xD3",1260,1264,"h.length",193.44,NA
1197,16,"B16.S2xD3",1260,1264,"n.length",459.73,NA
1198,16,"B16.S2xD3",1260,1264,"h.length",216.88,NA
1198,16,"B16.S2xD3",1260,1264,"n.length",459.53,NA
1199,16,"B16.S2xD3",1260,1264,"h.length",214.97,NA
1199,16,"B16.S2xD3",1260,1264,"n.length",442.18,NA
1200,16,"B16.S2xD3",1260,1264,"h.length",207.98,NA
1200,16,"B16.S2xD3",1260,1264,"n.length",449.93,NA
1201,16,"B16.S2xD3",1260,1264,"h.length",195.73,NA
1201,16,"B16.S2xD3",1260,1264,"n.length",465.89,NA
1202,16,"B16.S2xD3",1260,1264,"h.length",213.76,NA
1202,16,"B16.S2xD3",1260,1264,"n.length",462.66,NA
1203,16,"B16.S2xD3",1260,1264,"h.length",209.93,NA
1203,16,"B16.S2xD3",1260,1264,"n.length",464.17,NA
1204,16,"B16.S2xD3",1260,1264,"h.length",195.74,NA
1204,16,"B16.S2xD3",1260,1264,"n.length",450.5,NA
4961,16,"B16.S2xD3",1260,1264,"hatching",1,528
4962,16,"B16.S2xD3",1260,1264,"hatching",1,528
4963,16,"B16.S2xD3",1260,1264,"hatching",1,528
4964,16,"B16.S2xD3",1260,1264,"hatching",1,528
4965,16,"B16.S2xD3",1260,1264,"hatching",1,528
4966,16,"B16.S2xD3",1260,1264,"hatching",1,528
4967,16,"B16.S2xD3",1260,1264,"hatching",1,528
4968,16,"B16.S2xD3",1260,1264,"hatching",1,528
4969,16,"B16.S2xD3",1260,1264,"hatching",1,528
4970,16,"B16.S2xD3",1260,1264,"hatching",1,528
4971,16,"B16.S2xD3",1260,1264,"hatching",1,528
4972,16,"B16.S2xD3",1260,1264,"hatching",1,528
4973,16,"B16.S2xD3",1260,1264,"hatching",1,528
4974,16,"B16.S2xD3",1260,1264,"hatching",1,528
4975,16,"B16.S2xD3",1260,1264,"hatching",1,528
4976,16,"B16.S2xD3",1260,1264,"hatching",1,528
4977,16,"B16.S2xD3",1260,1264,"hatching",1,528
4978,16,"B16.S2xD3",1260,1264,"hatching",1,528
4979,16,"B16.S2xD3",1260,1264,"hatching",0,528
4980,16,"B16.S2xD3",1260,1264,"hatching",1,529
4981,16,"B16.S2xD3",1260,1264,"hatching",1,529
4982,16,"B16.S2xD3",1260,1264,"hatching",1,529
4983,16,"B16.S2xD3",1260,1264,"hatching",1,529
4984,16,"B16.S2xD3",1260,1264,"hatching",1,529
4985,16,"B16.S2xD3",1260,1264,"hatching",1,529
4986,16,"B16.S2xD3",1260,1264,"hatching",1,529
4987,16,"B16.S2xD3",1260,1264,"hatching",1,529
4988,16,"B16.S2xD3",1260,1264,"hatching",1,529
4989,16,"B16.S2xD3",1260,1264,"hatching",1,529
4990,16,"B16.S2xD3",1260,1264,"hatching",1,529
4991,16,"B16.S2xD3",1260,1264,"hatching",1,529
4992,16,"B16.S2xD3",1260,1264,"hatching",1,529
4993,16,"B16.S2xD3",1260,1264,"hatching",1,529
4994,16,"B16.S2xD3",1260,1264,"hatching",1,529
4995,16,"B16.S2xD3",1260,1264,"hatching",1,529
4996,16,"B16.S2xD3",1260,1264,"hatching",1,529
4997,16,"B16.S2xD3",1260,1264,"hatching",1,530
4998,16,"B16.S2xD3",1260,1264,"hatching",1,530
4999,16,"B16.S2xD3",1260,1264,"hatching",1,530
5000,16,"B16.S2xD3",1260,1264,"hatching",1,530
5001,16,"B16.S2xD3",1260,1264,"hatching",1,530
5002,16,"B16.S2xD3",1260,1264,"hatching",1,530
5003,16,"B16.S2xD3",1260,1264,"hatching",1,530
5004,16,"B16.S2xD3",1260,1264,"hatching",1,530
5005,16,"B16.S2xD3",1260,1264,"hatching",1,530
5006,16,"B16.S2xD3",1260,1264,"hatching",1,530
5007,16,"B16.S2xD3",1260,1264,"hatching",1,530
5008,16,"B16.S2xD3",1260,1264,"hatching",1,530
5009,16,"B16.S2xD3",1260,1264,"hatching",1,530
5010,16,"B16.S2xD3",1260,1264,"hatching",1,530
5011,16,"B16.S2xD3",1260,1264,"hatching",1,530
5012,16,"B16.S2xD3",1260,1264,"hatching",1,530
5013,16,"B16.S2xD3",1260,1264,"hatching",0,530
1205,16,"B16.S3xD1",1261,1262,"h.length",213.37,NA
1205,16,"B16.S3xD1",1261,1262,"n.length",450.39,NA
1206,16,"B16.S3xD1",1261,1262,"h.length",209.21,NA
1206,16,"B16.S3xD1",1261,1262,"n.length",454.27,NA
1207,16,"B16.S3xD1",1261,1262,"h.length",217.75,NA
1207,16,"B16.S3xD1",1261,1262,"n.length",420.64,NA
1208,16,"B16.S3xD1",1261,1262,"h.length",170.16,NA
1208,16,"B16.S3xD1",1261,1262,"n.length",432.26,NA
1209,16,"B16.S3xD1",1261,1262,"h.length",211.01,NA
1209,16,"B16.S3xD1",1261,1262,"n.length",456.53,NA
1210,16,"B16.S3xD1",1261,1262,"h.length",204.02,NA
1210,16,"B16.S3xD1",1261,1262,"n.length",467.56,NA
1211,16,"B16.S3xD1",1261,1262,"h.length",203.37,NA
1211,16,"B16.S3xD1",1261,1262,"n.length",452.16,NA
1212,16,"B16.S3xD1",1261,1262,"h.length",216.83,NA
1212,16,"B16.S3xD1",1261,1262,"n.length",459.71,NA
1213,16,"B16.S3xD1",1261,1262,"h.length",194.91,NA
1213,16,"B16.S3xD1",1261,1262,"n.length",435.15,NA
1214,16,"B16.S3xD1",1261,1262,"h.length",189.59,NA
1214,16,"B16.S3xD1",1261,1262,"n.length",447.06,NA
1215,16,"B16.S3xD1",1261,1262,"h.length",186.74,NA
1215,16,"B16.S3xD1",1261,1262,"n.length",454.99,NA
1216,16,"B16.S3xD1",1261,1262,"h.length",192.75,NA
1216,16,"B16.S3xD1",1261,1262,"n.length",454.04,NA
5014,16,"B16.S3xD1",1261,1262,"hatching",1,534
5015,16,"B16.S3xD1",1261,1262,"hatching",1,534
5016,16,"B16.S3xD1",1261,1262,"hatching",1,534
5017,16,"B16.S3xD1",1261,1262,"hatching",1,534
5018,16,"B16.S3xD1",1261,1262,"hatching",1,534
5019,16,"B16.S3xD1",1261,1262,"hatching",1,534
5020,16,"B16.S3xD1",1261,1262,"hatching",1,534
5021,16,"B16.S3xD1",1261,1262,"hatching",1,534
5022,16,"B16.S3xD1",1261,1262,"hatching",1,534
5023,16,"B16.S3xD1",1261,1262,"hatching",1,534
5024,16,"B16.S3xD1",1261,1262,"hatching",1,534
5025,16,"B16.S3xD1",1261,1262,"hatching",1,534
5026,16,"B16.S3xD1",1261,1262,"hatching",1,534
5027,16,"B16.S3xD1",1261,1262,"hatching",1,534
5028,16,"B16.S3xD1",1261,1262,"hatching",1,534
5029,16,"B16.S3xD1",1261,1262,"hatching",1,534
5030,16,"B16.S3xD1",1261,1262,"hatching",0,534
5031,16,"B16.S3xD1",1261,1262,"hatching",1,535
5032,16,"B16.S3xD1",1261,1262,"hatching",1,535
5033,16,"B16.S3xD1",1261,1262,"hatching",1,535
5034,16,"B16.S3xD1",1261,1262,"hatching",1,535
5035,16,"B16.S3xD1",1261,1262,"hatching",1,535
5036,16,"B16.S3xD1",1261,1262,"hatching",1,535
5037,16,"B16.S3xD1",1261,1262,"hatching",1,535
5038,16,"B16.S3xD1",1261,1262,"hatching",1,535
5039,16,"B16.S3xD1",1261,1262,"hatching",1,535
5040,16,"B16.S3xD1",1261,1262,"hatching",1,535
5041,16,"B16.S3xD1",1261,1262,"hatching",1,535
5042,16,"B16.S3xD1",1261,1262,"hatching",1,535
5043,16,"B16.S3xD1",1261,1262,"hatching",1,535
5044,16,"B16.S3xD1",1261,1262,"hatching",1,535
5045,16,"B16.S3xD1",1261,1262,"hatching",1,535
5046,16,"B16.S3xD1",1261,1262,"hatching",1,535
5047,16,"B16.S3xD1",1261,1262,"hatching",0,535
5048,16,"B16.S3xD1",1261,1262,"hatching",0,535
5049,16,"B16.S3xD1",1261,1262,"hatching",1,536
5050,16,"B16.S3xD1",1261,1262,"hatching",1,536
5051,16,"B16.S3xD1",1261,1262,"hatching",1,536
5052,16,"B16.S3xD1",1261,1262,"hatching",1,536
5053,16,"B16.S3xD1",1261,1262,"hatching",1,536
5054,16,"B16.S3xD1",1261,1262,"hatching",1,536
5055,16,"B16.S3xD1",1261,1262,"hatching",1,536
5056,16,"B16.S3xD1",1261,1262,"hatching",1,536
5057,16,"B16.S3xD1",1261,1262,"hatching",1,536
5058,16,"B16.S3xD1",1261,1262,"hatching",1,536
5059,16,"B16.S3xD1",1261,1262,"hatching",1,536
5060,16,"B16.S3xD1",1261,1262,"hatching",1,536
5061,16,"B16.S3xD1",1261,1262,"hatching",1,536
5062,16,"B16.S3xD1",1261,1262,"hatching",1,536
5063,16,"B16.S3xD1",1261,1262,"hatching",1,536
5064,16,"B16.S3xD1",1261,1262,"hatching",1,536
5065,16,"B16.S3xD1",1261,1262,"hatching",1,536
5066,16,"B16.S3xD1",1261,1262,"hatching",0,536
1217,16,"B16.S3xD2",1261,1263,"h.length",204.78,NA
1217,16,"B16.S3xD2",1261,1263,"n.length",456.22,NA
1218,16,"B16.S3xD2",1261,1263,"h.length",203.02,NA
1218,16,"B16.S3xD2",1261,1263,"n.length",449.18,NA
1219,16,"B16.S3xD2",1261,1263,"h.length",214.93,NA
1219,16,"B16.S3xD2",1261,1263,"n.length",449.69,NA
1220,16,"B16.S3xD2",1261,1263,"h.length",202.82,NA
1220,16,"B16.S3xD2",1261,1263,"n.length",449.64,NA
1221,16,"B16.S3xD2",1261,1263,"h.length",208,NA
1221,16,"B16.S3xD2",1261,1263,"n.length",441.23,NA
1222,16,"B16.S3xD2",1261,1263,"h.length",216.48,NA
1222,16,"B16.S3xD2",1261,1263,"n.length",446.73,NA
1223,16,"B16.S3xD2",1261,1263,"h.length",211.14,NA
1223,16,"B16.S3xD2",1261,1263,"n.length",440.22,NA
1224,16,"B16.S3xD2",1261,1263,"h.length",223.35,NA
1224,16,"B16.S3xD2",1261,1263,"n.length",461.32,NA
1225,16,"B16.S3xD2",1261,1263,"h.length",218.02,NA
1225,16,"B16.S3xD2",1261,1263,"n.length",470.82,NA
1226,16,"B16.S3xD2",1261,1263,"h.length",230.85,NA
1226,16,"B16.S3xD2",1261,1263,"n.length",460.64,NA
1227,16,"B16.S3xD2",1261,1263,"h.length",217.64,NA
1227,16,"B16.S3xD2",1261,1263,"n.length",459.23,NA
1228,16,"B16.S3xD2",1261,1263,"h.length",209.61,NA
1228,16,"B16.S3xD2",1261,1263,"n.length",469.33,NA
5067,16,"B16.S3xD2",1261,1263,"hatching",1,540
5068,16,"B16.S3xD2",1261,1263,"hatching",1,540
5069,16,"B16.S3xD2",1261,1263,"hatching",1,540
5070,16,"B16.S3xD2",1261,1263,"hatching",1,540
5071,16,"B16.S3xD2",1261,1263,"hatching",1,540
5072,16,"B16.S3xD2",1261,1263,"hatching",1,540
5073,16,"B16.S3xD2",1261,1263,"hatching",1,540
5074,16,"B16.S3xD2",1261,1263,"hatching",1,540
5075,16,"B16.S3xD2",1261,1263,"hatching",1,540
5076,16,"B16.S3xD2",1261,1263,"hatching",1,540
5077,16,"B16.S3xD2",1261,1263,"hatching",1,540
5078,16,"B16.S3xD2",1261,1263,"hatching",1,540
5079,16,"B16.S3xD2",1261,1263,"hatching",1,540
5080,16,"B16.S3xD2",1261,1263,"hatching",1,540
5081,16,"B16.S3xD2",1261,1263,"hatching",1,540
5082,16,"B16.S3xD2",1261,1263,"hatching",1,540
5083,16,"B16.S3xD2",1261,1263,"hatching",1,540
5084,16,"B16.S3xD2",1261,1263,"hatching",1,540
5085,16,"B16.S3xD2",1261,1263,"hatching",1,540
5086,16,"B16.S3xD2",1261,1263,"hatching",1,541
5087,16,"B16.S3xD2",1261,1263,"hatching",1,541
5088,16,"B16.S3xD2",1261,1263,"hatching",1,541
5089,16,"B16.S3xD2",1261,1263,"hatching",1,541
5090,16,"B16.S3xD2",1261,1263,"hatching",1,541
5091,16,"B16.S3xD2",1261,1263,"hatching",1,541
5092,16,"B16.S3xD2",1261,1263,"hatching",1,541
5093,16,"B16.S3xD2",1261,1263,"hatching",1,541
5094,16,"B16.S3xD2",1261,1263,"hatching",1,541
5095,16,"B16.S3xD2",1261,1263,"hatching",1,541
5096,16,"B16.S3xD2",1261,1263,"hatching",1,541
5097,16,"B16.S3xD2",1261,1263,"hatching",1,541
5098,16,"B16.S3xD2",1261,1263,"hatching",1,541
5099,16,"B16.S3xD2",1261,1263,"hatching",1,541
5100,16,"B16.S3xD2",1261,1263,"hatching",1,541
5101,16,"B16.S3xD2",1261,1263,"hatching",0,541
5102,16,"B16.S3xD2",1261,1263,"hatching",1,542
5103,16,"B16.S3xD2",1261,1263,"hatching",1,542
5104,16,"B16.S3xD2",1261,1263,"hatching",1,542
5105,16,"B16.S3xD2",1261,1263,"hatching",1,542
5106,16,"B16.S3xD2",1261,1263,"hatching",1,542
5107,16,"B16.S3xD2",1261,1263,"hatching",1,542
5108,16,"B16.S3xD2",1261,1263,"hatching",1,542
5109,16,"B16.S3xD2",1261,1263,"hatching",1,542
5110,16,"B16.S3xD2",1261,1263,"hatching",1,542
5111,16,"B16.S3xD2",1261,1263,"hatching",1,542
5112,16,"B16.S3xD2",1261,1263,"hatching",1,542
5113,16,"B16.S3xD2",1261,1263,"hatching",1,542
5114,16,"B16.S3xD2",1261,1263,"hatching",1,542
5115,16,"B16.S3xD2",1261,1263,"hatching",1,542
5116,16,"B16.S3xD2",1261,1263,"hatching",1,542
5117,16,"B16.S3xD2",1261,1263,"hatching",1,542
5118,16,"B16.S3xD2",1261,1263,"hatching",1,542
1229,16,"B16.S3xD3",1261,1264,"h.length",214.24,NA
1229,16,"B16.S3xD3",1261,1264,"n.length",468.22,NA
1230,16,"B16.S3xD3",1261,1264,"h.length",190.44,NA
1230,16,"B16.S3xD3",1261,1264,"n.length",462.59,NA
1231,16,"B16.S3xD3",1261,1264,"h.length",207.95,NA
1231,16,"B16.S3xD3",1261,1264,"n.length",460.52,NA
1232,16,"B16.S3xD3",1261,1264,"h.length",203.76,NA
1232,16,"B16.S3xD3",1261,1264,"n.length",464.98,NA
1233,16,"B16.S3xD3",1261,1264,"h.length",220.08,NA
1233,16,"B16.S3xD3",1261,1264,"n.length",456.06,NA
1234,16,"B16.S3xD3",1261,1264,"h.length",215,NA
1234,16,"B16.S3xD3",1261,1264,"n.length",451.34,NA
1235,16,"B16.S3xD3",1261,1264,"h.length",211.48,NA
1235,16,"B16.S3xD3",1261,1264,"n.length",436.36,NA
1236,16,"B16.S3xD3",1261,1264,"h.length",213.36,NA
1236,16,"B16.S3xD3",1261,1264,"n.length",477.29,NA
1237,16,"B16.S3xD3",1261,1264,"h.length",201.7,NA
1237,16,"B16.S3xD3",1261,1264,"n.length",465.45,NA
1238,16,"B16.S3xD3",1261,1264,"h.length",211.63,NA
1238,16,"B16.S3xD3",1261,1264,"n.length",461.49,NA
1239,16,"B16.S3xD3",1261,1264,"h.length",195.7,NA
1239,16,"B16.S3xD3",1261,1264,"n.length",461.3,NA
1240,16,"B16.S3xD3",1261,1264,"h.length",221.55,NA
1240,16,"B16.S3xD3",1261,1264,"n.length",459.36,NA
5119,16,"B16.S3xD3",1261,1264,"hatching",1,546
5120,16,"B16.S3xD3",1261,1264,"hatching",1,546
5121,16,"B16.S3xD3",1261,1264,"hatching",1,546
5122,16,"B16.S3xD3",1261,1264,"hatching",1,546
5123,16,"B16.S3xD3",1261,1264,"hatching",1,546
5124,16,"B16.S3xD3",1261,1264,"hatching",1,546
5125,16,"B16.S3xD3",1261,1264,"hatching",1,546
5126,16,"B16.S3xD3",1261,1264,"hatching",1,546
5127,16,"B16.S3xD3",1261,1264,"hatching",1,546
5128,16,"B16.S3xD3",1261,1264,"hatching",1,546
5129,16,"B16.S3xD3",1261,1264,"hatching",1,546
5130,16,"B16.S3xD3",1261,1264,"hatching",1,546
5131,16,"B16.S3xD3",1261,1264,"hatching",1,546
5132,16,"B16.S3xD3",1261,1264,"hatching",1,546
5133,16,"B16.S3xD3",1261,1264,"hatching",1,546
5134,16,"B16.S3xD3",1261,1264,"hatching",1,546
5135,16,"B16.S3xD3",1261,1264,"hatching",1,546
5136,16,"B16.S3xD3",1261,1264,"hatching",1,546
5137,16,"B16.S3xD3",1261,1264,"hatching",0,546
5138,16,"B16.S3xD3",1261,1264,"hatching",0,546
5139,16,"B16.S3xD3",1261,1264,"hatching",1,547
5140,16,"B16.S3xD3",1261,1264,"hatching",1,547
5141,16,"B16.S3xD3",1261,1264,"hatching",1,547
5142,16,"B16.S3xD3",1261,1264,"hatching",1,547
5143,16,"B16.S3xD3",1261,1264,"hatching",1,547
5144,16,"B16.S3xD3",1261,1264,"hatching",1,547
5145,16,"B16.S3xD3",1261,1264,"hatching",1,547
5146,16,"B16.S3xD3",1261,1264,"hatching",1,547
5147,16,"B16.S3xD3",1261,1264,"hatching",1,547
5148,16,"B16.S3xD3",1261,1264,"hatching",1,547
5149,16,"B16.S3xD3",1261,1264,"hatching",1,547
5150,16,"B16.S3xD3",1261,1264,"hatching",1,547
5151,16,"B16.S3xD3",1261,1264,"hatching",1,547
5152,16,"B16.S3xD3",1261,1264,"hatching",1,547
5153,16,"B16.S3xD3",1261,1264,"hatching",0,547
5154,16,"B16.S3xD3",1261,1264,"hatching",1,548
5155,16,"B16.S3xD3",1261,1264,"hatching",1,548
5156,16,"B16.S3xD3",1261,1264,"hatching",1,548
5157,16,"B16.S3xD3",1261,1264,"hatching",1,548
5158,16,"B16.S3xD3",1261,1264,"hatching",1,548
5159,16,"B16.S3xD3",1261,1264,"hatching",1,548
5160,16,"B16.S3xD3",1261,1264,"hatching",1,548
5161,16,"B16.S3xD3",1261,1264,"hatching",1,548
5162,16,"B16.S3xD3",1261,1264,"hatching",1,548
5163,16,"B16.S3xD3",1261,1264,"hatching",1,548
5164,16,"B16.S3xD3",1261,1264,"hatching",1,548
5165,16,"B16.S3xD3",1261,1264,"hatching",1,548
5166,16,"B16.S3xD3",1261,1264,"hatching",1,548
5167,16,"B16.S3xD3",1261,1264,"hatching",1,548
5168,16,"B16.S3xD3",1261,1264,"hatching",1,548
5169,16,"B16.S3xD3",1261,1264,"hatching",1,548
5170,16,"B16.S3xD3",1261,1264,"hatching",1,548
5171,16,"B16.S3xD3",1261,1264,"hatching",1,548
5172,16,"B16.S3xD3",1261,1264,"hatching",1,548
5173,16,"B16.S3xD3",1261,1264,"hatching",0,548
18,2,"B2.S1xD1",261,276,"h.length",215.39,NA
18,2,"B2.S1xD1",261,276,"n.length",451.4,NA
19,2,"B2.S1xD1",261,276,"h.length",194.97,NA
19,2,"B2.S1xD1",261,276,"n.length",462.09,NA
20,2,"B2.S1xD1",261,276,"h.length",209.74,NA
20,2,"B2.S1xD1",261,276,"n.length",420.44,NA
21,2,"B2.S1xD1",261,276,"h.length",210.65,NA
21,2,"B2.S1xD1",261,276,"n.length",461.95,NA
22,2,"B2.S1xD1",261,276,"h.length",207.37,NA
22,2,"B2.S1xD1",261,276,"n.length",457.26,NA
23,2,"B2.S1xD2",261,277,"h.length",207.9,NA
23,2,"B2.S1xD2",261,277,"n.length",440.78,NA
24,2,"B2.S1xD2",261,277,"h.length",206.47,NA
24,2,"B2.S1xD2",261,277,"n.length",438.21,NA
25,2,"B2.S1xD2",261,277,"h.length",217.4,NA
25,2,"B2.S1xD2",261,277,"n.length",446.64,NA
26,2,"B2.S1xD2",261,277,"h.length",211.41,NA
26,2,"B2.S1xD2",261,277,"n.length",441.59,NA
27,2,"B2.S1xD2",261,277,"h.length",215.69,NA
27,2,"B2.S1xD2",261,277,"n.length",447.54,NA
28,2,"B2.S2xD1",262,276,"h.length",222.38,NA
28,2,"B2.S2xD1",262,276,"n.length",451.51,NA
29,2,"B2.S2xD1",262,276,"h.length",210.14,NA
29,2,"B2.S2xD1",262,276,"n.length",461.64,NA
30,2,"B2.S2xD1",262,276,"h.length",216.78,NA
30,2,"B2.S2xD1",262,276,"n.length",462.33,NA
31,2,"B2.S2xD1",262,276,"h.length",215.04,NA
31,2,"B2.S2xD1",262,276,"n.length",460.72,NA
32,2,"B2.S2xD1",262,276,"h.length",215.03,NA
32,2,"B2.S2xD1",262,276,"n.length",450.42,NA
33,2,"B2.S2xD2",262,277,"h.length",229.61,NA
33,2,"B2.S2xD2",262,277,"n.length",424.57,NA
34,2,"B2.S2xD2",262,277,"h.length",214.6,NA
34,2,"B2.S2xD2",262,277,"n.length",418.29,NA
35,2,"B2.S2xD2",262,277,"h.length",203.91,NA
35,2,"B2.S2xD2",262,277,"n.length",437.22,NA
36,2,"B2.S2xD2",262,277,"h.length",210.86,NA
36,2,"B2.S2xD2",262,277,"n.length",435.85,NA
37,2,"B2.S2xD2",262,277,"h.length",206.92,NA
37,2,"B2.S2xD2",262,277,"n.length",421.45,NA
38,3,"B3.S1xD1",263,278,"h.length",205.55,NA
38,3,"B3.S1xD1",263,278,"n.length",447.62,NA
39,3,"B3.S1xD1",263,278,"h.length",204.77,NA
39,3,"B3.S1xD1",263,278,"n.length",479.5,NA
40,3,"B3.S1xD1",263,278,"h.length",208.63,NA
40,3,"B3.S1xD1",263,278,"n.length",441.74,NA
41,3,"B3.S1xD1",263,278,"h.length",198.49,NA
41,3,"B3.S1xD1",263,278,"n.length",480.81,NA
42,3,"B3.S1xD1",263,278,"h.length",212.12,NA
42,3,"B3.S1xD1",263,278,"n.length",491.41,NA
5174,3,"B3.S1xD1",263,278,"settling",1,1
5175,3,"B3.S1xD1",263,278,"settling",1,1
5176,3,"B3.S1xD1",263,278,"settling",1,1
5177,3,"B3.S1xD1",263,278,"settling",1,1
5178,3,"B3.S1xD1",263,278,"settling",1,1
5179,3,"B3.S1xD1",263,278,"settling",1,1
5180,3,"B3.S1xD1",263,278,"settling",1,1
5181,3,"B3.S1xD1",263,278,"settling",1,1
5182,3,"B3.S1xD1",263,278,"settling",1,1
5183,3,"B3.S1xD1",263,278,"settling",1,2
5184,3,"B3.S1xD1",263,278,"settling",1,2
5185,3,"B3.S1xD1",263,278,"settling",1,2
5186,3,"B3.S1xD1",263,278,"settling",1,2
5187,3,"B3.S1xD1",263,278,"settling",1,2
5188,3,"B3.S1xD1",263,278,"settling",1,2
5189,3,"B3.S1xD1",263,278,"settling",1,2
5190,3,"B3.S1xD1",263,278,"settling",1,2
5191,3,"B3.S1xD1",263,278,"settling",1,2
5192,3,"B3.S1xD1",263,278,"settling",0,2
5193,3,"B3.S1xD1",263,278,"settling",1,3
5194,3,"B3.S1xD1",263,278,"settling",1,3
5195,3,"B3.S1xD1",263,278,"settling",1,3
5196,3,"B3.S1xD1",263,278,"settling",1,3
5197,3,"B3.S1xD1",263,278,"settling",1,3
5198,3,"B3.S1xD1",263,278,"settling",1,3
5199,3,"B3.S1xD1",263,278,"settling",1,3
5200,3,"B3.S1xD1",263,278,"settling",1,3
5201,3,"B3.S1xD1",263,278,"settling",1,3
5202,3,"B3.S1xD1",263,278,"settling",1,3
5203,3,"B3.S1xD1",263,278,"settling",1,3
5204,3,"B3.S1xD1",263,278,"settling",1,3
43,3,"B3.S1xD2",263,279,"h.length",222.59,NA
43,3,"B3.S1xD2",263,279,"n.length",471.75,NA
44,3,"B3.S1xD2",263,279,"h.length",204.89,NA
44,3,"B3.S1xD2",263,279,"n.length",441.39,NA
45,3,"B3.S1xD2",263,279,"h.length",207.79,NA
45,3,"B3.S1xD2",263,279,"n.length",450.77,NA
46,3,"B3.S1xD2",263,279,"h.length",218.3,NA
46,3,"B3.S1xD2",263,279,"n.length",469.44,NA
47,3,"B3.S1xD2",263,279,"h.length",210.75,NA
47,3,"B3.S1xD2",263,279,"n.length",447.86,NA
5205,3,"B3.S1xD2",263,279,"settling",1,4
5206,3,"B3.S1xD2",263,279,"settling",1,4
5207,3,"B3.S1xD2",263,279,"settling",1,4
5208,3,"B3.S1xD2",263,279,"settling",1,4
5209,3,"B3.S1xD2",263,279,"settling",1,4
5210,3,"B3.S1xD2",263,279,"settling",1,4
5211,3,"B3.S1xD2",263,279,"settling",0,4
5212,3,"B3.S1xD2",263,279,"settling",1,5
5213,3,"B3.S1xD2",263,279,"settling",1,5
5214,3,"B3.S1xD2",263,279,"settling",1,5
5215,3,"B3.S1xD2",263,279,"settling",1,5
5216,3,"B3.S1xD2",263,279,"settling",1,5
5217,3,"B3.S1xD2",263,279,"settling",1,5
5218,3,"B3.S1xD2",263,279,"settling",1,5
5219,3,"B3.S1xD2",263,279,"settling",0,5
5220,3,"B3.S1xD2",263,279,"settling",0,5
5221,3,"B3.S1xD2",263,279,"settling",1,6
5222,3,"B3.S1xD2",263,279,"settling",1,6
5223,3,"B3.S1xD2",263,279,"settling",1,6
5224,3,"B3.S1xD2",263,279,"settling",1,6
5225,3,"B3.S1xD2",263,279,"settling",1,6
5226,3,"B3.S1xD2",263,279,"settling",1,6
5227,3,"B3.S1xD2",263,279,"settling",1,6
5228,3,"B3.S1xD2",263,279,"settling",1,6
5229,3,"B3.S1xD2",263,279,"settling",0,6
5230,3,"B3.S1xD2",263,279,"settling",0,6
48,3,"B3.S2xD1",264,278,"h.length",196.99,NA
48,3,"B3.S2xD1",264,278,"n.length",433.98,NA
49,3,"B3.S2xD1",264,278,"h.length",220.18,NA
49,3,"B3.S2xD1",264,278,"n.length",443.88,NA
50,3,"B3.S2xD1",264,278,"h.length",209.88,NA
50,3,"B3.S2xD1",264,278,"n.length",461.72,NA
51,3,"B3.S2xD1",264,278,"h.length",212.59,NA
51,3,"B3.S2xD1",264,278,"n.length",459.6,NA
52,3,"B3.S2xD1",264,278,"h.length",208.97,NA
52,3,"B3.S2xD1",264,278,"n.length",466.49,NA
5231,3,"B3.S2xD1",264,278,"settling",1,7
5232,3,"B3.S2xD1",264,278,"settling",1,7
5233,3,"B3.S2xD1",264,278,"settling",0,7
5234,3,"B3.S2xD1",264,278,"settling",0,7
5235,3,"B3.S2xD1",264,278,"settling",0,7
5236,3,"B3.S2xD1",264,278,"settling",0,7
5237,3,"B3.S2xD1",264,278,"settling",0,7
5238,3,"B3.S2xD1",264,278,"settling",0,7
5239,3,"B3.S2xD1",264,278,"settling",0,7
5240,3,"B3.S2xD1",264,278,"settling",0,7
5241,3,"B3.S2xD1",264,278,"settling",1,8
5242,3,"B3.S2xD1",264,278,"settling",1,8
5243,3,"B3.S2xD1",264,278,"settling",1,8
5244,3,"B3.S2xD1",264,278,"settling",1,8
5245,3,"B3.S2xD1",264,278,"settling",1,8
5246,3,"B3.S2xD1",264,278,"settling",1,8
5247,3,"B3.S2xD1",264,278,"settling",1,8
5248,3,"B3.S2xD1",264,278,"settling",1,8
5249,3,"B3.S2xD1",264,278,"settling",1,8
5250,3,"B3.S2xD1",264,278,"settling",1,8
5251,3,"B3.S2xD1",264,278,"settling",1,8
5252,3,"B3.S2xD1",264,278,"settling",1,8
5253,3,"B3.S2xD1",264,278,"settling",1,8
5254,3,"B3.S2xD1",264,278,"settling",1,8
5255,3,"B3.S2xD1",264,278,"settling",1,8
5256,3,"B3.S2xD1",264,278,"settling",1,9
5257,3,"B3.S2xD1",264,278,"settling",1,9
5258,3,"B3.S2xD1",264,278,"settling",1,9
5259,3,"B3.S2xD1",264,278,"settling",1,9
5260,3,"B3.S2xD1",264,278,"settling",1,9
5261,3,"B3.S2xD1",264,278,"settling",0,9
5262,3,"B3.S2xD1",264,278,"settling",0,9
5263,3,"B3.S2xD1",264,278,"settling",0,9
5264,3,"B3.S2xD1",264,278,"settling",0,9
53,3,"B3.S2xD2",264,279,"h.length",205.48,NA
53,3,"B3.S2xD2",264,279,"n.length",455.72,NA
54,3,"B3.S2xD2",264,279,"h.length",226.2,NA
54,3,"B3.S2xD2",264,279,"n.length",453.42,NA
55,3,"B3.S2xD2",264,279,"h.length",206.66,NA
55,3,"B3.S2xD2",264,279,"n.length",429.45,NA
56,3,"B3.S2xD2",264,279,"h.length",203.06,NA
56,3,"B3.S2xD2",264,279,"n.length",455.18,NA
57,3,"B3.S2xD2",264,279,"h.length",205.64,NA
57,3,"B3.S2xD2",264,279,"n.length",450.44,NA
5265,3,"B3.S2xD2",264,279,"settling",1,10
5266,3,"B3.S2xD2",264,279,"settling",1,10
5267,3,"B3.S2xD2",264,279,"settling",1,10
5268,3,"B3.S2xD2",264,279,"settling",1,10
5269,3,"B3.S2xD2",264,279,"settling",1,10
5270,3,"B3.S2xD2",264,279,"settling",0,10
5271,3,"B3.S2xD2",264,279,"settling",0,10
5272,3,"B3.S2xD2",264,279,"settling",0,10
5273,3,"B3.S2xD2",264,279,"settling",1,11
5274,3,"B3.S2xD2",264,279,"settling",1,11
5275,3,"B3.S2xD2",264,279,"settling",1,11
5276,3,"B3.S2xD2",264,279,"settling",1,11
5277,3,"B3.S2xD2",264,279,"settling",1,11
5278,3,"B3.S2xD2",264,279,"settling",1,11
5279,3,"B3.S2xD2",264,279,"settling",0,11
5280,3,"B3.S2xD2",264,279,"settling",0,11
5281,3,"B3.S2xD2",264,279,"settling",0,11
5282,3,"B3.S2xD2",264,279,"settling",0,11
5283,3,"B3.S2xD2",264,279,"settling",0,12
5284,3,"B3.S2xD2",264,279,"settling",0,12
5285,3,"B3.S2xD2",264,279,"settling",0,12
5286,3,"B3.S2xD2",264,279,"settling",0,12
5287,3,"B3.S2xD2",264,279,"settling",0,12
5288,3,"B3.S2xD2",264,279,"settling",0,12
5289,3,"B3.S2xD2",264,279,"settling",0,12
5290,3,"B3.S2xD2",264,279,"settling",0,12
5291,3,"B3.S2xD2",264,279,"settling",0,12
58,4,"B4.S1xD1",265,280,"h.length",196.37,NA
58,4,"B4.S1xD1",265,280,"n.length",440.12,NA
59,4,"B4.S1xD1",265,280,"h.length",213.73,NA
59,4,"B4.S1xD1",265,280,"n.length",457.27,NA
60,4,"B4.S1xD1",265,280,"h.length",200.16,NA
60,4,"B4.S1xD1",265,280,"n.length",436.81,NA
61,4,"B4.S1xD1",265,280,"h.length",205.6,NA
61,4,"B4.S1xD1",265,280,"n.length",448.48,NA
62,4,"B4.S1xD1",265,280,"h.length",196.25,NA
62,4,"B4.S1xD1",265,280,"n.length",479.75,NA
5292,4,"B4.S1xD1",265,280,"settling",1,13
5293,4,"B4.S1xD1",265,280,"settling",1,13
5294,4,"B4.S1xD1",265,280,"settling",1,13
5295,4,"B4.S1xD1",265,280,"settling",1,13
5296,4,"B4.S1xD1",265,280,"settling",1,13
5297,4,"B4.S1xD1",265,280,"settling",1,13
5298,4,"B4.S1xD1",265,280,"settling",1,13
5299,4,"B4.S1xD1",265,280,"settling",1,13
5300,4,"B4.S1xD1",265,280,"settling",1,13
5301,4,"B4.S1xD1",265,280,"settling",1,13
5302,4,"B4.S1xD1",265,280,"settling",1,13
5303,4,"B4.S1xD1",265,280,"settling",1,13
5304,4,"B4.S1xD1",265,280,"settling",1,13
5305,4,"B4.S1xD1",265,280,"settling",1,13
5306,4,"B4.S1xD1",265,280,"settling",1,13
5307,4,"B4.S1xD1",265,280,"settling",1,13
5308,4,"B4.S1xD1",265,280,"settling",1,13
5309,4,"B4.S1xD1",265,280,"settling",1,13
5310,4,"B4.S1xD1",265,280,"settling",1,13
5311,4,"B4.S1xD1",265,280,"settling",0,13
5312,4,"B4.S1xD1",265,280,"settling",1,14
5313,4,"B4.S1xD1",265,280,"settling",1,14
5314,4,"B4.S1xD1",265,280,"settling",1,14
5315,4,"B4.S1xD1",265,280,"settling",1,14
5316,4,"B4.S1xD1",265,280,"settling",1,14
5317,4,"B4.S1xD1",265,280,"settling",1,14
5318,4,"B4.S1xD1",265,280,"settling",1,14
5319,4,"B4.S1xD1",265,280,"settling",1,14
5320,4,"B4.S1xD1",265,280,"settling",1,14
5321,4,"B4.S1xD1",265,280,"settling",1,14
5322,4,"B4.S1xD1",265,280,"settling",1,14
5323,4,"B4.S1xD1",265,280,"settling",1,14
5324,4,"B4.S1xD1",265,280,"settling",1,14
5325,4,"B4.S1xD1",265,280,"settling",1,14
5326,4,"B4.S1xD1",265,280,"settling",1,14
5327,4,"B4.S1xD1",265,280,"settling",1,14
5328,4,"B4.S1xD1",265,280,"settling",0,14
5329,4,"B4.S1xD1",265,280,"settling",0,14
5330,4,"B4.S1xD1",265,280,"settling",1,15
5331,4,"B4.S1xD1",265,280,"settling",1,15
5332,4,"B4.S1xD1",265,280,"settling",1,15
5333,4,"B4.S1xD1",265,280,"settling",1,15
5334,4,"B4.S1xD1",265,280,"settling",1,15
5335,4,"B4.S1xD1",265,280,"settling",1,15
5336,4,"B4.S1xD1",265,280,"settling",1,15
5337,4,"B4.S1xD1",265,280,"settling",1,15
5338,4,"B4.S1xD1",265,280,"settling",1,15
5339,4,"B4.S1xD1",265,280,"settling",1,15
5340,4,"B4.S1xD1",265,280,"settling",1,15
5341,4,"B4.S1xD1",265,280,"settling",1,15
5342,4,"B4.S1xD1",265,280,"settling",1,15
5343,4,"B4.S1xD1",265,280,"settling",1,15
5344,4,"B4.S1xD1",265,280,"settling",1,15
5345,4,"B4.S1xD1",265,280,"settling",1,15
5346,4,"B4.S1xD1",265,280,"settling",0,15
5347,4,"B4.S1xD1",265,280,"settling",0,15
63,4,"B4.S1xD2",265,281,"h.length",218.92,NA
63,4,"B4.S1xD2",265,281,"n.length",486.71,NA
64,4,"B4.S1xD2",265,281,"h.length",215.77,NA
64,4,"B4.S1xD2",265,281,"n.length",478,NA
65,4,"B4.S1xD2",265,281,"h.length",212.17,NA
65,4,"B4.S1xD2",265,281,"n.length",471.51,NA
66,4,"B4.S1xD2",265,281,"h.length",196.26,NA
66,4,"B4.S1xD2",265,281,"n.length",414.14,NA
67,4,"B4.S1xD2",265,281,"h.length",213.37,NA
67,4,"B4.S1xD2",265,281,"n.length",439.49,NA
5348,4,"B4.S1xD2",265,281,"settling",1,16
5349,4,"B4.S1xD2",265,281,"settling",1,16
5350,4,"B4.S1xD2",265,281,"settling",1,16
5351,4,"B4.S1xD2",265,281,"settling",1,16
5352,4,"B4.S1xD2",265,281,"settling",1,16
5353,4,"B4.S1xD2",265,281,"settling",1,16
5354,4,"B4.S1xD2",265,281,"settling",1,16
5355,4,"B4.S1xD2",265,281,"settling",1,16
5356,4,"B4.S1xD2",265,281,"settling",1,16
5357,4,"B4.S1xD2",265,281,"settling",1,16
5358,4,"B4.S1xD2",265,281,"settling",1,16
5359,4,"B4.S1xD2",265,281,"settling",1,16
5360,4,"B4.S1xD2",265,281,"settling",1,16
5361,4,"B4.S1xD2",265,281,"settling",1,16
5362,4,"B4.S1xD2",265,281,"settling",1,16
5363,4,"B4.S1xD2",265,281,"settling",0,16
5364,4,"B4.S1xD2",265,281,"settling",0,16
5365,4,"B4.S1xD2",265,281,"settling",0,16
5366,4,"B4.S1xD2",265,281,"settling",1,17
5367,4,"B4.S1xD2",265,281,"settling",1,17
5368,4,"B4.S1xD2",265,281,"settling",1,17
5369,4,"B4.S1xD2",265,281,"settling",1,17
5370,4,"B4.S1xD2",265,281,"settling",1,17
5371,4,"B4.S1xD2",265,281,"settling",1,17
5372,4,"B4.S1xD2",265,281,"settling",1,17
5373,4,"B4.S1xD2",265,281,"settling",1,17
5374,4,"B4.S1xD2",265,281,"settling",1,17
5375,4,"B4.S1xD2",265,281,"settling",1,17
5376,4,"B4.S1xD2",265,281,"settling",1,17
5377,4,"B4.S1xD2",265,281,"settling",1,17
5378,4,"B4.S1xD2",265,281,"settling",1,17
5379,4,"B4.S1xD2",265,281,"settling",1,17
5380,4,"B4.S1xD2",265,281,"settling",1,17
5381,4,"B4.S1xD2",265,281,"settling",1,17
5382,4,"B4.S1xD2",265,281,"settling",1,17
5383,4,"B4.S1xD2",265,281,"settling",1,17
5384,4,"B4.S1xD2",265,281,"settling",1,17
5385,4,"B4.S1xD2",265,281,"settling",0,17
5386,4,"B4.S1xD2",265,281,"settling",0,17
5387,4,"B4.S1xD2",265,281,"settling",0,17
5388,4,"B4.S1xD2",265,281,"settling",0,17
5389,4,"B4.S1xD2",265,281,"settling",0,17
5390,4,"B4.S1xD2",265,281,"settling",0,17
5391,4,"B4.S1xD2",265,281,"settling",1,18
5392,4,"B4.S1xD2",265,281,"settling",1,18
5393,4,"B4.S1xD2",265,281,"settling",1,18
5394,4,"B4.S1xD2",265,281,"settling",1,18
5395,4,"B4.S1xD2",265,281,"settling",1,18
5396,4,"B4.S1xD2",265,281,"settling",1,18
5397,4,"B4.S1xD2",265,281,"settling",1,18
5398,4,"B4.S1xD2",265,281,"settling",1,18
5399,4,"B4.S1xD2",265,281,"settling",1,18
5400,4,"B4.S1xD2",265,281,"settling",1,18
5401,4,"B4.S1xD2",265,281,"settling",1,18
5402,4,"B4.S1xD2",265,281,"settling",1,18
5403,4,"B4.S1xD2",265,281,"settling",1,18
5404,4,"B4.S1xD2",265,281,"settling",1,18
5405,4,"B4.S1xD2",265,281,"settling",1,18
5406,4,"B4.S1xD2",265,281,"settling",1,18
5407,4,"B4.S1xD2",265,281,"settling",0,18
5408,4,"B4.S1xD2",265,281,"settling",0,18
5409,4,"B4.S1xD2",265,281,"settling",0,18
5410,4,"B4.S1xD2",265,281,"settling",0,18
68,4,"B4.S2xD1",266,280,"h.length",199.19,NA
68,4,"B4.S2xD1",266,280,"n.length",465.88,NA
69,4,"B4.S2xD1",266,280,"h.length",212.97,NA
69,4,"B4.S2xD1",266,280,"n.length",465.46,NA
70,4,"B4.S2xD1",266,280,"h.length",205.66,NA
70,4,"B4.S2xD1",266,280,"n.length",452.6,NA
71,4,"B4.S2xD1",266,280,"h.length",206.46,NA
71,4,"B4.S2xD1",266,280,"n.length",447.93,NA
72,4,"B4.S2xD1",266,280,"h.length",183.24,NA
72,4,"B4.S2xD1",266,280,"n.length",417.06,NA
5411,4,"B4.S2xD1",266,280,"settling",1,19
5412,4,"B4.S2xD1",266,280,"settling",1,19
5413,4,"B4.S2xD1",266,280,"settling",1,19
5414,4,"B4.S2xD1",266,280,"settling",1,19
5415,4,"B4.S2xD1",266,280,"settling",1,19
5416,4,"B4.S2xD1",266,280,"settling",1,19
5417,4,"B4.S2xD1",266,280,"settling",1,19
5418,4,"B4.S2xD1",266,280,"settling",1,19
5419,4,"B4.S2xD1",266,280,"settling",1,19
5420,4,"B4.S2xD1",266,280,"settling",1,19
5421,4,"B4.S2xD1",266,280,"settling",1,19
5422,4,"B4.S2xD1",266,280,"settling",1,19
5423,4,"B4.S2xD1",266,280,"settling",1,19
5424,4,"B4.S2xD1",266,280,"settling",1,19
5425,4,"B4.S2xD1",266,280,"settling",0,19
5426,4,"B4.S2xD1",266,280,"settling",0,19
5427,4,"B4.S2xD1",266,280,"settling",0,19
5428,4,"B4.S2xD1",266,280,"settling",0,19
5429,4,"B4.S2xD1",266,280,"settling",0,19
5430,4,"B4.S2xD1",266,280,"settling",0,19
5431,4,"B4.S2xD1",266,280,"settling",1,20
5432,4,"B4.S2xD1",266,280,"settling",1,20
5433,4,"B4.S2xD1",266,280,"settling",1,20
5434,4,"B4.S2xD1",266,280,"settling",1,20
5435,4,"B4.S2xD1",266,280,"settling",1,20
5436,4,"B4.S2xD1",266,280,"settling",1,20
5437,4,"B4.S2xD1",266,280,"settling",1,20
5438,4,"B4.S2xD1",266,280,"settling",1,20
5439,4,"B4.S2xD1",266,280,"settling",1,20
5440,4,"B4.S2xD1",266,280,"settling",1,20
5441,4,"B4.S2xD1",266,280,"settling",1,20
5442,4,"B4.S2xD1",266,280,"settling",1,20
5443,4,"B4.S2xD1",266,280,"settling",1,20
5444,4,"B4.S2xD1",266,280,"settling",0,20
5445,4,"B4.S2xD1",266,280,"settling",0,20
5446,4,"B4.S2xD1",266,280,"settling",0,20
5447,4,"B4.S2xD1",266,280,"settling",0,20
5448,4,"B4.S2xD1",266,280,"settling",0,20
5449,4,"B4.S2xD1",266,280,"settling",1,21
5450,4,"B4.S2xD1",266,280,"settling",1,21
5451,4,"B4.S2xD1",266,280,"settling",1,21
5452,4,"B4.S2xD1",266,280,"settling",1,21
5453,4,"B4.S2xD1",266,280,"settling",1,21
5454,4,"B4.S2xD1",266,280,"settling",1,21
5455,4,"B4.S2xD1",266,280,"settling",1,21
5456,4,"B4.S2xD1",266,280,"settling",1,21
5457,4,"B4.S2xD1",266,280,"settling",1,21
5458,4,"B4.S2xD1",266,280,"settling",1,21
5459,4,"B4.S2xD1",266,280,"settling",1,21
5460,4,"B4.S2xD1",266,280,"settling",1,21
5461,4,"B4.S2xD1",266,280,"settling",1,21
5462,4,"B4.S2xD1",266,280,"settling",1,21
5463,4,"B4.S2xD1",266,280,"settling",1,21
5464,4,"B4.S2xD1",266,280,"settling",0,21
5465,4,"B4.S2xD1",266,280,"settling",0,21
5466,4,"B4.S2xD1",266,280,"settling",0,21
5467,4,"B4.S2xD1",266,280,"settling",0,21
73,4,"B4.S2xD2",266,281,"h.length",226.29,NA
73,4,"B4.S2xD2",266,281,"n.length",459.16,NA
74,4,"B4.S2xD2",266,281,"h.length",217.07,NA
74,4,"B4.S2xD2",266,281,"n.length",464.87,NA
75,4,"B4.S2xD2",266,281,"h.length",191.53,NA
75,4,"B4.S2xD2",266,281,"n.length",446.89,NA
76,4,"B4.S2xD2",266,281,"h.length",225.82,NA
76,4,"B4.S2xD2",266,281,"n.length",469.79,NA
77,4,"B4.S2xD2",266,281,"h.length",212.09,NA
77,4,"B4.S2xD2",266,281,"n.length",463.7,NA
5468,4,"B4.S2xD2",266,281,"settling",1,22
5469,4,"B4.S2xD2",266,281,"settling",1,22
5470,4,"B4.S2xD2",266,281,"settling",1,22
5471,4,"B4.S2xD2",266,281,"settling",1,22
5472,4,"B4.S2xD2",266,281,"settling",1,22
5473,4,"B4.S2xD2",266,281,"settling",1,22
5474,4,"B4.S2xD2",266,281,"settling",1,22
5475,4,"B4.S2xD2",266,281,"settling",1,22
5476,4,"B4.S2xD2",266,281,"settling",1,22
5477,4,"B4.S2xD2",266,281,"settling",1,22
5478,4,"B4.S2xD2",266,281,"settling",1,22
5479,4,"B4.S2xD2",266,281,"settling",1,22
5480,4,"B4.S2xD2",266,281,"settling",1,22
5481,4,"B4.S2xD2",266,281,"settling",0,22
5482,4,"B4.S2xD2",266,281,"settling",0,22
5483,4,"B4.S2xD2",266,281,"settling",0,22
5484,4,"B4.S2xD2",266,281,"settling",0,22
5485,4,"B4.S2xD2",266,281,"settling",1,23
5486,4,"B4.S2xD2",266,281,"settling",1,23
5487,4,"B4.S2xD2",266,281,"settling",1,23
5488,4,"B4.S2xD2",266,281,"settling",1,23
5489,4,"B4.S2xD2",266,281,"settling",1,24
5490,4,"B4.S2xD2",266,281,"settling",1,24
5491,4,"B4.S2xD2",266,281,"settling",1,24
5492,4,"B4.S2xD2",266,281,"settling",1,24
5493,4,"B4.S2xD2",266,281,"settling",1,24
5494,4,"B4.S2xD2",266,281,"settling",1,24
5495,4,"B4.S2xD2",266,281,"settling",1,24
5496,4,"B4.S2xD2",266,281,"settling",1,24
5497,4,"B4.S2xD2",266,281,"settling",0,24
5498,4,"B4.S2xD2",266,281,"settling",0,24
5499,4,"B4.S2xD2",266,281,"settling",0,24
5500,4,"B4.S2xD2",266,281,"settling",0,24
5501,4,"B4.S2xD2",266,281,"settling",0,24
78,5,"B5.S1xD1",267,282,"h.length",223.8,NA
78,5,"B5.S1xD1",267,282,"n.length",458.78,NA
79,5,"B5.S1xD1",267,282,"h.length",215.71,NA
79,5,"B5.S1xD1",267,282,"n.length",448.84,NA
80,5,"B5.S1xD1",267,282,"h.length",221.75,NA
80,5,"B5.S1xD1",267,282,"n.length",447,NA
81,5,"B5.S1xD1",267,282,"h.length",216.66,NA
81,5,"B5.S1xD1",267,282,"n.length",470.17,NA
82,5,"B5.S1xD1",267,282,"h.length",227.66,NA
82,5,"B5.S1xD1",267,282,"n.length",459.64,NA
83,5,"B5.S1xD1",267,282,"h.length",232.48,NA
83,5,"B5.S1xD1",267,282,"n.length",450.36,NA
84,5,"B5.S1xD1",267,282,"h.length",208.64,NA
84,5,"B5.S1xD1",267,282,"n.length",443.49,NA
85,5,"B5.S1xD1",267,282,"h.length",188.29,NA
85,5,"B5.S1xD1",267,282,"n.length",496.16,NA
86,5,"B5.S1xD1",267,282,"h.length",229.47,NA
86,5,"B5.S1xD1",267,282,"n.length",467.35,NA
87,5,"B5.S1xD1",267,282,"h.length",234.11,NA
87,5,"B5.S1xD1",267,282,"n.length",461.89,NA
88,5,"B5.S1xD1",267,282,"h.length",218.72,NA
88,5,"B5.S1xD1",267,282,"n.length",431.96,NA
89,5,"B5.S1xD1",267,282,"h.length",203.01,NA
89,5,"B5.S1xD1",267,282,"n.length",455.22,NA
1265,5,"B5.S1xD1",267,282,"hatching",1,25
1266,5,"B5.S1xD1",267,282,"hatching",1,25
1267,5,"B5.S1xD1",267,282,"hatching",1,25
1268,5,"B5.S1xD1",267,282,"hatching",1,25
1269,5,"B5.S1xD1",267,282,"hatching",1,25
1270,5,"B5.S1xD1",267,282,"hatching",1,25
1271,5,"B5.S1xD1",267,282,"hatching",1,25
1272,5,"B5.S1xD1",267,282,"hatching",1,25
1273,5,"B5.S1xD1",267,282,"hatching",1,25
1274,5,"B5.S1xD1",267,282,"hatching",1,25
1275,5,"B5.S1xD1",267,282,"hatching",1,25
1276,5,"B5.S1xD1",267,282,"hatching",1,25
1277,5,"B5.S1xD1",267,282,"hatching",1,25
1278,5,"B5.S1xD1",267,282,"hatching",1,25
1279,5,"B5.S1xD1",267,282,"hatching",1,25
1280,5,"B5.S1xD1",267,282,"hatching",1,25
1281,5,"B5.S1xD1",267,282,"hatching",1,25
1282,5,"B5.S1xD1",267,282,"hatching",1,25
1283,5,"B5.S1xD1",267,282,"hatching",1,25
1284,5,"B5.S1xD1",267,282,"hatching",0,25
1285,5,"B5.S1xD1",267,282,"hatching",1,26
1286,5,"B5.S1xD1",267,282,"hatching",1,26
1287,5,"B5.S1xD1",267,282,"hatching",1,26
1288,5,"B5.S1xD1",267,282,"hatching",1,26
1289,5,"B5.S1xD1",267,282,"hatching",1,26
1290,5,"B5.S1xD1",267,282,"hatching",1,26
1291,5,"B5.S1xD1",267,282,"hatching",1,26
1292,5,"B5.S1xD1",267,282,"hatching",1,26
1293,5,"B5.S1xD1",267,282,"hatching",1,26
1294,5,"B5.S1xD1",267,282,"hatching",1,26
1295,5,"B5.S1xD1",267,282,"hatching",1,26
1296,5,"B5.S1xD1",267,282,"hatching",1,26
1297,5,"B5.S1xD1",267,282,"hatching",1,26
1298,5,"B5.S1xD1",267,282,"hatching",1,26
1299,5,"B5.S1xD1",267,282,"hatching",1,26
1300,5,"B5.S1xD1",267,282,"hatching",1,26
1301,5,"B5.S1xD1",267,282,"hatching",1,26
1302,5,"B5.S1xD1",267,282,"hatching",1,26
1303,5,"B5.S1xD1",267,282,"hatching",1,26
1304,5,"B5.S1xD1",267,282,"hatching",1,26
1305,5,"B5.S1xD1",267,282,"hatching",0,26
1306,5,"B5.S1xD1",267,282,"hatching",0,26
1307,5,"B5.S1xD1",267,282,"hatching",0,26
1308,5,"B5.S1xD1",267,282,"hatching",0,26
1309,5,"B5.S1xD1",267,282,"hatching",0,26
1310,5,"B5.S1xD1",267,282,"hatching",0,26
1311,5,"B5.S1xD1",267,282,"hatching",0,26
1312,5,"B5.S1xD1",267,282,"hatching",0,26
1313,5,"B5.S1xD1",267,282,"hatching",0,26
1314,5,"B5.S1xD1",267,282,"hatching",0,26
1315,5,"B5.S1xD1",267,282,"hatching",0,26
1316,5,"B5.S1xD1",267,282,"hatching",0,26
1317,5,"B5.S1xD1",267,282,"hatching",0,26
1318,5,"B5.S1xD1",267,282,"hatching",0,26
1319,5,"B5.S1xD1",267,282,"hatching",0,26
1320,5,"B5.S1xD1",267,282,"hatching",0,26
1321,5,"B5.S1xD1",267,282,"hatching",0,26
1322,5,"B5.S1xD1",267,282,"hatching",0,26
1323,5,"B5.S1xD1",267,282,"hatching",0,26
1324,5,"B5.S1xD1",267,282,"hatching",0,26
5502,5,"B5.S1xD1",267,282,"settling",1,27
5503,5,"B5.S1xD1",267,282,"settling",1,27
5504,5,"B5.S1xD1",267,282,"settling",1,27
5505,5,"B5.S1xD1",267,282,"settling",0,27
5506,5,"B5.S1xD1",267,282,"settling",0,27
5507,5,"B5.S1xD1",267,282,"settling",0,27
5508,5,"B5.S1xD1",267,282,"settling",0,27
5509,5,"B5.S1xD1",267,282,"settling",0,27
5510,5,"B5.S1xD1",267,282,"settling",0,27
5511,5,"B5.S1xD1",267,282,"settling",0,27
5512,5,"B5.S1xD1",267,282,"settling",0,27
5513,5,"B5.S1xD1",267,282,"settling",0,27
5514,5,"B5.S1xD1",267,282,"settling",0,27
5515,5,"B5.S1xD1",267,282,"settling",0,27
5516,5,"B5.S1xD1",267,282,"settling",0,27
5517,5,"B5.S1xD1",267,282,"settling",0,27
5518,5,"B5.S1xD1",267,282,"settling",0,27
5519,5,"B5.S1xD1",267,282,"settling",0,27
5520,5,"B5.S1xD1",267,282,"settling",1,28
5521,5,"B5.S1xD1",267,282,"settling",1,28
5522,5,"B5.S1xD1",267,282,"settling",1,28
5523,5,"B5.S1xD1",267,282,"settling",1,28
5524,5,"B5.S1xD1",267,282,"settling",1,28
5525,5,"B5.S1xD1",267,282,"settling",1,28
5526,5,"B5.S1xD1",267,282,"settling",0,28
5527,5,"B5.S1xD1",267,282,"settling",0,28
5528,5,"B5.S1xD1",267,282,"settling",0,28
5529,5,"B5.S1xD1",267,282,"settling",0,28
5530,5,"B5.S1xD1",267,282,"settling",0,28
5531,5,"B5.S1xD1",267,282,"settling",0,28
5532,5,"B5.S1xD1",267,282,"settling",0,28
5533,5,"B5.S1xD1",267,282,"settling",0,28
5534,5,"B5.S1xD1",267,282,"settling",0,28
5535,5,"B5.S1xD1",267,282,"settling",0,28
5536,5,"B5.S1xD1",267,282,"settling",0,28
5537,5,"B5.S1xD1",267,282,"settling",0,28
5538,5,"B5.S1xD1",267,282,"settling",1,29
5539,5,"B5.S1xD1",267,282,"settling",1,29
5540,5,"B5.S1xD1",267,282,"settling",1,29
5541,5,"B5.S1xD1",267,282,"settling",1,29
5542,5,"B5.S1xD1",267,282,"settling",1,29
5543,5,"B5.S1xD1",267,282,"settling",1,29
5544,5,"B5.S1xD1",267,282,"settling",1,29
5545,5,"B5.S1xD1",267,282,"settling",1,29
5546,5,"B5.S1xD1",267,282,"settling",1,29
5547,5,"B5.S1xD1",267,282,"settling",1,29
5548,5,"B5.S1xD1",267,282,"settling",1,29
5549,5,"B5.S1xD1",267,282,"settling",1,29
5550,5,"B5.S1xD1",267,282,"settling",1,29
5551,5,"B5.S1xD1",267,282,"settling",1,29
5552,5,"B5.S1xD1",267,282,"settling",1,29
5553,5,"B5.S1xD1",267,282,"settling",0,29
5554,5,"B5.S1xD1",267,282,"settling",0,29
5555,5,"B5.S1xD1",267,282,"settling",0,29
5556,5,"B5.S1xD1",267,282,"settling",0,29
5557,5,"B5.S1xD1",267,282,"settling",0,29
5558,5,"B5.S1xD1",267,282,"settling",0,29
102,5,"B5.S1xD2",267,283,"h.length",220.18,NA
102,5,"B5.S1xD2",267,283,"n.length",459.85,NA
103,5,"B5.S1xD2",267,283,"h.length",227.37,NA
103,5,"B5.S1xD2",267,283,"n.length",472.37,NA
104,5,"B5.S1xD2",267,283,"h.length",216.51,NA
104,5,"B5.S1xD2",267,283,"n.length",461.64,NA
105,5,"B5.S1xD2",267,283,"h.length",237.24,NA
105,5,"B5.S1xD2",267,283,"n.length",447.62,NA
106,5,"B5.S1xD2",267,283,"h.length",222.92,NA
106,5,"B5.S1xD2",267,283,"n.length",464.54,NA
107,5,"B5.S1xD2",267,283,"h.length",171.71,NA
107,5,"B5.S1xD2",267,283,"n.length",402.05,NA
108,5,"B5.S1xD2",267,283,"h.length",174.65,NA
108,5,"B5.S1xD2",267,283,"n.length",417.3,NA
109,5,"B5.S1xD2",267,283,"h.length",228.96,NA
109,5,"B5.S1xD2",267,283,"n.length",472.94,NA
110,5,"B5.S1xD2",267,283,"h.length",215.58,NA
110,5,"B5.S1xD2",267,283,"n.length",451.51,NA
111,5,"B5.S1xD2",267,283,"h.length",178.42,NA
111,5,"B5.S1xD2",267,283,"n.length",426.01,NA
112,5,"B5.S1xD2",267,283,"h.length",166.57,NA
112,5,"B5.S1xD2",267,283,"n.length",430.81,NA
1365,5,"B5.S1xD2",267,283,"hatching",1,35
1366,5,"B5.S1xD2",267,283,"hatching",1,35
1367,5,"B5.S1xD2",267,283,"hatching",1,35
1368,5,"B5.S1xD2",267,283,"hatching",1,35
1369,5,"B5.S1xD2",267,283,"hatching",1,35
1370,5,"B5.S1xD2",267,283,"hatching",1,35
1371,5,"B5.S1xD2",267,283,"hatching",1,35
1372,5,"B5.S1xD2",267,283,"hatching",1,35
1373,5,"B5.S1xD2",267,283,"hatching",1,35
1374,5,"B5.S1xD2",267,283,"hatching",1,35
1375,5,"B5.S1xD2",267,283,"hatching",1,35
1376,5,"B5.S1xD2",267,283,"hatching",1,35
1377,5,"B5.S1xD2",267,283,"hatching",1,35
1378,5,"B5.S1xD2",267,283,"hatching",1,35
1379,5,"B5.S1xD2",267,283,"hatching",1,35
1380,5,"B5.S1xD2",267,283,"hatching",1,35
1381,5,"B5.S1xD2",267,283,"hatching",1,35
1382,5,"B5.S1xD2",267,283,"hatching",1,35
1383,5,"B5.S1xD2",267,283,"hatching",0,35
1384,5,"B5.S1xD2",267,283,"hatching",0,35
1385,5,"B5.S1xD2",267,283,"hatching",1,36
1386,5,"B5.S1xD2",267,283,"hatching",1,36
1387,5,"B5.S1xD2",267,283,"hatching",1,36
1388,5,"B5.S1xD2",267,283,"hatching",1,36
1389,5,"B5.S1xD2",267,283,"hatching",1,36
1390,5,"B5.S1xD2",267,283,"hatching",1,36
1391,5,"B5.S1xD2",267,283,"hatching",1,36
1392,5,"B5.S1xD2",267,283,"hatching",1,36
1393,5,"B5.S1xD2",267,283,"hatching",1,36
1394,5,"B5.S1xD2",267,283,"hatching",1,36
1395,5,"B5.S1xD2",267,283,"hatching",1,36
1396,5,"B5.S1xD2",267,283,"hatching",1,36
1397,5,"B5.S1xD2",267,283,"hatching",1,36
1398,5,"B5.S1xD2",267,283,"hatching",1,36
1399,5,"B5.S1xD2",267,283,"hatching",1,36
1400,5,"B5.S1xD2",267,283,"hatching",1,36
1401,5,"B5.S1xD2",267,283,"hatching",1,36
1402,5,"B5.S1xD2",267,283,"hatching",1,36
1403,5,"B5.S1xD2",267,283,"hatching",1,36
1404,5,"B5.S1xD2",267,283,"hatching",0,36
5613,5,"B5.S1xD2",267,283,"settling",1,37
5614,5,"B5.S1xD2",267,283,"settling",1,37
5615,5,"B5.S1xD2",267,283,"settling",1,37
5616,5,"B5.S1xD2",267,283,"settling",1,37
5617,5,"B5.S1xD2",267,283,"settling",1,37
5618,5,"B5.S1xD2",267,283,"settling",1,37
5619,5,"B5.S1xD2",267,283,"settling",1,37
5620,5,"B5.S1xD2",267,283,"settling",1,37
5621,5,"B5.S1xD2",267,283,"settling",1,37
5622,5,"B5.S1xD2",267,283,"settling",1,37
5623,5,"B5.S1xD2",267,283,"settling",1,37
5624,5,"B5.S1xD2",267,283,"settling",1,37
5625,5,"B5.S1xD2",267,283,"settling",1,37
5626,5,"B5.S1xD2",267,283,"settling",0,37
5627,5,"B5.S1xD2",267,283,"settling",0,37
5628,5,"B5.S1xD2",267,283,"settling",0,37
5629,5,"B5.S1xD2",267,283,"settling",0,37
5630,5,"B5.S1xD2",267,283,"settling",0,37
5631,5,"B5.S1xD2",267,283,"settling",1,38
5632,5,"B5.S1xD2",267,283,"settling",1,38
5633,5,"B5.S1xD2",267,283,"settling",1,38
5634,5,"B5.S1xD2",267,283,"settling",1,38
5635,5,"B5.S1xD2",267,283,"settling",1,38
5636,5,"B5.S1xD2",267,283,"settling",1,38
5637,5,"B5.S1xD2",267,283,"settling",1,38
5638,5,"B5.S1xD2",267,283,"settling",1,38
5639,5,"B5.S1xD2",267,283,"settling",1,38
5640,5,"B5.S1xD2",267,283,"settling",1,38
5641,5,"B5.S1xD2",267,283,"settling",1,38
5642,5,"B5.S1xD2",267,283,"settling",1,38
5643,5,"B5.S1xD2",267,283,"settling",0,38
5644,5,"B5.S1xD2",267,283,"settling",0,38
5645,5,"B5.S1xD2",267,283,"settling",0,38
5646,5,"B5.S1xD2",267,283,"settling",0,38
5647,5,"B5.S1xD2",267,283,"settling",0,38
5648,5,"B5.S1xD2",267,283,"settling",1,39
5649,5,"B5.S1xD2",267,283,"settling",1,39
5650,5,"B5.S1xD2",267,283,"settling",1,39
5651,5,"B5.S1xD2",267,283,"settling",1,39
5652,5,"B5.S1xD2",267,283,"settling",1,39
5653,5,"B5.S1xD2",267,283,"settling",1,39
5654,5,"B5.S1xD2",267,283,"settling",1,39
5655,5,"B5.S1xD2",267,283,"settling",1,39
5656,5,"B5.S1xD2",267,283,"settling",1,39
5657,5,"B5.S1xD2",267,283,"settling",1,39
5658,5,"B5.S1xD2",267,283,"settling",1,39
5659,5,"B5.S1xD2",267,283,"settling",1,39
5660,5,"B5.S1xD2",267,283,"settling",0,39
5661,5,"B5.S1xD2",267,283,"settling",0,39
5662,5,"B5.S1xD2",267,283,"settling",0,39
5663,5,"B5.S1xD2",267,283,"settling",0,39
5664,5,"B5.S1xD2",267,283,"settling",0,39
5665,5,"B5.S1xD2",267,283,"settling",0,39
5666,5,"B5.S1xD2",267,283,"settling",0,39
90,5,"B5.S2xD1",268,282,"h.length",209.64,NA
90,5,"B5.S2xD1",268,282,"n.length",431.52,NA
91,5,"B5.S2xD1",268,282,"h.length",229.82,NA
91,5,"B5.S2xD1",268,282,"n.length",455.42,NA
92,5,"B5.S2xD1",268,282,"h.length",224.24,NA
92,5,"B5.S2xD1",268,282,"n.length",444.07,NA
93,5,"B5.S2xD1",268,282,"h.length",221.94,NA
93,5,"B5.S2xD1",268,282,"n.length",453.46,NA
94,5,"B5.S2xD1",268,282,"h.length",223.57,NA
94,5,"B5.S2xD1",268,282,"n.length",411.13,NA
95,5,"B5.S2xD1",268,282,"h.length",223.27,NA
95,5,"B5.S2xD1",268,282,"n.length",454.32,NA
96,5,"B5.S2xD1",268,282,"h.length",219.02,NA
96,5,"B5.S2xD1",268,282,"n.length",425.99,NA
97,5,"B5.S2xD1",268,282,"h.length",223.69,NA
97,5,"B5.S2xD1",268,282,"n.length",447.38,NA
98,5,"B5.S2xD1",268,282,"h.length",213.69,NA
98,5,"B5.S2xD1",268,282,"n.length",438.22,NA
99,5,"B5.S2xD1",268,282,"h.length",218.98,NA
99,5,"B5.S2xD1",268,282,"n.length",403.62,NA
100,5,"B5.S2xD1",268,282,"h.length",225.93,NA
100,5,"B5.S2xD1",268,282,"n.length",446.23,NA
101,5,"B5.S2xD1",268,282,"h.length",205.46,NA
101,5,"B5.S2xD1",268,282,"n.length",437.18,NA
1325,5,"B5.S2xD1",268,282,"hatching",1,30
1326,5,"B5.S2xD1",268,282,"hatching",1,30
1327,5,"B5.S2xD1",268,282,"hatching",1,30
1328,5,"B5.S2xD1",268,282,"hatching",1,30
1329,5,"B5.S2xD1",268,282,"hatching",1,30
1330,5,"B5.S2xD1",268,282,"hatching",1,30
1331,5,"B5.S2xD1",268,282,"hatching",1,30
1332,5,"B5.S2xD1",268,282,"hatching",1,30
1333,5,"B5.S2xD1",268,282,"hatching",1,30
1334,5,"B5.S2xD1",268,282,"hatching",1,30
1335,5,"B5.S2xD1",268,282,"hatching",1,30
1336,5,"B5.S2xD1",268,282,"hatching",1,30
1337,5,"B5.S2xD1",268,282,"hatching",1,30
1338,5,"B5.S2xD1",268,282,"hatching",1,30
1339,5,"B5.S2xD1",268,282,"hatching",1,30
1340,5,"B5.S2xD1",268,282,"hatching",1,30
1341,5,"B5.S2xD1",268,282,"hatching",1,30
1342,5,"B5.S2xD1",268,282,"hatching",1,30
1343,5,"B5.S2xD1",268,282,"hatching",1,30
1344,5,"B5.S2xD1",268,282,"hatching",1,30
1345,5,"B5.S2xD1",268,282,"hatching",1,31
1346,5,"B5.S2xD1",268,282,"hatching",1,31
1347,5,"B5.S2xD1",268,282,"hatching",1,31
1348,5,"B5.S2xD1",268,282,"hatching",1,31
1349,5,"B5.S2xD1",268,282,"hatching",1,31
1350,5,"B5.S2xD1",268,282,"hatching",1,31
1351,5,"B5.S2xD1",268,282,"hatching",1,31
1352,5,"B5.S2xD1",268,282,"hatching",1,31
1353,5,"B5.S2xD1",268,282,"hatching",1,31
1354,5,"B5.S2xD1",268,282,"hatching",1,31
1355,5,"B5.S2xD1",268,282,"hatching",1,31
1356,5,"B5.S2xD1",268,282,"hatching",1,31
1357,5,"B5.S2xD1",268,282,"hatching",1,31
1358,5,"B5.S2xD1",268,282,"hatching",1,31
1359,5,"B5.S2xD1",268,282,"hatching",1,31
1360,5,"B5.S2xD1",268,282,"hatching",1,31
1361,5,"B5.S2xD1",268,282,"hatching",1,31
1362,5,"B5.S2xD1",268,282,"hatching",1,31
1363,5,"B5.S2xD1",268,282,"hatching",1,31
1364,5,"B5.S2xD1",268,282,"hatching",1,31
5559,5,"B5.S2xD1",268,282,"settling",1,32
5560,5,"B5.S2xD1",268,282,"settling",1,32
5561,5,"B5.S2xD1",268,282,"settling",1,32
5562,5,"B5.S2xD1",268,282,"settling",1,32
5563,5,"B5.S2xD1",268,282,"settling",1,32
5564,5,"B5.S2xD1",268,282,"settling",1,32
5565,5,"B5.S2xD1",268,282,"settling",1,32
5566,5,"B5.S2xD1",268,282,"settling",1,32
5567,5,"B5.S2xD1",268,282,"settling",1,32
5568,5,"B5.S2xD1",268,282,"settling",1,32
5569,5,"B5.S2xD1",268,282,"settling",1,32
5570,5,"B5.S2xD1",268,282,"settling",1,32
5571,5,"B5.S2xD1",268,282,"settling",0,32
5572,5,"B5.S2xD1",268,282,"settling",0,32
5573,5,"B5.S2xD1",268,282,"settling",0,32
5574,5,"B5.S2xD1",268,282,"settling",0,32
5575,5,"B5.S2xD1",268,282,"settling",1,33
5576,5,"B5.S2xD1",268,282,"settling",1,33
5577,5,"B5.S2xD1",268,282,"settling",1,33
5578,5,"B5.S2xD1",268,282,"settling",1,33
5579,5,"B5.S2xD1",268,282,"settling",1,33
5580,5,"B5.S2xD1",268,282,"settling",1,33
5581,5,"B5.S2xD1",268,282,"settling",1,33
5582,5,"B5.S2xD1",268,282,"settling",1,33
5583,5,"B5.S2xD1",268,282,"settling",1,33
5584,5,"B5.S2xD1",268,282,"settling",1,33
5585,5,"B5.S2xD1",268,282,"settling",1,33
5586,5,"B5.S2xD1",268,282,"settling",1,33
5587,5,"B5.S2xD1",268,282,"settling",1,33
5588,5,"B5.S2xD1",268,282,"settling",1,33
5589,5,"B5.S2xD1",268,282,"settling",1,33
5590,5,"B5.S2xD1",268,282,"settling",0,33
5591,5,"B5.S2xD1",268,282,"settling",0,33
5592,5,"B5.S2xD1",268,282,"settling",0,33
5593,5,"B5.S2xD1",268,282,"settling",1,34
5594,5,"B5.S2xD1",268,282,"settling",1,34
5595,5,"B5.S2xD1",268,282,"settling",1,34
5596,5,"B5.S2xD1",268,282,"settling",1,34
5597,5,"B5.S2xD1",268,282,"settling",1,34
5598,5,"B5.S2xD1",268,282,"settling",1,34
5599,5,"B5.S2xD1",268,282,"settling",1,34
5600,5,"B5.S2xD1",268,282,"settling",1,34
5601,5,"B5.S2xD1",268,282,"settling",1,34
5602,5,"B5.S2xD1",268,282,"settling",1,34
5603,5,"B5.S2xD1",268,282,"settling",1,34
5604,5,"B5.S2xD1",268,282,"settling",1,34
5605,5,"B5.S2xD1",268,282,"settling",1,34
5606,5,"B5.S2xD1",268,282,"settling",1,34
5607,5,"B5.S2xD1",268,282,"settling",1,34
5608,5,"B5.S2xD1",268,282,"settling",0,34
5609,5,"B5.S2xD1",268,282,"settling",0,34
5610,5,"B5.S2xD1",268,282,"settling",0,34
5611,5,"B5.S2xD1",268,282,"settling",0,34
5612,5,"B5.S2xD1",268,282,"settling",0,34
113,5,"B5.S2xD2",268,283,"h.length",220.1,NA
113,5,"B5.S2xD2",268,283,"n.length",474.01,NA
114,5,"B5.S2xD2",268,283,"h.length",221.02,NA
114,5,"B5.S2xD2",268,283,"n.length",452.26,NA
115,5,"B5.S2xD2",268,283,"h.length",223.38,NA
115,5,"B5.S2xD2",268,283,"n.length",449.55,NA
116,5,"B5.S2xD2",268,283,"h.length",233.3,NA
116,5,"B5.S2xD2",268,283,"n.length",465.93,NA
117,5,"B5.S2xD2",268,283,"h.length",225.9,NA
117,5,"B5.S2xD2",268,283,"n.length",456.27,NA
118,5,"B5.S2xD2",268,283,"h.length",217.08,NA
118,5,"B5.S2xD2",268,283,"n.length",454.67,NA
119,5,"B5.S2xD2",268,283,"h.length",228.24,NA
119,5,"B5.S2xD2",268,283,"n.length",470.08,NA
120,5,"B5.S2xD2",268,283,"h.length",236.28,NA
120,5,"B5.S2xD2",268,283,"n.length",465.29,NA
121,5,"B5.S2xD2",268,283,"h.length",238.92,NA
121,5,"B5.S2xD2",268,283,"n.length",457.7,NA
122,5,"B5.S2xD2",268,283,"h.length",234.02,NA
122,5,"B5.S2xD2",268,283,"n.length",465.44,NA
123,5,"B5.S2xD2",268,283,"h.length",236.9,NA
123,5,"B5.S2xD2",268,283,"n.length",478.78,NA
124,5,"B5.S2xD2",268,283,"h.length",211.19,NA
124,5,"B5.S2xD2",268,283,"n.length",456.64,NA
125,5,"B5.S2xD2",268,283,"h.length",221.78,NA
125,5,"B5.S2xD2",268,283,"n.length",464.99,NA
1405,5,"B5.S2xD2",268,283,"hatching",1,40
1406,5,"B5.S2xD2",268,283,"hatching",1,40
1407,5,"B5.S2xD2",268,283,"hatching",1,40
1408,5,"B5.S2xD2",268,283,"hatching",1,40
1409,5,"B5.S2xD2",268,283,"hatching",1,40
1410,5,"B5.S2xD2",268,283,"hatching",1,40
1411,5,"B5.S2xD2",268,283,"hatching",1,40
1412,5,"B5.S2xD2",268,283,"hatching",1,40
1413,5,"B5.S2xD2",268,283,"hatching",1,40
1414,5,"B5.S2xD2",268,283,"hatching",1,40
1415,5,"B5.S2xD2",268,283,"hatching",1,40
1416,5,"B5.S2xD2",268,283,"hatching",1,40
1417,5,"B5.S2xD2",268,283,"hatching",1,40
1418,5,"B5.S2xD2",268,283,"hatching",1,40
1419,5,"B5.S2xD2",268,283,"hatching",1,40
1420,5,"B5.S2xD2",268,283,"hatching",1,40
1421,5,"B5.S2xD2",268,283,"hatching",1,40
1422,5,"B5.S2xD2",268,283,"hatching",0,40
1423,5,"B5.S2xD2",268,283,"hatching",0,40
1424,5,"B5.S2xD2",268,283,"hatching",0,40
1425,5,"B5.S2xD2",268,283,"hatching",1,41
1426,5,"B5.S2xD2",268,283,"hatching",1,41
1427,5,"B5.S2xD2",268,283,"hatching",1,41
1428,5,"B5.S2xD2",268,283,"hatching",1,41
1429,5,"B5.S2xD2",268,283,"hatching",1,41
1430,5,"B5.S2xD2",268,283,"hatching",1,41
1431,5,"B5.S2xD2",268,283,"hatching",1,41
1432,5,"B5.S2xD2",268,283,"hatching",1,41
1433,5,"B5.S2xD2",268,283,"hatching",1,41
1434,5,"B5.S2xD2",268,283,"hatching",1,41
1435,5,"B5.S2xD2",268,283,"hatching",1,41
1436,5,"B5.S2xD2",268,283,"hatching",1,41
1437,5,"B5.S2xD2",268,283,"hatching",1,41
1438,5,"B5.S2xD2",268,283,"hatching",1,41
1439,5,"B5.S2xD2",268,283,"hatching",1,41
1440,5,"B5.S2xD2",268,283,"hatching",1,41
1441,5,"B5.S2xD2",268,283,"hatching",1,41
1442,5,"B5.S2xD2",268,283,"hatching",1,41
1443,5,"B5.S2xD2",268,283,"hatching",1,41
1444,5,"B5.S2xD2",268,283,"hatching",0,41
5667,5,"B5.S2xD2",268,283,"settling",1,42
5668,5,"B5.S2xD2",268,283,"settling",1,42
5669,5,"B5.S2xD2",268,283,"settling",1,42
5670,5,"B5.S2xD2",268,283,"settling",1,42
5671,5,"B5.S2xD2",268,283,"settling",1,42
5672,5,"B5.S2xD2",268,283,"settling",1,42
5673,5,"B5.S2xD2",268,283,"settling",1,42
5674,5,"B5.S2xD2",268,283,"settling",1,42
5675,5,"B5.S2xD2",268,283,"settling",1,42
5676,5,"B5.S2xD2",268,283,"settling",1,42
5677,5,"B5.S2xD2",268,283,"settling",1,42
5678,5,"B5.S2xD2",268,283,"settling",0,42
5679,5,"B5.S2xD2",268,283,"settling",0,42
5680,5,"B5.S2xD2",268,283,"settling",0,42
5681,5,"B5.S2xD2",268,283,"settling",0,42
5682,5,"B5.S2xD2",268,283,"settling",0,42
5683,5,"B5.S2xD2",268,283,"settling",0,42
5684,5,"B5.S2xD2",268,283,"settling",1,43
5685,5,"B5.S2xD2",268,283,"settling",1,43
5686,5,"B5.S2xD2",268,283,"settling",1,43
5687,5,"B5.S2xD2",268,283,"settling",1,43
5688,5,"B5.S2xD2",268,283,"settling",1,43
5689,5,"B5.S2xD2",268,283,"settling",1,43
5690,5,"B5.S2xD2",268,283,"settling",1,43
5691,5,"B5.S2xD2",268,283,"settling",1,43
5692,5,"B5.S2xD2",268,283,"settling",1,43
5693,5,"B5.S2xD2",268,283,"settling",1,43
5694,5,"B5.S2xD2",268,283,"settling",1,43
5695,5,"B5.S2xD2",268,283,"settling",0,43
5696,5,"B5.S2xD2",268,283,"settling",0,43
5697,5,"B5.S2xD2",268,283,"settling",0,43
5698,5,"B5.S2xD2",268,283,"settling",0,43
5699,5,"B5.S2xD2",268,283,"settling",0,43
5700,5,"B5.S2xD2",268,283,"settling",0,43
5701,5,"B5.S2xD2",268,283,"settling",0,43
5702,5,"B5.S2xD2",268,283,"settling",0,43
5703,5,"B5.S2xD2",268,283,"settling",1,44
5704,5,"B5.S2xD2",268,283,"settling",1,44
5705,5,"B5.S2xD2",268,283,"settling",1,44
5706,5,"B5.S2xD2",268,283,"settling",1,44
5707,5,"B5.S2xD2",268,283,"settling",1,44
5708,5,"B5.S2xD2",268,283,"settling",1,44
5709,5,"B5.S2xD2",268,283,"settling",1,44
5710,5,"B5.S2xD2",268,283,"settling",1,44
5711,5,"B5.S2xD2",268,283,"settling",1,44
5712,5,"B5.S2xD2",268,283,"settling",1,44
5713,5,"B5.S2xD2",268,283,"settling",1,44
5714,5,"B5.S2xD2",268,283,"settling",1,44
5715,5,"B5.S2xD2",268,283,"settling",1,44
5716,5,"B5.S2xD2",268,283,"settling",0,44
5717,5,"B5.S2xD2",268,283,"settling",0,44
5718,5,"B5.S2xD2",268,283,"settling",0,44
5719,5,"B5.S2xD2",268,283,"settling",0,44
5720,5,"B5.S2xD2",268,283,"settling",0,44
151,7,"B7.S1xD1",271,285,"h.length",214.64,NA
151,7,"B7.S1xD1",271,285,"n.length",448.68,NA
152,7,"B7.S1xD1",271,285,"h.length",204.78,NA
152,7,"B7.S1xD1",271,285,"n.length",439.83,NA
153,7,"B7.S1xD1",271,285,"h.length",210.49,NA
153,7,"B7.S1xD1",271,285,"n.length",443.86,NA
154,7,"B7.S1xD1",271,285,"h.length",201.15,NA
154,7,"B7.S1xD1",271,285,"n.length",452.27,NA
155,7,"B7.S1xD1",271,285,"h.length",210.59,NA
155,7,"B7.S1xD1",271,285,"n.length",446.1,NA
156,7,"B7.S1xD1",271,285,"h.length",200.77,NA
156,7,"B7.S1xD1",271,285,"n.length",419.51,NA
157,7,"B7.S1xD1",271,285,"h.length",202.72,NA
157,7,"B7.S1xD1",271,285,"n.length",447.95,NA
158,7,"B7.S1xD1",271,285,"h.length",208.61,NA
158,7,"B7.S1xD1",271,285,"n.length",442.35,NA
159,7,"B7.S1xD1",271,285,"h.length",200.66,NA
159,7,"B7.S1xD1",271,285,"n.length",431.39,NA
160,7,"B7.S1xD1",271,285,"h.length",212.73,NA
160,7,"B7.S1xD1",271,285,"n.length",441.17,NA
161,7,"B7.S1xD1",271,285,"h.length",197.17,NA
161,7,"B7.S1xD1",271,285,"n.length",445.26,NA
162,7,"B7.S1xD1",271,285,"h.length",190.76,NA
162,7,"B7.S1xD1",271,285,"n.length",453.2,NA
1508,7,"B7.S1xD1",271,285,"hatching",1,55
1509,7,"B7.S1xD1",271,285,"hatching",1,55
1510,7,"B7.S1xD1",271,285,"hatching",1,55
1511,7,"B7.S1xD1",271,285,"hatching",1,55
1512,7,"B7.S1xD1",271,285,"hatching",1,55
1513,7,"B7.S1xD1",271,285,"hatching",1,55
1514,7,"B7.S1xD1",271,285,"hatching",1,55
1515,7,"B7.S1xD1",271,285,"hatching",1,55
1516,7,"B7.S1xD1",271,285,"hatching",1,55
1517,7,"B7.S1xD1",271,285,"hatching",1,55
1518,7,"B7.S1xD1",271,285,"hatching",1,55
1519,7,"B7.S1xD1",271,285,"hatching",1,55
1520,7,"B7.S1xD1",271,285,"hatching",1,55
1521,7,"B7.S1xD1",271,285,"hatching",1,55
1522,7,"B7.S1xD1",271,285,"hatching",1,55
1523,7,"B7.S1xD1",271,285,"hatching",1,55
1524,7,"B7.S1xD1",271,285,"hatching",1,55
1525,7,"B7.S1xD1",271,285,"hatching",1,55
1526,7,"B7.S1xD1",271,285,"hatching",1,55
1527,7,"B7.S1xD1",271,285,"hatching",1,55
1528,7,"B7.S1xD1",271,285,"hatching",1,56
1529,7,"B7.S1xD1",271,285,"hatching",1,56
1530,7,"B7.S1xD1",271,285,"hatching",1,56
1531,7,"B7.S1xD1",271,285,"hatching",1,56
1532,7,"B7.S1xD1",271,285,"hatching",1,56
1533,7,"B7.S1xD1",271,285,"hatching",1,56
1534,7,"B7.S1xD1",271,285,"hatching",1,56
1535,7,"B7.S1xD1",271,285,"hatching",1,56
1536,7,"B7.S1xD1",271,285,"hatching",1,56
1537,7,"B7.S1xD1",271,285,"hatching",1,56
1538,7,"B7.S1xD1",271,285,"hatching",1,56
1539,7,"B7.S1xD1",271,285,"hatching",1,56
1540,7,"B7.S1xD1",271,285,"hatching",1,56
1541,7,"B7.S1xD1",271,285,"hatching",1,56
1542,7,"B7.S1xD1",271,285,"hatching",1,56
1543,7,"B7.S1xD1",271,285,"hatching",1,56
1544,7,"B7.S1xD1",271,285,"hatching",1,56
1545,7,"B7.S1xD1",271,285,"hatching",1,56
1546,7,"B7.S1xD1",271,285,"hatching",0,56
1547,7,"B7.S1xD1",271,285,"hatching",0,56
1548,7,"B7.S1xD1",271,285,"hatching",1,57
1549,7,"B7.S1xD1",271,285,"hatching",1,57
1550,7,"B7.S1xD1",271,285,"hatching",1,57
1551,7,"B7.S1xD1",271,285,"hatching",1,57
1552,7,"B7.S1xD1",271,285,"hatching",1,57
1553,7,"B7.S1xD1",271,285,"hatching",1,57
1554,7,"B7.S1xD1",271,285,"hatching",1,57
1555,7,"B7.S1xD1",271,285,"hatching",1,57
1556,7,"B7.S1xD1",271,285,"hatching",1,57
1557,7,"B7.S1xD1",271,285,"hatching",1,57
1558,7,"B7.S1xD1",271,285,"hatching",1,57
1559,7,"B7.S1xD1",271,285,"hatching",1,57
1560,7,"B7.S1xD1",271,285,"hatching",1,57
1561,7,"B7.S1xD1",271,285,"hatching",1,57
1562,7,"B7.S1xD1",271,285,"hatching",1,57
1563,7,"B7.S1xD1",271,285,"hatching",1,57
1564,7,"B7.S1xD1",271,285,"hatching",1,57
1565,7,"B7.S1xD1",271,285,"hatching",1,57
1566,7,"B7.S1xD1",271,285,"hatching",1,57
1567,7,"B7.S1xD1",271,285,"hatching",0,57
5830,7,"B7.S1xD1",271,285,"settling",1,58
5831,7,"B7.S1xD1",271,285,"settling",1,58
5832,7,"B7.S1xD1",271,285,"settling",1,58
5833,7,"B7.S1xD1",271,285,"settling",1,58
5834,7,"B7.S1xD1",271,285,"settling",1,58
5835,7,"B7.S1xD1",271,285,"settling",1,58
5836,7,"B7.S1xD1",271,285,"settling",1,58
5837,7,"B7.S1xD1",271,285,"settling",1,58
5838,7,"B7.S1xD1",271,285,"settling",1,58
5839,7,"B7.S1xD1",271,285,"settling",1,58
5840,7,"B7.S1xD1",271,285,"settling",1,58
5841,7,"B7.S1xD1",271,285,"settling",1,58
5842,7,"B7.S1xD1",271,285,"settling",1,58
5843,7,"B7.S1xD1",271,285,"settling",1,58
5844,7,"B7.S1xD1",271,285,"settling",1,58
5845,7,"B7.S1xD1",271,285,"settling",1,58
5846,7,"B7.S1xD1",271,285,"settling",0,58
5847,7,"B7.S1xD1",271,285,"settling",0,58
5848,7,"B7.S1xD1",271,285,"settling",0,58
5849,7,"B7.S1xD1",271,285,"settling",1,59
5850,7,"B7.S1xD1",271,285,"settling",1,59
5851,7,"B7.S1xD1",271,285,"settling",1,59
5852,7,"B7.S1xD1",271,285,"settling",1,59
5853,7,"B7.S1xD1",271,285,"settling",1,59
5854,7,"B7.S1xD1",271,285,"settling",1,59
5855,7,"B7.S1xD1",271,285,"settling",1,59
5856,7,"B7.S1xD1",271,285,"settling",1,59
5857,7,"B7.S1xD1",271,285,"settling",1,59
5858,7,"B7.S1xD1",271,285,"settling",1,59
5859,7,"B7.S1xD1",271,285,"settling",1,59
5860,7,"B7.S1xD1",271,285,"settling",1,59
5861,7,"B7.S1xD1",271,285,"settling",1,59
5862,7,"B7.S1xD1",271,285,"settling",1,59
5863,7,"B7.S1xD1",271,285,"settling",1,59
5864,7,"B7.S1xD1",271,285,"settling",1,59
5865,7,"B7.S1xD1",271,285,"settling",1,59
5866,7,"B7.S1xD1",271,285,"settling",1,59
5867,7,"B7.S1xD1",271,285,"settling",1,59
5868,7,"B7.S1xD1",271,285,"settling",0,59
5869,7,"B7.S1xD1",271,285,"settling",0,59
5870,7,"B7.S1xD1",271,285,"settling",1,60
5871,7,"B7.S1xD1",271,285,"settling",1,60
5872,7,"B7.S1xD1",271,285,"settling",1,60
5873,7,"B7.S1xD1",271,285,"settling",1,60
5874,7,"B7.S1xD1",271,285,"settling",1,60
5875,7,"B7.S1xD1",271,285,"settling",1,60
5876,7,"B7.S1xD1",271,285,"settling",1,60
5877,7,"B7.S1xD1",271,285,"settling",1,60
5878,7,"B7.S1xD1",271,285,"settling",1,60
5879,7,"B7.S1xD1",271,285,"settling",1,60
5880,7,"B7.S1xD1",271,285,"settling",1,60
5881,7,"B7.S1xD1",271,285,"settling",1,60
5882,7,"B7.S1xD1",271,285,"settling",0,60
5883,7,"B7.S1xD1",271,285,"settling",0,60
5884,7,"B7.S1xD1",271,285,"settling",0,60
5885,7,"B7.S1xD1",271,285,"settling",0,60
5886,7,"B7.S1xD1",271,285,"settling",0,60
5887,7,"B7.S1xD1",271,285,"settling",0,60
163,7,"B7.S1xD2",271,286,"h.length",199.54,NA
163,7,"B7.S1xD2",271,286,"n.length",457.66,NA
164,7,"B7.S1xD2",271,286,"h.length",210.62,NA
164,7,"B7.S1xD2",271,286,"n.length",460.67,NA
165,7,"B7.S1xD2",271,286,"h.length",198.15,NA
165,7,"B7.S1xD2",271,286,"n.length",453.53,NA
166,7,"B7.S1xD2",271,286,"h.length",214.45,NA
166,7,"B7.S1xD2",271,286,"n.length",438.66,NA
167,7,"B7.S1xD2",271,286,"h.length",203.6,NA
167,7,"B7.S1xD2",271,286,"n.length",455.04,NA
168,7,"B7.S1xD2",271,286,"h.length",200.26,NA
168,7,"B7.S1xD2",271,286,"n.length",437.18,NA
169,7,"B7.S1xD2",271,286,"h.length",213.87,NA
169,7,"B7.S1xD2",271,286,"n.length",438.99,NA
170,7,"B7.S1xD2",271,286,"h.length",211.08,NA
170,7,"B7.S1xD2",271,286,"n.length",448.81,NA
171,7,"B7.S1xD2",271,286,"h.length",202.87,NA
171,7,"B7.S1xD2",271,286,"n.length",462.29,NA
172,7,"B7.S1xD2",271,286,"h.length",206.62,NA
172,7,"B7.S1xD2",271,286,"n.length",458.06,NA
173,7,"B7.S1xD2",271,286,"h.length",192.33,NA
173,7,"B7.S1xD2",271,286,"n.length",465.28,NA
174,7,"B7.S1xD2",271,286,"h.length",206.36,NA
174,7,"B7.S1xD2",271,286,"n.length",451.58,NA
1568,7,"B7.S1xD2",271,286,"hatching",1,61
1569,7,"B7.S1xD2",271,286,"hatching",1,61
1570,7,"B7.S1xD2",271,286,"hatching",1,61
1571,7,"B7.S1xD2",271,286,"hatching",1,61
1572,7,"B7.S1xD2",271,286,"hatching",1,61
1573,7,"B7.S1xD2",271,286,"hatching",1,61
1574,7,"B7.S1xD2",271,286,"hatching",1,61
1575,7,"B7.S1xD2",271,286,"hatching",1,61
1576,7,"B7.S1xD2",271,286,"hatching",1,61
1577,7,"B7.S1xD2",271,286,"hatching",1,61
1578,7,"B7.S1xD2",271,286,"hatching",1,61
1579,7,"B7.S1xD2",271,286,"hatching",1,61
1580,7,"B7.S1xD2",271,286,"hatching",1,61
1581,7,"B7.S1xD2",271,286,"hatching",1,61
1582,7,"B7.S1xD2",271,286,"hatching",1,61
1583,7,"B7.S1xD2",271,286,"hatching",1,61
1584,7,"B7.S1xD2",271,286,"hatching",1,61
1585,7,"B7.S1xD2",271,286,"hatching",1,61
1586,7,"B7.S1xD2",271,286,"hatching",1,61
1587,7,"B7.S1xD2",271,286,"hatching",0,61
1588,7,"B7.S1xD2",271,286,"hatching",1,62
1589,7,"B7.S1xD2",271,286,"hatching",1,62
1590,7,"B7.S1xD2",271,286,"hatching",1,62
1591,7,"B7.S1xD2",271,286,"hatching",1,62
1592,7,"B7.S1xD2",271,286,"hatching",1,62
1593,7,"B7.S1xD2",271,286,"hatching",1,62
1594,7,"B7.S1xD2",271,286,"hatching",1,62
1595,7,"B7.S1xD2",271,286,"hatching",1,62
1596,7,"B7.S1xD2",271,286,"hatching",1,62
1597,7,"B7.S1xD2",271,286,"hatching",1,62
1598,7,"B7.S1xD2",271,286,"hatching",1,62
1599,7,"B7.S1xD2",271,286,"hatching",1,62
1600,7,"B7.S1xD2",271,286,"hatching",1,62
1601,7,"B7.S1xD2",271,286,"hatching",1,62
1602,7,"B7.S1xD2",271,286,"hatching",1,62
1603,7,"B7.S1xD2",271,286,"hatching",1,62
1604,7,"B7.S1xD2",271,286,"hatching",1,62
1605,7,"B7.S1xD2",271,286,"hatching",1,62
1606,7,"B7.S1xD2",271,286,"hatching",1,62
1607,7,"B7.S1xD2",271,286,"hatching",1,62
1608,7,"B7.S1xD2",271,286,"hatching",1,63
1609,7,"B7.S1xD2",271,286,"hatching",1,63
1610,7,"B7.S1xD2",271,286,"hatching",1,63
1611,7,"B7.S1xD2",271,286,"hatching",1,63
1612,7,"B7.S1xD2",271,286,"hatching",1,63
1613,7,"B7.S1xD2",271,286,"hatching",1,63
1614,7,"B7.S1xD2",271,286,"hatching",1,63
1615,7,"B7.S1xD2",271,286,"hatching",0,63
1616,7,"B7.S1xD2",271,286,"hatching",0,63
1617,7,"B7.S1xD2",271,286,"hatching",0,63
5888,7,"B7.S1xD2",271,286,"settling",1,64
5889,7,"B7.S1xD2",271,286,"settling",1,64
5890,7,"B7.S1xD2",271,286,"settling",1,64
5891,7,"B7.S1xD2",271,286,"settling",1,64
5892,7,"B7.S1xD2",271,286,"settling",1,64
5893,7,"B7.S1xD2",271,286,"settling",1,64
5894,7,"B7.S1xD2",271,286,"settling",1,64
5895,7,"B7.S1xD2",271,286,"settling",1,64
5896,7,"B7.S1xD2",271,286,"settling",1,64
5897,7,"B7.S1xD2",271,286,"settling",1,64
5898,7,"B7.S1xD2",271,286,"settling",1,64
5899,7,"B7.S1xD2",271,286,"settling",0,64
5900,7,"B7.S1xD2",271,286,"settling",0,64
5901,7,"B7.S1xD2",271,286,"settling",0,64
5902,7,"B7.S1xD2",271,286,"settling",0,64
5903,7,"B7.S1xD2",271,286,"settling",1,65
5904,7,"B7.S1xD2",271,286,"settling",1,65
5905,7,"B7.S1xD2",271,286,"settling",1,65
5906,7,"B7.S1xD2",271,286,"settling",1,65
5907,7,"B7.S1xD2",271,286,"settling",1,65
5908,7,"B7.S1xD2",271,286,"settling",1,65
5909,7,"B7.S1xD2",271,286,"settling",1,65
5910,7,"B7.S1xD2",271,286,"settling",1,65
5911,7,"B7.S1xD2",271,286,"settling",1,65
5912,7,"B7.S1xD2",271,286,"settling",1,65
5913,7,"B7.S1xD2",271,286,"settling",1,65
5914,7,"B7.S1xD2",271,286,"settling",1,65
5915,7,"B7.S1xD2",271,286,"settling",1,65
5916,7,"B7.S1xD2",271,286,"settling",0,65
5917,7,"B7.S1xD2",271,286,"settling",0,65
5918,7,"B7.S1xD2",271,286,"settling",0,65
5919,7,"B7.S1xD2",271,286,"settling",0,65
5920,7,"B7.S1xD2",271,286,"settling",0,65
5921,7,"B7.S1xD2",271,286,"settling",0,65
5922,7,"B7.S1xD2",271,286,"settling",1,66
5923,7,"B7.S1xD2",271,286,"settling",1,66
5924,7,"B7.S1xD2",271,286,"settling",1,66
5925,7,"B7.S1xD2",271,286,"settling",1,66
5926,7,"B7.S1xD2",271,286,"settling",1,66
5927,7,"B7.S1xD2",271,286,"settling",1,66
5928,7,"B7.S1xD2",271,286,"settling",1,66
5929,7,"B7.S1xD2",271,286,"settling",1,66
5930,7,"B7.S1xD2",271,286,"settling",1,66
5931,7,"B7.S1xD2",271,286,"settling",1,66
5932,7,"B7.S1xD2",271,286,"settling",1,66
5933,7,"B7.S1xD2",271,286,"settling",1,66
5934,7,"B7.S1xD2",271,286,"settling",0,66
5935,7,"B7.S1xD2",271,286,"settling",0,66
5936,7,"B7.S1xD2",271,286,"settling",0,66
5937,7,"B7.S1xD2",271,286,"settling",0,66
5938,7,"B7.S1xD2",271,286,"settling",0,66
5939,7,"B7.S1xD2",271,286,"settling",0,66
175,7,"B7.S1xD3",271,287,"h.length",204.35,NA
175,7,"B7.S1xD3",271,287,"n.length",452.52,NA
176,7,"B7.S1xD3",271,287,"h.length",215.58,NA
176,7,"B7.S1xD3",271,287,"n.length",446.35,NA
177,7,"B7.S1xD3",271,287,"h.length",194.06,NA
177,7,"B7.S1xD3",271,287,"n.length",458.46,NA
178,7,"B7.S1xD3",271,287,"h.length",199.23,NA
178,7,"B7.S1xD3",271,287,"n.length",441.98,NA
179,7,"B7.S1xD3",271,287,"h.length",208.62,NA
179,7,"B7.S1xD3",271,287,"n.length",435.9,NA
180,7,"B7.S1xD3",271,287,"h.length",187.8,NA
180,7,"B7.S1xD3",271,287,"n.length",451,NA
181,7,"B7.S1xD3",271,287,"h.length",196.44,NA
181,7,"B7.S1xD3",271,287,"n.length",449.47,NA
182,7,"B7.S1xD3",271,287,"h.length",208.13,NA
182,7,"B7.S1xD3",271,287,"n.length",354.51,NA
183,7,"B7.S1xD3",271,287,"h.length",199.35,NA
183,7,"B7.S1xD3",271,287,"n.length",445.38,NA
184,7,"B7.S1xD3",271,287,"h.length",205.62,NA
184,7,"B7.S1xD3",271,287,"n.length",456.56,NA
185,7,"B7.S1xD3",271,287,"h.length",193.59,NA
185,7,"B7.S1xD3",271,287,"n.length",440.04,NA
186,7,"B7.S1xD3",271,287,"h.length",195.5,NA
186,7,"B7.S1xD3",271,287,"n.length",447.08,NA
1618,7,"B7.S1xD3",271,287,"hatching",1,67
1619,7,"B7.S1xD3",271,287,"hatching",1,67
1620,7,"B7.S1xD3",271,287,"hatching",1,67
1621,7,"B7.S1xD3",271,287,"hatching",1,67
1622,7,"B7.S1xD3",271,287,"hatching",1,67
1623,7,"B7.S1xD3",271,287,"hatching",1,67
1624,7,"B7.S1xD3",271,287,"hatching",1,67
1625,7,"B7.S1xD3",271,287,"hatching",1,67
1626,7,"B7.S1xD3",271,287,"hatching",1,67
1627,7,"B7.S1xD3",271,287,"hatching",1,67
1628,7,"B7.S1xD3",271,287,"hatching",1,67
1629,7,"B7.S1xD3",271,287,"hatching",1,67
1630,7,"B7.S1xD3",271,287,"hatching",1,67
1631,7,"B7.S1xD3",271,287,"hatching",1,67
1632,7,"B7.S1xD3",271,287,"hatching",1,67
1633,7,"B7.S1xD3",271,287,"hatching",1,67
1634,7,"B7.S1xD3",271,287,"hatching",0,67
1635,7,"B7.S1xD3",271,287,"hatching",0,67
1636,7,"B7.S1xD3",271,287,"hatching",0,67
1637,7,"B7.S1xD3",271,287,"hatching",0,67
1638,7,"B7.S1xD3",271,287,"hatching",1,68
1639,7,"B7.S1xD3",271,287,"hatching",1,68
1640,7,"B7.S1xD3",271,287,"hatching",1,68
1641,7,"B7.S1xD3",271,287,"hatching",1,68
1642,7,"B7.S1xD3",271,287,"hatching",1,68
1643,7,"B7.S1xD3",271,287,"hatching",1,68
1644,7,"B7.S1xD3",271,287,"hatching",1,68
1645,7,"B7.S1xD3",271,287,"hatching",1,68
1646,7,"B7.S1xD3",271,287,"hatching",1,68
1647,7,"B7.S1xD3",271,287,"hatching",1,68
1648,7,"B7.S1xD3",271,287,"hatching",1,68
1649,7,"B7.S1xD3",271,287,"hatching",1,68
1650,7,"B7.S1xD3",271,287,"hatching",1,68
1651,7,"B7.S1xD3",271,287,"hatching",1,68
1652,7,"B7.S1xD3",271,287,"hatching",1,68
1653,7,"B7.S1xD3",271,287,"hatching",1,68
1654,7,"B7.S1xD3",271,287,"hatching",1,68
1655,7,"B7.S1xD3",271,287,"hatching",0,68
1656,7,"B7.S1xD3",271,287,"hatching",0,68
1657,7,"B7.S1xD3",271,287,"hatching",0,68
1658,7,"B7.S1xD3",271,287,"hatching",1,69
1659,7,"B7.S1xD3",271,287,"hatching",1,69
1660,7,"B7.S1xD3",271,287,"hatching",1,69
1661,7,"B7.S1xD3",271,287,"hatching",1,69
1662,7,"B7.S1xD3",271,287,"hatching",1,69
1663,7,"B7.S1xD3",271,287,"hatching",1,69
1664,7,"B7.S1xD3",271,287,"hatching",1,69
1665,7,"B7.S1xD3",271,287,"hatching",1,69
1666,7,"B7.S1xD3",271,287,"hatching",1,69
1667,7,"B7.S1xD3",271,287,"hatching",1,69
1668,7,"B7.S1xD3",271,287,"hatching",1,69
1669,7,"B7.S1xD3",271,287,"hatching",1,69
1670,7,"B7.S1xD3",271,287,"hatching",1,69
1671,7,"B7.S1xD3",271,287,"hatching",1,69
1672,7,"B7.S1xD3",271,287,"hatching",1,69
1673,7,"B7.S1xD3",271,287,"hatching",1,69
1674,7,"B7.S1xD3",271,287,"hatching",1,69
1675,7,"B7.S1xD3",271,287,"hatching",1,69
1676,7,"B7.S1xD3",271,287,"hatching",1,69
1677,7,"B7.S1xD3",271,287,"hatching",0,69
5940,7,"B7.S1xD3",271,287,"settling",1,70
5941,7,"B7.S1xD3",271,287,"settling",1,70
5942,7,"B7.S1xD3",271,287,"settling",1,70
5943,7,"B7.S1xD3",271,287,"settling",1,70
5944,7,"B7.S1xD3",271,287,"settling",1,70
5945,7,"B7.S1xD3",271,287,"settling",1,70
5946,7,"B7.S1xD3",271,287,"settling",1,70
5947,7,"B7.S1xD3",271,287,"settling",1,70
5948,7,"B7.S1xD3",271,287,"settling",1,70
5949,7,"B7.S1xD3",271,287,"settling",1,70
5950,7,"B7.S1xD3",271,287,"settling",1,70
5951,7,"B7.S1xD3",271,287,"settling",1,70
5952,7,"B7.S1xD3",271,287,"settling",1,70
5953,7,"B7.S1xD3",271,287,"settling",1,70
5954,7,"B7.S1xD3",271,287,"settling",1,70
5955,7,"B7.S1xD3",271,287,"settling",1,70
5956,7,"B7.S1xD3",271,287,"settling",1,70
5957,7,"B7.S1xD3",271,287,"settling",1,70
5958,7,"B7.S1xD3",271,287,"settling",1,70
5959,7,"B7.S1xD3",271,287,"settling",0,70
5960,7,"B7.S1xD3",271,287,"settling",1,71
5961,7,"B7.S1xD3",271,287,"settling",1,71
5962,7,"B7.S1xD3",271,287,"settling",1,71
5963,7,"B7.S1xD3",271,287,"settling",1,71
5964,7,"B7.S1xD3",271,287,"settling",1,71
5965,7,"B7.S1xD3",271,287,"settling",1,71
5966,7,"B7.S1xD3",271,287,"settling",1,71
5967,7,"B7.S1xD3",271,287,"settling",1,71
5968,7,"B7.S1xD3",271,287,"settling",1,71
5969,7,"B7.S1xD3",271,287,"settling",1,71
5970,7,"B7.S1xD3",271,287,"settling",1,71
5971,7,"B7.S1xD3",271,287,"settling",1,71
5972,7,"B7.S1xD3",271,287,"settling",1,71
5973,7,"B7.S1xD3",271,287,"settling",1,71
5974,7,"B7.S1xD3",271,287,"settling",1,71
5975,7,"B7.S1xD3",271,287,"settling",1,71
5976,7,"B7.S1xD3",271,287,"settling",1,71
5977,7,"B7.S1xD3",271,287,"settling",1,71
5978,7,"B7.S1xD3",271,287,"settling",1,71
5979,7,"B7.S1xD3",271,287,"settling",0,71
5980,7,"B7.S1xD3",271,287,"settling",1,72
5981,7,"B7.S1xD3",271,287,"settling",1,72
5982,7,"B7.S1xD3",271,287,"settling",1,72
5983,7,"B7.S1xD3",271,287,"settling",1,72
5984,7,"B7.S1xD3",271,287,"settling",1,72
5985,7,"B7.S1xD3",271,287,"settling",1,72
5986,7,"B7.S1xD3",271,287,"settling",1,72
5987,7,"B7.S1xD3",271,287,"settling",1,72
5988,7,"B7.S1xD3",271,287,"settling",1,72
5989,7,"B7.S1xD3",271,287,"settling",1,72
5990,7,"B7.S1xD3",271,287,"settling",1,72
5991,7,"B7.S1xD3",271,287,"settling",1,72
5992,7,"B7.S1xD3",271,287,"settling",1,72
5993,7,"B7.S1xD3",271,287,"settling",1,72
5994,7,"B7.S1xD3",271,287,"settling",1,72
5995,7,"B7.S1xD3",271,287,"settling",1,72
5996,7,"B7.S1xD3",271,287,"settling",1,72
5997,7,"B7.S1xD3",271,287,"settling",1,72
5998,7,"B7.S1xD3",271,287,"settling",1,72
5999,7,"B7.S1xD3",271,287,"settling",1,72
6000,7,"B7.S1xD3",271,287,"settling",0,72
6001,7,"B7.S1xD3",271,287,"settling",0,72
187,7,"B7.S2xD1",272,285,"h.length",223.73,NA
187,7,"B7.S2xD1",272,285,"n.length",442,NA
188,7,"B7.S2xD1",272,285,"h.length",202.61,NA
188,7,"B7.S2xD1",272,285,"n.length",451.39,NA
189,7,"B7.S2xD1",272,285,"h.length",216.9,NA
189,7,"B7.S2xD1",272,285,"n.length",436.8,NA
190,7,"B7.S2xD1",272,285,"h.length",204.46,NA
190,7,"B7.S2xD1",272,285,"n.length",425.94,NA
191,7,"B7.S2xD1",272,285,"h.length",201.6,NA
191,7,"B7.S2xD1",272,285,"n.length",442.06,NA
192,7,"B7.S2xD1",272,285,"h.length",210.46,NA
192,7,"B7.S2xD1",272,285,"n.length",457.02,NA
193,7,"B7.S2xD1",272,285,"h.length",204.19,NA
193,7,"B7.S2xD1",272,285,"n.length",444.57,NA
194,7,"B7.S2xD1",272,285,"h.length",210.04,NA
194,7,"B7.S2xD1",272,285,"n.length",448.99,NA
195,7,"B7.S2xD1",272,285,"h.length",210.83,NA
195,7,"B7.S2xD1",272,285,"n.length",461.4,NA
196,7,"B7.S2xD1",272,285,"h.length",218.22,NA
196,7,"B7.S2xD1",272,285,"n.length",446.76,NA
197,7,"B7.S2xD1",272,285,"h.length",208.54,NA
197,7,"B7.S2xD1",272,285,"n.length",414.8,NA
198,7,"B7.S2xD1",272,285,"h.length",208.87,NA
198,7,"B7.S2xD1",272,285,"n.length",435.17,NA
1678,7,"B7.S2xD1",272,285,"hatching",1,73
1679,7,"B7.S2xD1",272,285,"hatching",1,73
1680,7,"B7.S2xD1",272,285,"hatching",1,73
1681,7,"B7.S2xD1",272,285,"hatching",1,73
1682,7,"B7.S2xD1",272,285,"hatching",1,73
1683,7,"B7.S2xD1",272,285,"hatching",1,73
1684,7,"B7.S2xD1",272,285,"hatching",1,73
1685,7,"B7.S2xD1",272,285,"hatching",1,73
1686,7,"B7.S2xD1",272,285,"hatching",1,73
1687,7,"B7.S2xD1",272,285,"hatching",1,73
1688,7,"B7.S2xD1",272,285,"hatching",1,73
1689,7,"B7.S2xD1",272,285,"hatching",1,73
1690,7,"B7.S2xD1",272,285,"hatching",1,73
1691,7,"B7.S2xD1",272,285,"hatching",1,73
1692,7,"B7.S2xD1",272,285,"hatching",1,73
1693,7,"B7.S2xD1",272,285,"hatching",1,73
1694,7,"B7.S2xD1",272,285,"hatching",1,73
1695,7,"B7.S2xD1",272,285,"hatching",1,73
1696,7,"B7.S2xD1",272,285,"hatching",1,73
1697,7,"B7.S2xD1",272,285,"hatching",1,73
1698,7,"B7.S2xD1",272,285,"hatching",1,73
1699,7,"B7.S2xD1",272,285,"hatching",1,73
1700,7,"B7.S2xD1",272,285,"hatching",1,73
1701,7,"B7.S2xD1",272,285,"hatching",1,73
1702,7,"B7.S2xD1",272,285,"hatching",1,73
1703,7,"B7.S2xD1",272,285,"hatching",1,73
1704,7,"B7.S2xD1",272,285,"hatching",1,73
1705,7,"B7.S2xD1",272,285,"hatching",1,73
1706,7,"B7.S2xD1",272,285,"hatching",1,73
1707,7,"B7.S2xD1",272,285,"hatching",0,73
1708,7,"B7.S2xD1",272,285,"hatching",1,74
1709,7,"B7.S2xD1",272,285,"hatching",1,74
1710,7,"B7.S2xD1",272,285,"hatching",1,74
1711,7,"B7.S2xD1",272,285,"hatching",1,74
1712,7,"B7.S2xD1",272,285,"hatching",1,74
1713,7,"B7.S2xD1",272,285,"hatching",1,74
1714,7,"B7.S2xD1",272,285,"hatching",1,74
1715,7,"B7.S2xD1",272,285,"hatching",1,74
1716,7,"B7.S2xD1",272,285,"hatching",1,74
1717,7,"B7.S2xD1",272,285,"hatching",1,74
1718,7,"B7.S2xD1",272,285,"hatching",1,74
1719,7,"B7.S2xD1",272,285,"hatching",1,74
1720,7,"B7.S2xD1",272,285,"hatching",1,74
1721,7,"B7.S2xD1",272,285,"hatching",1,74
1722,7,"B7.S2xD1",272,285,"hatching",1,74
1723,7,"B7.S2xD1",272,285,"hatching",1,74
1724,7,"B7.S2xD1",272,285,"hatching",1,74
1725,7,"B7.S2xD1",272,285,"hatching",1,74
1726,7,"B7.S2xD1",272,285,"hatching",1,74
1727,7,"B7.S2xD1",272,285,"hatching",1,74
1728,7,"B7.S2xD1",272,285,"hatching",0,74
1729,7,"B7.S2xD1",272,285,"hatching",1,75
1730,7,"B7.S2xD1",272,285,"hatching",1,75
1731,7,"B7.S2xD1",272,285,"hatching",1,75
1732,7,"B7.S2xD1",272,285,"hatching",1,75
1733,7,"B7.S2xD1",272,285,"hatching",1,75
1734,7,"B7.S2xD1",272,285,"hatching",1,75
1735,7,"B7.S2xD1",272,285,"hatching",1,75
1736,7,"B7.S2xD1",272,285,"hatching",1,75
1737,7,"B7.S2xD1",272,285,"hatching",1,75
1738,7,"B7.S2xD1",272,285,"hatching",1,75
1739,7,"B7.S2xD1",272,285,"hatching",1,75
1740,7,"B7.S2xD1",272,285,"hatching",1,75
1741,7,"B7.S2xD1",272,285,"hatching",1,75
1742,7,"B7.S2xD1",272,285,"hatching",1,75
1743,7,"B7.S2xD1",272,285,"hatching",1,75
1744,7,"B7.S2xD1",272,285,"hatching",1,75
1745,7,"B7.S2xD1",272,285,"hatching",1,75
1746,7,"B7.S2xD1",272,285,"hatching",1,75
1747,7,"B7.S2xD1",272,285,"hatching",1,75
1748,7,"B7.S2xD1",272,285,"hatching",0,75
6002,7,"B7.S2xD1",272,285,"settling",1,76
6003,7,"B7.S2xD1",272,285,"settling",1,76
6004,7,"B7.S2xD1",272,285,"settling",1,76
6005,7,"B7.S2xD1",272,285,"settling",1,76
6006,7,"B7.S2xD1",272,285,"settling",1,76
6007,7,"B7.S2xD1",272,285,"settling",1,76
6008,7,"B7.S2xD1",272,285,"settling",1,76
6009,7,"B7.S2xD1",272,285,"settling",1,76
6010,7,"B7.S2xD1",272,285,"settling",1,76
6011,7,"B7.S2xD1",272,285,"settling",1,76
6012,7,"B7.S2xD1",272,285,"settling",1,76
6013,7,"B7.S2xD1",272,285,"settling",1,76
6014,7,"B7.S2xD1",272,285,"settling",1,76
6015,7,"B7.S2xD1",272,285,"settling",0,76
6016,7,"B7.S2xD1",272,285,"settling",0,76
6017,7,"B7.S2xD1",272,285,"settling",0,76
6018,7,"B7.S2xD1",272,285,"settling",0,76
6019,7,"B7.S2xD1",272,285,"settling",0,76
6020,7,"B7.S2xD1",272,285,"settling",0,76
6021,7,"B7.S2xD1",272,285,"settling",0,76
6022,7,"B7.S2xD1",272,285,"settling",1,77
6023,7,"B7.S2xD1",272,285,"settling",1,77
6024,7,"B7.S2xD1",272,285,"settling",1,77
6025,7,"B7.S2xD1",272,285,"settling",1,77
6026,7,"B7.S2xD1",272,285,"settling",1,77
6027,7,"B7.S2xD1",272,285,"settling",1,77
6028,7,"B7.S2xD1",272,285,"settling",1,77
6029,7,"B7.S2xD1",272,285,"settling",1,77
6030,7,"B7.S2xD1",272,285,"settling",1,77
6031,7,"B7.S2xD1",272,285,"settling",1,77
6032,7,"B7.S2xD1",272,285,"settling",1,77
6033,7,"B7.S2xD1",272,285,"settling",1,77
6034,7,"B7.S2xD1",272,285,"settling",1,77
6035,7,"B7.S2xD1",272,285,"settling",1,77
6036,7,"B7.S2xD1",272,285,"settling",0,77
6037,7,"B7.S2xD1",272,285,"settling",0,77
6038,7,"B7.S2xD1",272,285,"settling",0,77
6039,7,"B7.S2xD1",272,285,"settling",0,77
6040,7,"B7.S2xD1",272,285,"settling",1,78
6041,7,"B7.S2xD1",272,285,"settling",1,78
6042,7,"B7.S2xD1",272,285,"settling",1,78
6043,7,"B7.S2xD1",272,285,"settling",1,78
6044,7,"B7.S2xD1",272,285,"settling",1,78
6045,7,"B7.S2xD1",272,285,"settling",1,78
6046,7,"B7.S2xD1",272,285,"settling",1,78
6047,7,"B7.S2xD1",272,285,"settling",1,78
6048,7,"B7.S2xD1",272,285,"settling",1,78
6049,7,"B7.S2xD1",272,285,"settling",1,78
6050,7,"B7.S2xD1",272,285,"settling",1,78
6051,7,"B7.S2xD1",272,285,"settling",1,78
6052,7,"B7.S2xD1",272,285,"settling",1,78
6053,7,"B7.S2xD1",272,285,"settling",1,78
6054,7,"B7.S2xD1",272,285,"settling",1,78
6055,7,"B7.S2xD1",272,285,"settling",1,78
6056,7,"B7.S2xD1",272,285,"settling",1,78
6057,7,"B7.S2xD1",272,285,"settling",1,78
6058,7,"B7.S2xD1",272,285,"settling",1,78
6059,7,"B7.S2xD1",272,285,"settling",0,78
199,7,"B7.S2xD2",272,286,"h.length",185.84,NA
199,7,"B7.S2xD2",272,286,"n.length",438.53,NA
200,7,"B7.S2xD2",272,286,"h.length",195.2,NA
200,7,"B7.S2xD2",272,286,"n.length",451.72,NA
201,7,"B7.S2xD2",272,286,"h.length",197.18,NA
201,7,"B7.S2xD2",272,286,"n.length",396.96,NA
202,7,"B7.S2xD2",272,286,"h.length",186.77,NA
202,7,"B7.S2xD2",272,286,"n.length",444.17,NA
203,7,"B7.S2xD2",272,286,"h.length",182.74,NA
203,7,"B7.S2xD2",272,286,"n.length",448.59,NA
204,7,"B7.S2xD2",272,286,"h.length",203.85,NA
204,7,"B7.S2xD2",272,286,"n.length",432.94,NA
205,7,"B7.S2xD2",272,286,"h.length",200.56,NA
205,7,"B7.S2xD2",272,286,"n.length",456.45,NA
206,7,"B7.S2xD2",272,286,"h.length",203.09,NA
206,7,"B7.S2xD2",272,286,"n.length",453.78,NA
207,7,"B7.S2xD2",272,286,"h.length",205.53,NA
207,7,"B7.S2xD2",272,286,"n.length",446.27,NA
208,7,"B7.S2xD2",272,286,"h.length",206.84,NA
208,7,"B7.S2xD2",272,286,"n.length",461.22,NA
209,7,"B7.S2xD2",272,286,"h.length",207.68,NA
209,7,"B7.S2xD2",272,286,"n.length",449.08,NA
210,7,"B7.S2xD2",272,286,"h.length",207.06,NA
210,7,"B7.S2xD2",272,286,"n.length",453.43,NA
1749,7,"B7.S2xD2",272,286,"hatching",1,79
1750,7,"B7.S2xD2",272,286,"hatching",1,79
1751,7,"B7.S2xD2",272,286,"hatching",1,79
1752,7,"B7.S2xD2",272,286,"hatching",1,79
1753,7,"B7.S2xD2",272,286,"hatching",1,79
1754,7,"B7.S2xD2",272,286,"hatching",1,79
1755,7,"B7.S2xD2",272,286,"hatching",1,79
1756,7,"B7.S2xD2",272,286,"hatching",1,79
1757,7,"B7.S2xD2",272,286,"hatching",1,79
1758,7,"B7.S2xD2",272,286,"hatching",1,79
1759,7,"B7.S2xD2",272,286,"hatching",1,79
1760,7,"B7.S2xD2",272,286,"hatching",1,79
1761,7,"B7.S2xD2",272,286,"hatching",1,79
1762,7,"B7.S2xD2",272,286,"hatching",1,79
1763,7,"B7.S2xD2",272,286,"hatching",1,79
1764,7,"B7.S2xD2",272,286,"hatching",1,79
1765,7,"B7.S2xD2",272,286,"hatching",1,79
1766,7,"B7.S2xD2",272,286,"hatching",1,79
1767,7,"B7.S2xD2",272,286,"hatching",1,79
1768,7,"B7.S2xD2",272,286,"hatching",0,79
1769,7,"B7.S2xD2",272,286,"hatching",1,80
1770,7,"B7.S2xD2",272,286,"hatching",1,80
1771,7,"B7.S2xD2",272,286,"hatching",1,80
1772,7,"B7.S2xD2",272,286,"hatching",1,80
1773,7,"B7.S2xD2",272,286,"hatching",1,80
1774,7,"B7.S2xD2",272,286,"hatching",1,80
1775,7,"B7.S2xD2",272,286,"hatching",1,80
1776,7,"B7.S2xD2",272,286,"hatching",1,80
1777,7,"B7.S2xD2",272,286,"hatching",1,80
1778,7,"B7.S2xD2",272,286,"hatching",0,80
1779,7,"B7.S2xD2",272,286,"hatching",1,81
1780,7,"B7.S2xD2",272,286,"hatching",1,81
1781,7,"B7.S2xD2",272,286,"hatching",1,81
1782,7,"B7.S2xD2",272,286,"hatching",1,81
1783,7,"B7.S2xD2",272,286,"hatching",1,81
1784,7,"B7.S2xD2",272,286,"hatching",1,81
1785,7,"B7.S2xD2",272,286,"hatching",1,81
1786,7,"B7.S2xD2",272,286,"hatching",1,81
1787,7,"B7.S2xD2",272,286,"hatching",1,81
1788,7,"B7.S2xD2",272,286,"hatching",0,81
6060,7,"B7.S2xD2",272,286,"settling",1,82
6061,7,"B7.S2xD2",272,286,"settling",1,82
6062,7,"B7.S2xD2",272,286,"settling",1,82
6063,7,"B7.S2xD2",272,286,"settling",1,82
6064,7,"B7.S2xD2",272,286,"settling",1,82
6065,7,"B7.S2xD2",272,286,"settling",1,82
6066,7,"B7.S2xD2",272,286,"settling",1,82
6067,7,"B7.S2xD2",272,286,"settling",1,82
6068,7,"B7.S2xD2",272,286,"settling",1,82
6069,7,"B7.S2xD2",272,286,"settling",0,82
6070,7,"B7.S2xD2",272,286,"settling",0,82
6071,7,"B7.S2xD2",272,286,"settling",0,82
6072,7,"B7.S2xD2",272,286,"settling",0,82
6073,7,"B7.S2xD2",272,286,"settling",0,82
6074,7,"B7.S2xD2",272,286,"settling",0,82
6075,7,"B7.S2xD2",272,286,"settling",0,82
6076,7,"B7.S2xD2",272,286,"settling",0,82
6077,7,"B7.S2xD2",272,286,"settling",0,82
6078,7,"B7.S2xD2",272,286,"settling",0,82
6079,7,"B7.S2xD2",272,286,"settling",1,83
6080,7,"B7.S2xD2",272,286,"settling",1,83
6081,7,"B7.S2xD2",272,286,"settling",1,83
6082,7,"B7.S2xD2",272,286,"settling",1,83
6083,7,"B7.S2xD2",272,286,"settling",1,83
6084,7,"B7.S2xD2",272,286,"settling",1,83
6085,7,"B7.S2xD2",272,286,"settling",1,83
6086,7,"B7.S2xD2",272,286,"settling",1,83
6087,7,"B7.S2xD2",272,286,"settling",1,83
6088,7,"B7.S2xD2",272,286,"settling",1,83
6089,7,"B7.S2xD2",272,286,"settling",0,83
6090,7,"B7.S2xD2",272,286,"settling",0,83
6091,7,"B7.S2xD2",272,286,"settling",0,83
6092,7,"B7.S2xD2",272,286,"settling",0,83
6093,7,"B7.S2xD2",272,286,"settling",0,83
6094,7,"B7.S2xD2",272,286,"settling",0,83
6095,7,"B7.S2xD2",272,286,"settling",0,83
6096,7,"B7.S2xD2",272,286,"settling",0,83
6097,7,"B7.S2xD2",272,286,"settling",0,83
6098,7,"B7.S2xD2",272,286,"settling",1,84
6099,7,"B7.S2xD2",272,286,"settling",1,84
6100,7,"B7.S2xD2",272,286,"settling",1,84
6101,7,"B7.S2xD2",272,286,"settling",1,84
6102,7,"B7.S2xD2",272,286,"settling",1,84
6103,7,"B7.S2xD2",272,286,"settling",1,84
6104,7,"B7.S2xD2",272,286,"settling",1,84
6105,7,"B7.S2xD2",272,286,"settling",1,84
6106,7,"B7.S2xD2",272,286,"settling",1,84
6107,7,"B7.S2xD2",272,286,"settling",1,84
6108,7,"B7.S2xD2",272,286,"settling",1,84
6109,7,"B7.S2xD2",272,286,"settling",1,84
6110,7,"B7.S2xD2",272,286,"settling",0,84
6111,7,"B7.S2xD2",272,286,"settling",0,84
6112,7,"B7.S2xD2",272,286,"settling",0,84
6113,7,"B7.S2xD2",272,286,"settling",0,84
6114,7,"B7.S2xD2",272,286,"settling",0,84
6115,7,"B7.S2xD2",272,286,"settling",0,84
6116,7,"B7.S2xD2",272,286,"settling",0,84
6117,7,"B7.S2xD2",272,286,"settling",0,84
6118,7,"B7.S2xD2",272,286,"settling",0,84
6119,7,"B7.S2xD2",272,286,"settling",0,84
6120,7,"B7.S2xD2",272,286,"settling",0,84
6121,7,"B7.S2xD2",272,286,"settling",0,84
6122,7,"B7.S2xD2",272,286,"settling",0,84
6123,7,"B7.S2xD2",272,286,"settling",0,84
6124,7,"B7.S2xD2",272,286,"settling",0,84
6125,7,"B7.S2xD2",272,286,"settling",0,84
6126,7,"B7.S2xD2",272,286,"settling",0,84
6127,7,"B7.S2xD2",272,286,"settling",0,84
6128,7,"B7.S2xD2",272,286,"settling",0,84
6129,7,"B7.S2xD2",272,286,"settling",0,84
6130,7,"B7.S2xD2",272,286,"settling",0,84
6131,7,"B7.S2xD2",272,286,"settling",0,84
6132,7,"B7.S2xD2",272,286,"settling",0,84
6133,7,"B7.S2xD2",272,286,"settling",0,84
211,7,"B7.S2xD3",272,287,"h.length",188.5,NA
211,7,"B7.S2xD3",272,287,"n.length",443.06,NA
212,7,"B7.S2xD3",272,287,"h.length",202.76,NA
212,7,"B7.S2xD3",272,287,"n.length",450.36,NA
213,7,"B7.S2xD3",272,287,"h.length",209.71,NA
213,7,"B7.S2xD3",272,287,"n.length",441.76,NA
214,7,"B7.S2xD3",272,287,"h.length",195.81,NA
214,7,"B7.S2xD3",272,287,"n.length",443.27,NA
215,7,"B7.S2xD3",272,287,"h.length",204.35,NA
215,7,"B7.S2xD3",272,287,"n.length",457.89,NA
216,7,"B7.S2xD3",272,287,"h.length",204.93,NA
216,7,"B7.S2xD3",272,287,"n.length",453.33,NA
217,7,"B7.S2xD3",272,287,"h.length",207.86,NA
217,7,"B7.S2xD3",272,287,"n.length",456.46,NA
218,7,"B7.S2xD3",272,287,"h.length",208.11,NA
218,7,"B7.S2xD3",272,287,"n.length",445.7,NA
219,7,"B7.S2xD3",272,287,"h.length",200.96,NA
219,7,"B7.S2xD3",272,287,"n.length",452.69,NA
220,7,"B7.S2xD3",272,287,"h.length",204.52,NA
220,7,"B7.S2xD3",272,287,"n.length",440.96,NA
221,7,"B7.S2xD3",272,287,"h.length",182.57,NA
221,7,"B7.S2xD3",272,287,"n.length",431.39,NA
222,7,"B7.S2xD3",272,287,"h.length",208.47,NA
222,7,"B7.S2xD3",272,287,"n.length",419.11,NA
1789,7,"B7.S2xD3",272,287,"hatching",1,85
1790,7,"B7.S2xD3",272,287,"hatching",1,85
1791,7,"B7.S2xD3",272,287,"hatching",1,85
1792,7,"B7.S2xD3",272,287,"hatching",1,85
1793,7,"B7.S2xD3",272,287,"hatching",1,85
1794,7,"B7.S2xD3",272,287,"hatching",0,85
1795,7,"B7.S2xD3",272,287,"hatching",0,85
1796,7,"B7.S2xD3",272,287,"hatching",0,85
1797,7,"B7.S2xD3",272,287,"hatching",0,85
1798,7,"B7.S2xD3",272,287,"hatching",1,86
1799,7,"B7.S2xD3",272,287,"hatching",1,86
1800,7,"B7.S2xD3",272,287,"hatching",1,86
1801,7,"B7.S2xD3",272,287,"hatching",1,86
1802,7,"B7.S2xD3",272,287,"hatching",1,86
1803,7,"B7.S2xD3",272,287,"hatching",1,86
1804,7,"B7.S2xD3",272,287,"hatching",1,86
1805,7,"B7.S2xD3",272,287,"hatching",1,86
1806,7,"B7.S2xD3",272,287,"hatching",1,86
1807,7,"B7.S2xD3",272,287,"hatching",1,86
1808,7,"B7.S2xD3",272,287,"hatching",1,86
1809,7,"B7.S2xD3",272,287,"hatching",1,86
1810,7,"B7.S2xD3",272,287,"hatching",1,86
1811,7,"B7.S2xD3",272,287,"hatching",1,86
1812,7,"B7.S2xD3",272,287,"hatching",0,86
1813,7,"B7.S2xD3",272,287,"hatching",0,86
1814,7,"B7.S2xD3",272,287,"hatching",0,86
1815,7,"B7.S2xD3",272,287,"hatching",1,87
1816,7,"B7.S2xD3",272,287,"hatching",1,87
1817,7,"B7.S2xD3",272,287,"hatching",1,87
1818,7,"B7.S2xD3",272,287,"hatching",1,87
1819,7,"B7.S2xD3",272,287,"hatching",1,87
1820,7,"B7.S2xD3",272,287,"hatching",1,87
1821,7,"B7.S2xD3",272,287,"hatching",1,87
1822,7,"B7.S2xD3",272,287,"hatching",1,87
6134,7,"B7.S2xD3",272,287,"settling",1,88
6135,7,"B7.S2xD3",272,287,"settling",1,88
6136,7,"B7.S2xD3",272,287,"settling",1,88
6137,7,"B7.S2xD3",272,287,"settling",1,88
6138,7,"B7.S2xD3",272,287,"settling",1,88
6139,7,"B7.S2xD3",272,287,"settling",1,88
6140,7,"B7.S2xD3",272,287,"settling",1,88
6141,7,"B7.S2xD3",272,287,"settling",1,88
6142,7,"B7.S2xD3",272,287,"settling",1,88
6143,7,"B7.S2xD3",272,287,"settling",1,88
6144,7,"B7.S2xD3",272,287,"settling",1,88
6145,7,"B7.S2xD3",272,287,"settling",1,88
6146,7,"B7.S2xD3",272,287,"settling",1,88
6147,7,"B7.S2xD3",272,287,"settling",1,88
6148,7,"B7.S2xD3",272,287,"settling",0,88
6149,7,"B7.S2xD3",272,287,"settling",0,88
6150,7,"B7.S2xD3",272,287,"settling",0,88
6151,7,"B7.S2xD3",272,287,"settling",0,88
6152,7,"B7.S2xD3",272,287,"settling",0,88
6153,7,"B7.S2xD3",272,287,"settling",1,89
6154,7,"B7.S2xD3",272,287,"settling",1,89
6155,7,"B7.S2xD3",272,287,"settling",1,89
6156,7,"B7.S2xD3",272,287,"settling",1,89
6157,7,"B7.S2xD3",272,287,"settling",1,89
6158,7,"B7.S2xD3",272,287,"settling",1,89
6159,7,"B7.S2xD3",272,287,"settling",1,89
6160,7,"B7.S2xD3",272,287,"settling",1,89
6161,7,"B7.S2xD3",272,287,"settling",1,89
6162,7,"B7.S2xD3",272,287,"settling",1,89
6163,7,"B7.S2xD3",272,287,"settling",1,89
6164,7,"B7.S2xD3",272,287,"settling",1,89
6165,7,"B7.S2xD3",272,287,"settling",1,89
6166,7,"B7.S2xD3",272,287,"settling",0,89
6167,7,"B7.S2xD3",272,287,"settling",0,89
6168,7,"B7.S2xD3",272,287,"settling",0,89
6169,7,"B7.S2xD3",272,287,"settling",0,89
6170,7,"B7.S2xD3",272,287,"settling",0,89
6171,7,"B7.S2xD3",272,287,"settling",0,89
6172,7,"B7.S2xD3",272,287,"settling",1,90
6173,7,"B7.S2xD3",272,287,"settling",1,90
6174,7,"B7.S2xD3",272,287,"settling",1,90
6175,7,"B7.S2xD3",272,287,"settling",1,90
6176,7,"B7.S2xD3",272,287,"settling",1,90
6177,7,"B7.S2xD3",272,287,"settling",1,90
6178,7,"B7.S2xD3",272,287,"settling",1,90
6179,7,"B7.S2xD3",272,287,"settling",1,90
6180,7,"B7.S2xD3",272,287,"settling",1,90
6181,7,"B7.S2xD3",272,287,"settling",1,90
6182,7,"B7.S2xD3",272,287,"settling",1,90
6183,7,"B7.S2xD3",272,287,"settling",1,90
6184,7,"B7.S2xD3",272,287,"settling",1,90
6185,7,"B7.S2xD3",272,287,"settling",1,90
6186,7,"B7.S2xD3",272,287,"settling",1,90
6187,7,"B7.S2xD3",272,287,"settling",1,90
6188,7,"B7.S2xD3",272,287,"settling",0,90
6189,7,"B7.S2xD3",272,287,"settling",0,90
223,7,"B7.S3xD1",273,285,"h.length",211.29,NA
223,7,"B7.S3xD1",273,285,"n.length",443.44,NA
224,7,"B7.S3xD1",273,285,"h.length",198.48,NA
224,7,"B7.S3xD1",273,285,"n.length",445.32,NA
225,7,"B7.S3xD1",273,285,"h.length",201.71,NA
225,7,"B7.S3xD1",273,285,"n.length",450.63,NA
226,7,"B7.S3xD1",273,285,"h.length",205.32,NA
226,7,"B7.S3xD1",273,285,"n.length",436.96,NA
227,7,"B7.S3xD1",273,285,"h.length",212.77,NA
227,7,"B7.S3xD1",273,285,"n.length",441.65,NA
228,7,"B7.S3xD1",273,285,"h.length",202.9,NA
228,7,"B7.S3xD1",273,285,"n.length",426.84,NA
229,7,"B7.S3xD1",273,285,"h.length",206.83,NA
229,7,"B7.S3xD1",273,285,"n.length",444.21,NA
230,7,"B7.S3xD1",273,285,"h.length",213.85,NA
230,7,"B7.S3xD1",273,285,"n.length",397.98,NA
231,7,"B7.S3xD1",273,285,"h.length",213.07,NA
231,7,"B7.S3xD1",273,285,"n.length",434.84,NA
232,7,"B7.S3xD1",273,285,"h.length",215.05,NA
232,7,"B7.S3xD1",273,285,"n.length",439.87,NA
233,7,"B7.S3xD1",273,285,"h.length",194.51,NA
233,7,"B7.S3xD1",273,285,"n.length",440.78,NA
234,7,"B7.S3xD1",273,285,"h.length",203.18,NA
234,7,"B7.S3xD1",273,285,"n.length",415.83,NA
1823,7,"B7.S3xD1",273,285,"hatching",1,91
1824,7,"B7.S3xD1",273,285,"hatching",1,91
1825,7,"B7.S3xD1",273,285,"hatching",1,91
1826,7,"B7.S3xD1",273,285,"hatching",1,91
1827,7,"B7.S3xD1",273,285,"hatching",1,91
1828,7,"B7.S3xD1",273,285,"hatching",1,91
1829,7,"B7.S3xD1",273,285,"hatching",1,91
1830,7,"B7.S3xD1",273,285,"hatching",1,91
1831,7,"B7.S3xD1",273,285,"hatching",1,91
1832,7,"B7.S3xD1",273,285,"hatching",1,91
1833,7,"B7.S3xD1",273,285,"hatching",1,91
1834,7,"B7.S3xD1",273,285,"hatching",1,91
1835,7,"B7.S3xD1",273,285,"hatching",0,91
1836,7,"B7.S3xD1",273,285,"hatching",1,92
1837,7,"B7.S3xD1",273,285,"hatching",1,92
1838,7,"B7.S3xD1",273,285,"hatching",1,92
1839,7,"B7.S3xD1",273,285,"hatching",1,92
1840,7,"B7.S3xD1",273,285,"hatching",1,92
1841,7,"B7.S3xD1",273,285,"hatching",1,92
1842,7,"B7.S3xD1",273,285,"hatching",1,92
1843,7,"B7.S3xD1",273,285,"hatching",1,92
1844,7,"B7.S3xD1",273,285,"hatching",1,92
1845,7,"B7.S3xD1",273,285,"hatching",1,92
1846,7,"B7.S3xD1",273,285,"hatching",1,92
1847,7,"B7.S3xD1",273,285,"hatching",1,92
1848,7,"B7.S3xD1",273,285,"hatching",1,92
1849,7,"B7.S3xD1",273,285,"hatching",1,92
1850,7,"B7.S3xD1",273,285,"hatching",1,92
1851,7,"B7.S3xD1",273,285,"hatching",1,92
1852,7,"B7.S3xD1",273,285,"hatching",1,92
1853,7,"B7.S3xD1",273,285,"hatching",1,92
1854,7,"B7.S3xD1",273,285,"hatching",1,92
1855,7,"B7.S3xD1",273,285,"hatching",1,92
1856,7,"B7.S3xD1",273,285,"hatching",1,92
1857,7,"B7.S3xD1",273,285,"hatching",1,92
1858,7,"B7.S3xD1",273,285,"hatching",1,92
1859,7,"B7.S3xD1",273,285,"hatching",0,92
1860,7,"B7.S3xD1",273,285,"hatching",0,92
1861,7,"B7.S3xD1",273,285,"hatching",0,92
1862,7,"B7.S3xD1",273,285,"hatching",1,93
1863,7,"B7.S3xD1",273,285,"hatching",1,93
1864,7,"B7.S3xD1",273,285,"hatching",1,93
1865,7,"B7.S3xD1",273,285,"hatching",1,93
1866,7,"B7.S3xD1",273,285,"hatching",1,93
1867,7,"B7.S3xD1",273,285,"hatching",1,93
1868,7,"B7.S3xD1",273,285,"hatching",1,93
1869,7,"B7.S3xD1",273,285,"hatching",1,93
1870,7,"B7.S3xD1",273,285,"hatching",1,93
1871,7,"B7.S3xD1",273,285,"hatching",1,93
1872,7,"B7.S3xD1",273,285,"hatching",1,93
1873,7,"B7.S3xD1",273,285,"hatching",1,93
1874,7,"B7.S3xD1",273,285,"hatching",1,93
1875,7,"B7.S3xD1",273,285,"hatching",1,93
1876,7,"B7.S3xD1",273,285,"hatching",1,93
1877,7,"B7.S3xD1",273,285,"hatching",1,93
1878,7,"B7.S3xD1",273,285,"hatching",1,93
1879,7,"B7.S3xD1",273,285,"hatching",0,93
1880,7,"B7.S3xD1",273,285,"hatching",0,93
1881,7,"B7.S3xD1",273,285,"hatching",0,93
6190,7,"B7.S3xD1",273,285,"settling",1,94
6191,7,"B7.S3xD1",273,285,"settling",1,94
6192,7,"B7.S3xD1",273,285,"settling",1,94
6193,7,"B7.S3xD1",273,285,"settling",1,94
6194,7,"B7.S3xD1",273,285,"settling",1,94
6195,7,"B7.S3xD1",273,285,"settling",1,94
6196,7,"B7.S3xD1",273,285,"settling",1,94
6197,7,"B7.S3xD1",273,285,"settling",1,94
6198,7,"B7.S3xD1",273,285,"settling",1,94
6199,7,"B7.S3xD1",273,285,"settling",1,94
6200,7,"B7.S3xD1",273,285,"settling",1,94
6201,7,"B7.S3xD1",273,285,"settling",1,94
6202,7,"B7.S3xD1",273,285,"settling",1,94
6203,7,"B7.S3xD1",273,285,"settling",1,94
6204,7,"B7.S3xD1",273,285,"settling",1,94
6205,7,"B7.S3xD1",273,285,"settling",1,94
6206,7,"B7.S3xD1",273,285,"settling",0,94
6207,7,"B7.S3xD1",273,285,"settling",0,94
6208,7,"B7.S3xD1",273,285,"settling",0,94
6209,7,"B7.S3xD1",273,285,"settling",0,94
6210,7,"B7.S3xD1",273,285,"settling",1,95
6211,7,"B7.S3xD1",273,285,"settling",1,95
6212,7,"B7.S3xD1",273,285,"settling",1,95
6213,7,"B7.S3xD1",273,285,"settling",1,95
6214,7,"B7.S3xD1",273,285,"settling",1,95
6215,7,"B7.S3xD1",273,285,"settling",1,95
6216,7,"B7.S3xD1",273,285,"settling",1,95
6217,7,"B7.S3xD1",273,285,"settling",1,95
6218,7,"B7.S3xD1",273,285,"settling",1,95
6219,7,"B7.S3xD1",273,285,"settling",1,95
6220,7,"B7.S3xD1",273,285,"settling",1,95
6221,7,"B7.S3xD1",273,285,"settling",1,95
6222,7,"B7.S3xD1",273,285,"settling",1,95
6223,7,"B7.S3xD1",273,285,"settling",1,95
6224,7,"B7.S3xD1",273,285,"settling",1,95
6225,7,"B7.S3xD1",273,285,"settling",1,95
6226,7,"B7.S3xD1",273,285,"settling",1,95
6227,7,"B7.S3xD1",273,285,"settling",1,95
6228,7,"B7.S3xD1",273,285,"settling",1,95
6229,7,"B7.S3xD1",273,285,"settling",1,95
6230,7,"B7.S3xD1",273,285,"settling",0,95
6231,7,"B7.S3xD1",273,285,"settling",1,96
6232,7,"B7.S3xD1",273,285,"settling",1,96
6233,7,"B7.S3xD1",273,285,"settling",1,96
6234,7,"B7.S3xD1",273,285,"settling",1,96
6235,7,"B7.S3xD1",273,285,"settling",1,96
6236,7,"B7.S3xD1",273,285,"settling",1,96
6237,7,"B7.S3xD1",273,285,"settling",1,96
6238,7,"B7.S3xD1",273,285,"settling",1,96
6239,7,"B7.S3xD1",273,285,"settling",1,96
6240,7,"B7.S3xD1",273,285,"settling",1,96
6241,7,"B7.S3xD1",273,285,"settling",1,96
6242,7,"B7.S3xD1",273,285,"settling",1,96
6243,7,"B7.S3xD1",273,285,"settling",1,96
6244,7,"B7.S3xD1",273,285,"settling",1,96
6245,7,"B7.S3xD1",273,285,"settling",1,96
6246,7,"B7.S3xD1",273,285,"settling",0,96
6247,7,"B7.S3xD1",273,285,"settling",0,96
235,7,"B7.S3xD2",273,286,"h.length",195.54,NA
235,7,"B7.S3xD2",273,286,"n.length",444.43,NA
236,7,"B7.S3xD2",273,286,"h.length",199.03,NA
236,7,"B7.S3xD2",273,286,"n.length",455.66,NA
237,7,"B7.S3xD2",273,286,"h.length",205.85,NA
237,7,"B7.S3xD2",273,286,"n.length",439.49,NA
238,7,"B7.S3xD2",273,286,"h.length",205.73,NA
238,7,"B7.S3xD2",273,286,"n.length",436.53,NA
239,7,"B7.S3xD2",273,286,"h.length",200.46,NA
239,7,"B7.S3xD2",273,286,"n.length",436.59,NA
240,7,"B7.S3xD2",273,286,"h.length",194.09,NA
240,7,"B7.S3xD2",273,286,"n.length",455.48,NA
241,7,"B7.S3xD2",273,286,"h.length",200.94,NA
241,7,"B7.S3xD2",273,286,"n.length",427.93,NA
242,7,"B7.S3xD2",273,286,"h.length",205.87,NA
242,7,"B7.S3xD2",273,286,"n.length",453.3,NA
243,7,"B7.S3xD2",273,286,"h.length",198.6,NA
243,7,"B7.S3xD2",273,286,"n.length",440.45,NA
244,7,"B7.S3xD2",273,286,"h.length",191.48,NA
244,7,"B7.S3xD2",273,286,"n.length",459.85,NA
245,7,"B7.S3xD2",273,286,"h.length",218.78,NA
245,7,"B7.S3xD2",273,286,"n.length",449.7,NA
246,7,"B7.S3xD2",273,286,"h.length",198.04,NA
246,7,"B7.S3xD2",273,286,"n.length",447.35,NA
1882,7,"B7.S3xD2",273,286,"hatching",1,97
1883,7,"B7.S3xD2",273,286,"hatching",1,97
1884,7,"B7.S3xD2",273,286,"hatching",1,97
1885,7,"B7.S3xD2",273,286,"hatching",1,97
1886,7,"B7.S3xD2",273,286,"hatching",1,97
1887,7,"B7.S3xD2",273,286,"hatching",1,97
1888,7,"B7.S3xD2",273,286,"hatching",1,97
1889,7,"B7.S3xD2",273,286,"hatching",1,97
1890,7,"B7.S3xD2",273,286,"hatching",1,97
1891,7,"B7.S3xD2",273,286,"hatching",1,97
1892,7,"B7.S3xD2",273,286,"hatching",1,97
1893,7,"B7.S3xD2",273,286,"hatching",1,97
1894,7,"B7.S3xD2",273,286,"hatching",1,97
1895,7,"B7.S3xD2",273,286,"hatching",1,97
1896,7,"B7.S3xD2",273,286,"hatching",1,97
1897,7,"B7.S3xD2",273,286,"hatching",1,97
1898,7,"B7.S3xD2",273,286,"hatching",1,97
1899,7,"B7.S3xD2",273,286,"hatching",1,97
1900,7,"B7.S3xD2",273,286,"hatching",0,97
1901,7,"B7.S3xD2",273,286,"hatching",1,98
1902,7,"B7.S3xD2",273,286,"hatching",1,98
1903,7,"B7.S3xD2",273,286,"hatching",1,98
1904,7,"B7.S3xD2",273,286,"hatching",1,98
1905,7,"B7.S3xD2",273,286,"hatching",1,98
1906,7,"B7.S3xD2",273,286,"hatching",1,98
1907,7,"B7.S3xD2",273,286,"hatching",1,98
1908,7,"B7.S3xD2",273,286,"hatching",1,98
1909,7,"B7.S3xD2",273,286,"hatching",1,98
1910,7,"B7.S3xD2",273,286,"hatching",1,98
1911,7,"B7.S3xD2",273,286,"hatching",1,98
1912,7,"B7.S3xD2",273,286,"hatching",1,98
1913,7,"B7.S3xD2",273,286,"hatching",1,98
1914,7,"B7.S3xD2",273,286,"hatching",1,98
1915,7,"B7.S3xD2",273,286,"hatching",1,99
1916,7,"B7.S3xD2",273,286,"hatching",1,99
1917,7,"B7.S3xD2",273,286,"hatching",1,99
1918,7,"B7.S3xD2",273,286,"hatching",1,99
1919,7,"B7.S3xD2",273,286,"hatching",1,99
1920,7,"B7.S3xD2",273,286,"hatching",1,99
1921,7,"B7.S3xD2",273,286,"hatching",1,99
1922,7,"B7.S3xD2",273,286,"hatching",1,99
1923,7,"B7.S3xD2",273,286,"hatching",1,99
1924,7,"B7.S3xD2",273,286,"hatching",1,99
1925,7,"B7.S3xD2",273,286,"hatching",1,99
1926,7,"B7.S3xD2",273,286,"hatching",1,99
1927,7,"B7.S3xD2",273,286,"hatching",1,99
1928,7,"B7.S3xD2",273,286,"hatching",0,99
6248,7,"B7.S3xD2",273,286,"settling",1,100
6249,7,"B7.S3xD2",273,286,"settling",1,100
6250,7,"B7.S3xD2",273,286,"settling",1,100
6251,7,"B7.S3xD2",273,286,"settling",1,100
6252,7,"B7.S3xD2",273,286,"settling",1,100
6253,7,"B7.S3xD2",273,286,"settling",1,100
6254,7,"B7.S3xD2",273,286,"settling",1,100
6255,7,"B7.S3xD2",273,286,"settling",1,100
6256,7,"B7.S3xD2",273,286,"settling",1,100
6257,7,"B7.S3xD2",273,286,"settling",1,100
6258,7,"B7.S3xD2",273,286,"settling",1,100
6259,7,"B7.S3xD2",273,286,"settling",1,100
6260,7,"B7.S3xD2",273,286,"settling",1,100
6261,7,"B7.S3xD2",273,286,"settling",1,100
6262,7,"B7.S3xD2",273,286,"settling",1,100
6263,7,"B7.S3xD2",273,286,"settling",1,100
6264,7,"B7.S3xD2",273,286,"settling",1,100
6265,7,"B7.S3xD2",273,286,"settling",1,100
6266,7,"B7.S3xD2",273,286,"settling",0,100
6267,7,"B7.S3xD2",273,286,"settling",1,101
6268,7,"B7.S3xD2",273,286,"settling",1,101
6269,7,"B7.S3xD2",273,286,"settling",1,101
6270,7,"B7.S3xD2",273,286,"settling",1,101
6271,7,"B7.S3xD2",273,286,"settling",1,101
6272,7,"B7.S3xD2",273,286,"settling",1,101
6273,7,"B7.S3xD2",273,286,"settling",1,101
6274,7,"B7.S3xD2",273,286,"settling",1,101
6275,7,"B7.S3xD2",273,286,"settling",1,101
6276,7,"B7.S3xD2",273,286,"settling",1,101
6277,7,"B7.S3xD2",273,286,"settling",1,101
6278,7,"B7.S3xD2",273,286,"settling",1,101
6279,7,"B7.S3xD2",273,286,"settling",1,101
6280,7,"B7.S3xD2",273,286,"settling",1,101
6281,7,"B7.S3xD2",273,286,"settling",1,101
6282,7,"B7.S3xD2",273,286,"settling",1,101
6283,7,"B7.S3xD2",273,286,"settling",0,101
6284,7,"B7.S3xD2",273,286,"settling",0,101
6285,7,"B7.S3xD2",273,286,"settling",1,102
6286,7,"B7.S3xD2",273,286,"settling",1,102
6287,7,"B7.S3xD2",273,286,"settling",1,102
6288,7,"B7.S3xD2",273,286,"settling",1,102
6289,7,"B7.S3xD2",273,286,"settling",1,102
6290,7,"B7.S3xD2",273,286,"settling",1,102
6291,7,"B7.S3xD2",273,286,"settling",1,102
6292,7,"B7.S3xD2",273,286,"settling",1,102
6293,7,"B7.S3xD2",273,286,"settling",1,102
6294,7,"B7.S3xD2",273,286,"settling",1,102
6295,7,"B7.S3xD2",273,286,"settling",1,102
6296,7,"B7.S3xD2",273,286,"settling",1,102
6297,7,"B7.S3xD2",273,286,"settling",1,102
6298,7,"B7.S3xD2",273,286,"settling",1,102
6299,7,"B7.S3xD2",273,286,"settling",1,102
6300,7,"B7.S3xD2",273,286,"settling",1,102
6301,7,"B7.S3xD2",273,286,"settling",1,102
6302,7,"B7.S3xD2",273,286,"settling",1,102
6303,7,"B7.S3xD2",273,286,"settling",1,102
6304,7,"B7.S3xD2",273,286,"settling",0,102
247,7,"B7.S3xD3",273,287,"h.length",199.08,NA
247,7,"B7.S3xD3",273,287,"n.length",406.87,NA
248,7,"B7.S3xD3",273,287,"h.length",211.08,NA
248,7,"B7.S3xD3",273,287,"n.length",418.19,NA
249,7,"B7.S3xD3",273,287,"h.length",188.91,NA
249,7,"B7.S3xD3",273,287,"n.length",438.55,NA
250,7,"B7.S3xD3",273,287,"h.length",182.19,NA
250,7,"B7.S3xD3",273,287,"n.length",445.2,NA
251,7,"B7.S3xD3",273,287,"h.length",213.17,NA
251,7,"B7.S3xD3",273,287,"n.length",438.28,NA
252,7,"B7.S3xD3",273,287,"h.length",205.04,NA
252,7,"B7.S3xD3",273,287,"n.length",433.36,NA
253,7,"B7.S3xD3",273,287,"h.length",202.07,NA
253,7,"B7.S3xD3",273,287,"n.length",412.4,NA
254,7,"B7.S3xD3",273,287,"h.length",202.79,NA
254,7,"B7.S3xD3",273,287,"n.length",397.05,NA
255,7,"B7.S3xD3",273,287,"h.length",188.15,NA
255,7,"B7.S3xD3",273,287,"n.length",434.05,NA
256,7,"B7.S3xD3",273,287,"h.length",187.59,NA
256,7,"B7.S3xD3",273,287,"n.length",429.06,NA
257,7,"B7.S3xD3",273,287,"h.length",199.72,NA
257,7,"B7.S3xD3",273,287,"n.length",432.33,NA
258,7,"B7.S3xD3",273,287,"h.length",178.94,NA
258,7,"B7.S3xD3",273,287,"n.length",414.67,NA
1929,7,"B7.S3xD3",273,287,"hatching",1,103
1930,7,"B7.S3xD3",273,287,"hatching",1,103
1931,7,"B7.S3xD3",273,287,"hatching",1,103
1932,7,"B7.S3xD3",273,287,"hatching",1,103
1933,7,"B7.S3xD3",273,287,"hatching",1,103
1934,7,"B7.S3xD3",273,287,"hatching",1,103
1935,7,"B7.S3xD3",273,287,"hatching",1,103
1936,7,"B7.S3xD3",273,287,"hatching",1,103
1937,7,"B7.S3xD3",273,287,"hatching",1,103
1938,7,"B7.S3xD3",273,287,"hatching",1,103
1939,7,"B7.S3xD3",273,287,"hatching",1,103
1940,7,"B7.S3xD3",273,287,"hatching",1,103
1941,7,"B7.S3xD3",273,287,"hatching",1,103
1942,7,"B7.S3xD3",273,287,"hatching",1,103
1943,7,"B7.S3xD3",273,287,"hatching",1,103
1944,7,"B7.S3xD3",273,287,"hatching",1,103
1945,7,"B7.S3xD3",273,287,"hatching",1,103
1946,7,"B7.S3xD3",273,287,"hatching",0,103
1947,7,"B7.S3xD3",273,287,"hatching",0,103
1948,7,"B7.S3xD3",273,287,"hatching",0,103
1949,7,"B7.S3xD3",273,287,"hatching",0,103
1950,7,"B7.S3xD3",273,287,"hatching",0,103
1951,7,"B7.S3xD3",273,287,"hatching",0,103
1952,7,"B7.S3xD3",273,287,"hatching",1,104
1953,7,"B7.S3xD3",273,287,"hatching",1,104
1954,7,"B7.S3xD3",273,287,"hatching",1,104
1955,7,"B7.S3xD3",273,287,"hatching",1,104
1956,7,"B7.S3xD3",273,287,"hatching",1,104
1957,7,"B7.S3xD3",273,287,"hatching",1,104
1958,7,"B7.S3xD3",273,287,"hatching",1,104
1959,7,"B7.S3xD3",273,287,"hatching",1,104
1960,7,"B7.S3xD3",273,287,"hatching",1,104
1961,7,"B7.S3xD3",273,287,"hatching",1,104
1962,7,"B7.S3xD3",273,287,"hatching",1,104
1963,7,"B7.S3xD3",273,287,"hatching",0,104
1964,7,"B7.S3xD3",273,287,"hatching",0,104
1965,7,"B7.S3xD3",273,287,"hatching",0,104
1966,7,"B7.S3xD3",273,287,"hatching",0,104
1967,7,"B7.S3xD3",273,287,"hatching",0,104
1968,7,"B7.S3xD3",273,287,"hatching",0,104
1969,7,"B7.S3xD3",273,287,"hatching",1,105
1970,7,"B7.S3xD3",273,287,"hatching",1,105
1971,7,"B7.S3xD3",273,287,"hatching",1,105
1972,7,"B7.S3xD3",273,287,"hatching",1,105
1973,7,"B7.S3xD3",273,287,"hatching",1,105
1974,7,"B7.S3xD3",273,287,"hatching",1,105
1975,7,"B7.S3xD3",273,287,"hatching",1,105
1976,7,"B7.S3xD3",273,287,"hatching",1,105
1977,7,"B7.S3xD3",273,287,"hatching",1,105
1978,7,"B7.S3xD3",273,287,"hatching",1,105
1979,7,"B7.S3xD3",273,287,"hatching",1,105
1980,7,"B7.S3xD3",273,287,"hatching",1,105
1981,7,"B7.S3xD3",273,287,"hatching",1,105
1982,7,"B7.S3xD3",273,287,"hatching",0,105
1983,7,"B7.S3xD3",273,287,"hatching",0,105
1984,7,"B7.S3xD3",273,287,"hatching",0,105
1985,7,"B7.S3xD3",273,287,"hatching",0,105
6305,7,"B7.S3xD3",273,287,"settling",1,106
6306,7,"B7.S3xD3",273,287,"settling",1,106
6307,7,"B7.S3xD3",273,287,"settling",1,106
6308,7,"B7.S3xD3",273,287,"settling",1,106
6309,7,"B7.S3xD3",273,287,"settling",1,106
6310,7,"B7.S3xD3",273,287,"settling",1,106
6311,7,"B7.S3xD3",273,287,"settling",1,106
6312,7,"B7.S3xD3",273,287,"settling",1,106
6313,7,"B7.S3xD3",273,287,"settling",1,106
6314,7,"B7.S3xD3",273,287,"settling",1,106
6315,7,"B7.S3xD3",273,287,"settling",1,106
6316,7,"B7.S3xD3",273,287,"settling",1,106
6317,7,"B7.S3xD3",273,287,"settling",1,106
6318,7,"B7.S3xD3",273,287,"settling",1,106
6319,7,"B7.S3xD3",273,287,"settling",1,106
6320,7,"B7.S3xD3",273,287,"settling",1,106
6321,7,"B7.S3xD3",273,287,"settling",1,106
6322,7,"B7.S3xD3",273,287,"settling",1,106
6323,7,"B7.S3xD3",273,287,"settling",1,106
6324,7,"B7.S3xD3",273,287,"settling",0,106
6325,7,"B7.S3xD3",273,287,"settling",0,106
6326,7,"B7.S3xD3",273,287,"settling",1,107
6327,7,"B7.S3xD3",273,287,"settling",1,107
6328,7,"B7.S3xD3",273,287,"settling",1,107
6329,7,"B7.S3xD3",273,287,"settling",1,107
6330,7,"B7.S3xD3",273,287,"settling",1,107
6331,7,"B7.S3xD3",273,287,"settling",1,107
6332,7,"B7.S3xD3",273,287,"settling",1,107
6333,7,"B7.S3xD3",273,287,"settling",1,107
6334,7,"B7.S3xD3",273,287,"settling",1,107
6335,7,"B7.S3xD3",273,287,"settling",1,107
6336,7,"B7.S3xD3",273,287,"settling",1,107
6337,7,"B7.S3xD3",273,287,"settling",1,107
6338,7,"B7.S3xD3",273,287,"settling",1,107
6339,7,"B7.S3xD3",273,287,"settling",1,107
6340,7,"B7.S3xD3",273,287,"settling",1,107
6341,7,"B7.S3xD3",273,287,"settling",0,107
6342,7,"B7.S3xD3",273,287,"settling",0,107
6343,7,"B7.S3xD3",273,287,"settling",0,107
6344,7,"B7.S3xD3",273,287,"settling",1,108
6345,7,"B7.S3xD3",273,287,"settling",1,108
6346,7,"B7.S3xD3",273,287,"settling",1,108
6347,7,"B7.S3xD3",273,287,"settling",1,108
6348,7,"B7.S3xD3",273,287,"settling",1,108
6349,7,"B7.S3xD3",273,287,"settling",1,108
6350,7,"B7.S3xD3",273,287,"settling",1,108
6351,7,"B7.S3xD3",273,287,"settling",1,108
6352,7,"B7.S3xD3",273,287,"settling",1,108
6353,7,"B7.S3xD3",273,287,"settling",1,108
6354,7,"B7.S3xD3",273,287,"settling",1,108
6355,7,"B7.S3xD3",273,287,"settling",1,108
6356,7,"B7.S3xD3",273,287,"settling",1,108
6357,7,"B7.S3xD3",273,287,"settling",1,108
6358,7,"B7.S3xD3",273,287,"settling",1,108
6359,7,"B7.S3xD3",273,287,"settling",1,108
6360,7,"B7.S3xD3",273,287,"settling",1,108
6361,7,"B7.S3xD3",273,287,"settling",1,108
6362,7,"B7.S3xD3",273,287,"settling",1,108
288,8,"B8.S1xD1",672,675,"h.length",209.37,NA
288,8,"B8.S1xD1",672,675,"n.length",460.55,NA
289,8,"B8.S1xD1",672,675,"h.length",201.9,NA
289,8,"B8.S1xD1",672,675,"n.length",452.91,NA
290,8,"B8.S1xD1",672,675,"h.length",214.05,NA
290,8,"B8.S1xD1",672,675,"n.length",469.54,NA
291,8,"B8.S1xD1",672,675,"h.length",209.28,NA
291,8,"B8.S1xD1",672,675,"n.length",456.45,NA
292,8,"B8.S1xD1",672,675,"h.length",220,NA
292,8,"B8.S1xD1",672,675,"n.length",425.63,NA
293,8,"B8.S1xD1",672,675,"h.length",209.43,NA
293,8,"B8.S1xD1",672,675,"n.length",456.87,NA
294,8,"B8.S1xD1",672,675,"h.length",207.93,NA
294,8,"B8.S1xD1",672,675,"n.length",450,NA
295,8,"B8.S1xD1",672,675,"h.length",216.17,NA
295,8,"B8.S1xD1",672,675,"n.length",428.25,NA
296,8,"B8.S1xD1",672,675,"h.length",208.98,NA
296,8,"B8.S1xD1",672,675,"n.length",422.94,NA
297,8,"B8.S1xD1",672,675,"h.length",197.66,NA
297,8,"B8.S1xD1",672,675,"n.length",433.67,NA
298,8,"B8.S1xD1",672,675,"h.length",194.94,NA
298,8,"B8.S1xD1",672,675,"n.length",435.27,NA
299,8,"B8.S1xD1",672,675,"h.length",221.98,NA
299,8,"B8.S1xD1",672,675,"n.length",440.7,NA
1986,8,"B8.S1xD1",672,675,"hatching",1,109
1987,8,"B8.S1xD1",672,675,"hatching",1,109
1988,8,"B8.S1xD1",672,675,"hatching",1,109
1989,8,"B8.S1xD1",672,675,"hatching",1,109
1990,8,"B8.S1xD1",672,675,"hatching",1,109
1991,8,"B8.S1xD1",672,675,"hatching",1,109
1992,8,"B8.S1xD1",672,675,"hatching",1,109
1993,8,"B8.S1xD1",672,675,"hatching",1,109
1994,8,"B8.S1xD1",672,675,"hatching",1,109
1995,8,"B8.S1xD1",672,675,"hatching",1,109
1996,8,"B8.S1xD1",672,675,"hatching",1,109
1997,8,"B8.S1xD1",672,675,"hatching",1,109
1998,8,"B8.S1xD1",672,675,"hatching",1,109
1999,8,"B8.S1xD1",672,675,"hatching",1,109
2000,8,"B8.S1xD1",672,675,"hatching",1,109
2001,8,"B8.S1xD1",672,675,"hatching",1,109
2002,8,"B8.S1xD1",672,675,"hatching",1,109
2003,8,"B8.S1xD1",672,675,"hatching",1,109
2004,8,"B8.S1xD1",672,675,"hatching",0,109
2005,8,"B8.S1xD1",672,675,"hatching",0,109
2006,8,"B8.S1xD1",672,675,"hatching",1,110
2007,8,"B8.S1xD1",672,675,"hatching",1,110
2008,8,"B8.S1xD1",672,675,"hatching",1,110
2009,8,"B8.S1xD1",672,675,"hatching",1,110
2010,8,"B8.S1xD1",672,675,"hatching",1,110
2011,8,"B8.S1xD1",672,675,"hatching",1,110
2012,8,"B8.S1xD1",672,675,"hatching",1,110
2013,8,"B8.S1xD1",672,675,"hatching",1,110
2014,8,"B8.S1xD1",672,675,"hatching",1,110
2015,8,"B8.S1xD1",672,675,"hatching",1,110
2016,8,"B8.S1xD1",672,675,"hatching",1,110
2017,8,"B8.S1xD1",672,675,"hatching",1,110
2018,8,"B8.S1xD1",672,675,"hatching",1,110
2019,8,"B8.S1xD1",672,675,"hatching",1,110
2020,8,"B8.S1xD1",672,675,"hatching",1,110
2021,8,"B8.S1xD1",672,675,"hatching",1,110
2022,8,"B8.S1xD1",672,675,"hatching",1,110
2023,8,"B8.S1xD1",672,675,"hatching",1,110
2024,8,"B8.S1xD1",672,675,"hatching",1,110
2025,8,"B8.S1xD1",672,675,"hatching",0,110
2026,8,"B8.S1xD1",672,675,"hatching",0,110
6363,8,"B8.S1xD1",672,675,"settling",1,111
6364,8,"B8.S1xD1",672,675,"settling",1,111
6365,8,"B8.S1xD1",672,675,"settling",1,111
6366,8,"B8.S1xD1",672,675,"settling",1,111
6367,8,"B8.S1xD1",672,675,"settling",1,111
6368,8,"B8.S1xD1",672,675,"settling",1,111
6369,8,"B8.S1xD1",672,675,"settling",1,111
6370,8,"B8.S1xD1",672,675,"settling",1,111
6371,8,"B8.S1xD1",672,675,"settling",1,111
6372,8,"B8.S1xD1",672,675,"settling",1,111
6373,8,"B8.S1xD1",672,675,"settling",1,111
6374,8,"B8.S1xD1",672,675,"settling",1,111
6375,8,"B8.S1xD1",672,675,"settling",1,111
6376,8,"B8.S1xD1",672,675,"settling",0,111
6377,8,"B8.S1xD1",672,675,"settling",0,111
6378,8,"B8.S1xD1",672,675,"settling",0,111
6379,8,"B8.S1xD1",672,675,"settling",0,111
6380,8,"B8.S1xD1",672,675,"settling",0,111
6381,8,"B8.S1xD1",672,675,"settling",0,111
6382,8,"B8.S1xD1",672,675,"settling",0,111
6383,8,"B8.S1xD1",672,675,"settling",0,111
6384,8,"B8.S1xD1",672,675,"settling",1,112
6385,8,"B8.S1xD1",672,675,"settling",1,112
6386,8,"B8.S1xD1",672,675,"settling",1,112
6387,8,"B8.S1xD1",672,675,"settling",1,112
6388,8,"B8.S1xD1",672,675,"settling",1,112
6389,8,"B8.S1xD1",672,675,"settling",1,112
6390,8,"B8.S1xD1",672,675,"settling",1,112
6391,8,"B8.S1xD1",672,675,"settling",1,112
6392,8,"B8.S1xD1",672,675,"settling",1,112
6393,8,"B8.S1xD1",672,675,"settling",1,112
6394,8,"B8.S1xD1",672,675,"settling",1,112
6395,8,"B8.S1xD1",672,675,"settling",1,112
6396,8,"B8.S1xD1",672,675,"settling",0,112
6397,8,"B8.S1xD1",672,675,"settling",0,112
6398,8,"B8.S1xD1",672,675,"settling",0,112
6399,8,"B8.S1xD1",672,675,"settling",0,112
6400,8,"B8.S1xD1",672,675,"settling",0,112
6401,8,"B8.S1xD1",672,675,"settling",0,112
6402,8,"B8.S1xD1",672,675,"settling",0,112
6403,8,"B8.S1xD1",672,675,"settling",0,112
6404,8,"B8.S1xD1",672,675,"settling",1,113
6405,8,"B8.S1xD1",672,675,"settling",1,113
6406,8,"B8.S1xD1",672,675,"settling",1,113
6407,8,"B8.S1xD1",672,675,"settling",1,113
6408,8,"B8.S1xD1",672,675,"settling",1,113
6409,8,"B8.S1xD1",672,675,"settling",1,113
6410,8,"B8.S1xD1",672,675,"settling",1,113
6411,8,"B8.S1xD1",672,675,"settling",1,113
6412,8,"B8.S1xD1",672,675,"settling",1,113
6413,8,"B8.S1xD1",672,675,"settling",1,113
6414,8,"B8.S1xD1",672,675,"settling",1,113
6415,8,"B8.S1xD1",672,675,"settling",1,113
6416,8,"B8.S1xD1",672,675,"settling",1,113
6417,8,"B8.S1xD1",672,675,"settling",1,113
6418,8,"B8.S1xD1",672,675,"settling",0,113
6419,8,"B8.S1xD1",672,675,"settling",0,113
6420,8,"B8.S1xD1",672,675,"settling",0,113
6421,8,"B8.S1xD1",672,675,"settling",0,113
6422,8,"B8.S1xD1",672,675,"settling",0,113
6423,8,"B8.S1xD1",672,675,"settling",0,113
6424,8,"B8.S1xD1",672,675,"settling",0,113
6425,8,"B8.S1xD1",672,675,"settling",0,113
6426,8,"B8.S1xD1",672,675,"settling",0,113
6427,8,"B8.S1xD1",672,675,"settling",0,113
6428,8,"B8.S1xD1",672,675,"settling",0,113
300,8,"B8.S1xD2",672,676,"h.length",197.23,NA
300,8,"B8.S1xD2",672,676,"n.length",440.74,NA
301,8,"B8.S1xD2",672,676,"h.length",163.89,NA
301,8,"B8.S1xD2",672,676,"n.length",399.93,NA
302,8,"B8.S1xD2",672,676,"h.length",187.16,NA
302,8,"B8.S1xD2",672,676,"n.length",442.36,NA
303,8,"B8.S1xD2",672,676,"h.length",194.13,NA
303,8,"B8.S1xD2",672,676,"n.length",428.01,NA
304,8,"B8.S1xD2",672,676,"h.length",199.31,NA
304,8,"B8.S1xD2",672,676,"n.length",453.53,NA
305,8,"B8.S1xD2",672,676,"h.length",199.05,NA
305,8,"B8.S1xD2",672,676,"n.length",454.14,NA
306,8,"B8.S1xD2",672,676,"h.length",213.47,NA
306,8,"B8.S1xD2",672,676,"n.length",446.53,NA
307,8,"B8.S1xD2",672,676,"h.length",203.66,NA
307,8,"B8.S1xD2",672,676,"n.length",463.95,NA
308,8,"B8.S1xD2",672,676,"h.length",218.43,NA
308,8,"B8.S1xD2",672,676,"n.length",460.74,NA
309,8,"B8.S1xD2",672,676,"h.length",224.51,NA
309,8,"B8.S1xD2",672,676,"n.length",451.42,NA
310,8,"B8.S1xD2",672,676,"h.length",203.77,NA
310,8,"B8.S1xD2",672,676,"n.length",434.5,NA
311,8,"B8.S1xD2",672,676,"h.length",215.17,NA
311,8,"B8.S1xD2",672,676,"n.length",459.4,NA
2027,8,"B8.S1xD2",672,676,"hatching",1,114
2028,8,"B8.S1xD2",672,676,"hatching",1,114
2029,8,"B8.S1xD2",672,676,"hatching",1,114
2030,8,"B8.S1xD2",672,676,"hatching",1,114
2031,8,"B8.S1xD2",672,676,"hatching",1,114
2032,8,"B8.S1xD2",672,676,"hatching",1,114
2033,8,"B8.S1xD2",672,676,"hatching",1,114
2034,8,"B8.S1xD2",672,676,"hatching",1,114
2035,8,"B8.S1xD2",672,676,"hatching",1,114
2036,8,"B8.S1xD2",672,676,"hatching",1,114
2037,8,"B8.S1xD2",672,676,"hatching",1,114
2038,8,"B8.S1xD2",672,676,"hatching",1,114
2039,8,"B8.S1xD2",672,676,"hatching",1,114
2040,8,"B8.S1xD2",672,676,"hatching",1,114
2041,8,"B8.S1xD2",672,676,"hatching",1,114
2042,8,"B8.S1xD2",672,676,"hatching",1,114
2043,8,"B8.S1xD2",672,676,"hatching",0,114
2044,8,"B8.S1xD2",672,676,"hatching",0,114
2045,8,"B8.S1xD2",672,676,"hatching",0,114
2046,8,"B8.S1xD2",672,676,"hatching",1,115
2047,8,"B8.S1xD2",672,676,"hatching",1,115
2048,8,"B8.S1xD2",672,676,"hatching",1,115
2049,8,"B8.S1xD2",672,676,"hatching",1,115
2050,8,"B8.S1xD2",672,676,"hatching",1,115
2051,8,"B8.S1xD2",672,676,"hatching",1,115
2052,8,"B8.S1xD2",672,676,"hatching",1,115
2053,8,"B8.S1xD2",672,676,"hatching",1,115
2054,8,"B8.S1xD2",672,676,"hatching",1,115
2055,8,"B8.S1xD2",672,676,"hatching",1,115
2056,8,"B8.S1xD2",672,676,"hatching",1,115
2057,8,"B8.S1xD2",672,676,"hatching",1,115
2058,8,"B8.S1xD2",672,676,"hatching",1,115
2059,8,"B8.S1xD2",672,676,"hatching",1,115
2060,8,"B8.S1xD2",672,676,"hatching",1,115
2061,8,"B8.S1xD2",672,676,"hatching",1,115
2062,8,"B8.S1xD2",672,676,"hatching",1,115
2063,8,"B8.S1xD2",672,676,"hatching",1,115
2064,8,"B8.S1xD2",672,676,"hatching",0,115
6429,8,"B8.S1xD2",672,676,"settling",1,116
6430,8,"B8.S1xD2",672,676,"settling",1,116
6431,8,"B8.S1xD2",672,676,"settling",1,116
6432,8,"B8.S1xD2",672,676,"settling",1,116
6433,8,"B8.S1xD2",672,676,"settling",1,116
6434,8,"B8.S1xD2",672,676,"settling",1,116
6435,8,"B8.S1xD2",672,676,"settling",1,116
6436,8,"B8.S1xD2",672,676,"settling",1,116
6437,8,"B8.S1xD2",672,676,"settling",1,116
6438,8,"B8.S1xD2",672,676,"settling",1,116
6439,8,"B8.S1xD2",672,676,"settling",1,116
6440,8,"B8.S1xD2",672,676,"settling",1,116
6441,8,"B8.S1xD2",672,676,"settling",1,116
6442,8,"B8.S1xD2",672,676,"settling",1,116
6443,8,"B8.S1xD2",672,676,"settling",1,116
6444,8,"B8.S1xD2",672,676,"settling",1,116
6445,8,"B8.S1xD2",672,676,"settling",1,116
6446,8,"B8.S1xD2",672,676,"settling",0,116
6447,8,"B8.S1xD2",672,676,"settling",0,116
6448,8,"B8.S1xD2",672,676,"settling",0,116
6449,8,"B8.S1xD2",672,676,"settling",1,117
6450,8,"B8.S1xD2",672,676,"settling",1,117
6451,8,"B8.S1xD2",672,676,"settling",1,117
6452,8,"B8.S1xD2",672,676,"settling",1,117
6453,8,"B8.S1xD2",672,676,"settling",1,117
6454,8,"B8.S1xD2",672,676,"settling",1,117
6455,8,"B8.S1xD2",672,676,"settling",1,117
6456,8,"B8.S1xD2",672,676,"settling",1,117
6457,8,"B8.S1xD2",672,676,"settling",1,117
6458,8,"B8.S1xD2",672,676,"settling",1,117
6459,8,"B8.S1xD2",672,676,"settling",1,117
6460,8,"B8.S1xD2",672,676,"settling",0,117
6461,8,"B8.S1xD2",672,676,"settling",0,117
6462,8,"B8.S1xD2",672,676,"settling",0,117
6463,8,"B8.S1xD2",672,676,"settling",0,117
6464,8,"B8.S1xD2",672,676,"settling",0,117
6465,8,"B8.S1xD2",672,676,"settling",0,117
6466,8,"B8.S1xD2",672,676,"settling",0,117
6467,8,"B8.S1xD2",672,676,"settling",0,117
312,8,"B8.S1xD3",672,677,"h.length",211.62,NA
312,8,"B8.S1xD3",672,677,"n.length",437.6,NA
313,8,"B8.S1xD3",672,677,"h.length",208.74,NA
313,8,"B8.S1xD3",672,677,"n.length",465.54,NA
314,8,"B8.S1xD3",672,677,"h.length",211.41,NA
314,8,"B8.S1xD3",672,677,"n.length",460.61,NA
315,8,"B8.S1xD3",672,677,"h.length",201.8,NA
315,8,"B8.S1xD3",672,677,"n.length",465.8,NA
316,8,"B8.S1xD3",672,677,"h.length",216.55,NA
316,8,"B8.S1xD3",672,677,"n.length",456.49,NA
317,8,"B8.S1xD3",672,677,"h.length",210.95,NA
317,8,"B8.S1xD3",672,677,"n.length",462.85,NA
318,8,"B8.S1xD3",672,677,"h.length",217.7,NA
318,8,"B8.S1xD3",672,677,"n.length",467.34,NA
319,8,"B8.S1xD3",672,677,"h.length",211.1,NA
319,8,"B8.S1xD3",672,677,"n.length",448.46,NA
320,8,"B8.S1xD3",672,677,"h.length",215.79,NA
320,8,"B8.S1xD3",672,677,"n.length",466.37,NA
321,8,"B8.S1xD3",672,677,"h.length",203.63,NA
321,8,"B8.S1xD3",672,677,"n.length",388.13,NA
322,8,"B8.S1xD3",672,677,"h.length",222.7,NA
322,8,"B8.S1xD3",672,677,"n.length",452.33,NA
323,8,"B8.S1xD3",672,677,"h.length",212.68,NA
323,8,"B8.S1xD3",672,677,"n.length",445.26,NA
2065,8,"B8.S1xD3",672,677,"hatching",1,118
2066,8,"B8.S1xD3",672,677,"hatching",1,118
2067,8,"B8.S1xD3",672,677,"hatching",1,118
2068,8,"B8.S1xD3",672,677,"hatching",1,118
2069,8,"B8.S1xD3",672,677,"hatching",1,118
2070,8,"B8.S1xD3",672,677,"hatching",1,118
2071,8,"B8.S1xD3",672,677,"hatching",1,118
2072,8,"B8.S1xD3",672,677,"hatching",1,118
2073,8,"B8.S1xD3",672,677,"hatching",1,118
2074,8,"B8.S1xD3",672,677,"hatching",1,118
2075,8,"B8.S1xD3",672,677,"hatching",0,118
2076,8,"B8.S1xD3",672,677,"hatching",0,118
2077,8,"B8.S1xD3",672,677,"hatching",0,118
2078,8,"B8.S1xD3",672,677,"hatching",0,118
2079,8,"B8.S1xD3",672,677,"hatching",1,119
2080,8,"B8.S1xD3",672,677,"hatching",1,119
2081,8,"B8.S1xD3",672,677,"hatching",1,119
2082,8,"B8.S1xD3",672,677,"hatching",1,119
2083,8,"B8.S1xD3",672,677,"hatching",1,119
2084,8,"B8.S1xD3",672,677,"hatching",1,119
2085,8,"B8.S1xD3",672,677,"hatching",1,119
2086,8,"B8.S1xD3",672,677,"hatching",1,119
2087,8,"B8.S1xD3",672,677,"hatching",1,119
2088,8,"B8.S1xD3",672,677,"hatching",1,119
2089,8,"B8.S1xD3",672,677,"hatching",1,119
2090,8,"B8.S1xD3",672,677,"hatching",0,119
2091,8,"B8.S1xD3",672,677,"hatching",0,119
2092,8,"B8.S1xD3",672,677,"hatching",0,119
2093,8,"B8.S1xD3",672,677,"hatching",0,119
6468,8,"B8.S1xD3",672,677,"settling",1,120
6469,8,"B8.S1xD3",672,677,"settling",1,120
6470,8,"B8.S1xD3",672,677,"settling",1,120
6471,8,"B8.S1xD3",672,677,"settling",1,120
6472,8,"B8.S1xD3",672,677,"settling",1,120
6473,8,"B8.S1xD3",672,677,"settling",1,120
6474,8,"B8.S1xD3",672,677,"settling",1,120
6475,8,"B8.S1xD3",672,677,"settling",1,120
6476,8,"B8.S1xD3",672,677,"settling",0,120
6477,8,"B8.S1xD3",672,677,"settling",0,120
6478,8,"B8.S1xD3",672,677,"settling",0,120
6479,8,"B8.S1xD3",672,677,"settling",0,120
6480,8,"B8.S1xD3",672,677,"settling",0,120
6481,8,"B8.S1xD3",672,677,"settling",0,120
6482,8,"B8.S1xD3",672,677,"settling",0,120
6483,8,"B8.S1xD3",672,677,"settling",0,120
6484,8,"B8.S1xD3",672,677,"settling",0,120
6485,8,"B8.S1xD3",672,677,"settling",0,120
6486,8,"B8.S1xD3",672,677,"settling",0,120
6487,8,"B8.S1xD3",672,677,"settling",0,120
6488,8,"B8.S1xD3",672,677,"settling",0,120
6489,8,"B8.S1xD3",672,677,"settling",1,121
6490,8,"B8.S1xD3",672,677,"settling",1,121
6491,8,"B8.S1xD3",672,677,"settling",1,121
6492,8,"B8.S1xD3",672,677,"settling",1,121
6493,8,"B8.S1xD3",672,677,"settling",1,121
6494,8,"B8.S1xD3",672,677,"settling",1,121
6495,8,"B8.S1xD3",672,677,"settling",1,121
6496,8,"B8.S1xD3",672,677,"settling",1,121
6497,8,"B8.S1xD3",672,677,"settling",1,121
6498,8,"B8.S1xD3",672,677,"settling",1,121
6499,8,"B8.S1xD3",672,677,"settling",1,121
6500,8,"B8.S1xD3",672,677,"settling",1,121
6501,8,"B8.S1xD3",672,677,"settling",0,121
6502,8,"B8.S1xD3",672,677,"settling",0,121
6503,8,"B8.S1xD3",672,677,"settling",0,121
6504,8,"B8.S1xD3",672,677,"settling",0,121
6505,8,"B8.S1xD3",672,677,"settling",0,121
6506,8,"B8.S1xD3",672,677,"settling",0,121
6507,8,"B8.S1xD3",672,677,"settling",0,121
6508,8,"B8.S1xD3",672,677,"settling",1,122
6509,8,"B8.S1xD3",672,677,"settling",1,122
6510,8,"B8.S1xD3",672,677,"settling",1,122
6511,8,"B8.S1xD3",672,677,"settling",1,122
6512,8,"B8.S1xD3",672,677,"settling",0,122
6513,8,"B8.S1xD3",672,677,"settling",0,122
6514,8,"B8.S1xD3",672,677,"settling",0,122
6515,8,"B8.S1xD3",672,677,"settling",0,122
6516,8,"B8.S1xD3",672,677,"settling",0,122
6517,8,"B8.S1xD3",672,677,"settling",0,122
6518,8,"B8.S1xD3",672,677,"settling",0,122
324,8,"B8.S2xD1",673,675,"h.length",201.62,NA
324,8,"B8.S2xD1",673,675,"n.length",480.14,NA
325,8,"B8.S2xD1",673,675,"h.length",213.12,NA
325,8,"B8.S2xD1",673,675,"n.length",466.08,NA
326,8,"B8.S2xD1",673,675,"h.length",204.31,NA
326,8,"B8.S2xD1",673,675,"n.length",466.28,NA
327,8,"B8.S2xD1",673,675,"h.length",210.23,NA
327,8,"B8.S2xD1",673,675,"n.length",472.41,NA
328,8,"B8.S2xD1",673,675,"h.length",210.16,NA
328,8,"B8.S2xD1",673,675,"n.length",462,NA
329,8,"B8.S2xD1",673,675,"h.length",201.42,NA
329,8,"B8.S2xD1",673,675,"n.length",475.56,NA
330,8,"B8.S2xD1",673,675,"h.length",189.87,NA
330,8,"B8.S2xD1",673,675,"n.length",406,NA
331,8,"B8.S2xD1",673,675,"h.length",196.71,NA
331,8,"B8.S2xD1",673,675,"n.length",441.83,NA
332,8,"B8.S2xD1",673,675,"h.length",211.4,NA
332,8,"B8.S2xD1",673,675,"n.length",452.76,NA
333,8,"B8.S2xD1",673,675,"h.length",202.99,NA
333,8,"B8.S2xD1",673,675,"n.length",469.91,NA
334,8,"B8.S2xD1",673,675,"h.length",206.95,NA
334,8,"B8.S2xD1",673,675,"n.length",474.24,NA
335,8,"B8.S2xD1",673,675,"h.length",205.21,NA
335,8,"B8.S2xD1",673,675,"n.length",482.14,NA
2094,8,"B8.S2xD1",673,675,"hatching",1,123
2095,8,"B8.S2xD1",673,675,"hatching",1,123
2096,8,"B8.S2xD1",673,675,"hatching",1,123
2097,8,"B8.S2xD1",673,675,"hatching",1,123
2098,8,"B8.S2xD1",673,675,"hatching",1,123
2099,8,"B8.S2xD1",673,675,"hatching",1,123
2100,8,"B8.S2xD1",673,675,"hatching",1,123
2101,8,"B8.S2xD1",673,675,"hatching",1,123
2102,8,"B8.S2xD1",673,675,"hatching",1,123
2103,8,"B8.S2xD1",673,675,"hatching",1,123
2104,8,"B8.S2xD1",673,675,"hatching",1,123
2105,8,"B8.S2xD1",673,675,"hatching",1,123
2106,8,"B8.S2xD1",673,675,"hatching",1,123
2107,8,"B8.S2xD1",673,675,"hatching",1,123
2108,8,"B8.S2xD1",673,675,"hatching",1,123
2109,8,"B8.S2xD1",673,675,"hatching",1,123
2110,8,"B8.S2xD1",673,675,"hatching",1,123
2111,8,"B8.S2xD1",673,675,"hatching",0,123
2112,8,"B8.S2xD1",673,675,"hatching",0,123
2113,8,"B8.S2xD1",673,675,"hatching",1,124
2114,8,"B8.S2xD1",673,675,"hatching",1,124
2115,8,"B8.S2xD1",673,675,"hatching",1,124
2116,8,"B8.S2xD1",673,675,"hatching",1,124
2117,8,"B8.S2xD1",673,675,"hatching",1,124
2118,8,"B8.S2xD1",673,675,"hatching",1,124
2119,8,"B8.S2xD1",673,675,"hatching",1,124
2120,8,"B8.S2xD1",673,675,"hatching",1,124
2121,8,"B8.S2xD1",673,675,"hatching",1,124
2122,8,"B8.S2xD1",673,675,"hatching",1,124
2123,8,"B8.S2xD1",673,675,"hatching",1,124
2124,8,"B8.S2xD1",673,675,"hatching",1,124
2125,8,"B8.S2xD1",673,675,"hatching",1,124
2126,8,"B8.S2xD1",673,675,"hatching",1,124
2127,8,"B8.S2xD1",673,675,"hatching",1,124
2128,8,"B8.S2xD1",673,675,"hatching",1,124
2129,8,"B8.S2xD1",673,675,"hatching",1,124
2130,8,"B8.S2xD1",673,675,"hatching",1,124
2131,8,"B8.S2xD1",673,675,"hatching",1,124
2132,8,"B8.S2xD1",673,675,"hatching",1,124
2133,8,"B8.S2xD1",673,675,"hatching",1,124
2134,8,"B8.S2xD1",673,675,"hatching",1,124
2135,8,"B8.S2xD1",673,675,"hatching",1,124
2136,8,"B8.S2xD1",673,675,"hatching",1,124
2137,8,"B8.S2xD1",673,675,"hatching",1,124
2138,8,"B8.S2xD1",673,675,"hatching",1,124
2139,8,"B8.S2xD1",673,675,"hatching",1,124
2140,8,"B8.S2xD1",673,675,"hatching",1,124
2141,8,"B8.S2xD1",673,675,"hatching",1,124
2142,8,"B8.S2xD1",673,675,"hatching",0,124
2143,8,"B8.S2xD1",673,675,"hatching",0,124
2144,8,"B8.S2xD1",673,675,"hatching",0,124
6519,8,"B8.S2xD1",673,675,"settling",1,125
6520,8,"B8.S2xD1",673,675,"settling",1,125
6521,8,"B8.S2xD1",673,675,"settling",1,125
6522,8,"B8.S2xD1",673,675,"settling",1,125
6523,8,"B8.S2xD1",673,675,"settling",1,125
6524,8,"B8.S2xD1",673,675,"settling",1,125
6525,8,"B8.S2xD1",673,675,"settling",1,125
6526,8,"B8.S2xD1",673,675,"settling",1,125
6527,8,"B8.S2xD1",673,675,"settling",1,125
6528,8,"B8.S2xD1",673,675,"settling",1,125
6529,8,"B8.S2xD1",673,675,"settling",1,125
6530,8,"B8.S2xD1",673,675,"settling",1,125
6531,8,"B8.S2xD1",673,675,"settling",0,125
6532,8,"B8.S2xD1",673,675,"settling",0,125
6533,8,"B8.S2xD1",673,675,"settling",0,125
6534,8,"B8.S2xD1",673,675,"settling",0,125
6535,8,"B8.S2xD1",673,675,"settling",0,125
6536,8,"B8.S2xD1",673,675,"settling",0,125
6537,8,"B8.S2xD1",673,675,"settling",0,125
6538,8,"B8.S2xD1",673,675,"settling",1,126
6539,8,"B8.S2xD1",673,675,"settling",1,126
6540,8,"B8.S2xD1",673,675,"settling",1,126
6541,8,"B8.S2xD1",673,675,"settling",1,126
6542,8,"B8.S2xD1",673,675,"settling",1,126
6543,8,"B8.S2xD1",673,675,"settling",1,126
6544,8,"B8.S2xD1",673,675,"settling",1,126
6545,8,"B8.S2xD1",673,675,"settling",1,126
6546,8,"B8.S2xD1",673,675,"settling",1,126
6547,8,"B8.S2xD1",673,675,"settling",1,126
6548,8,"B8.S2xD1",673,675,"settling",1,126
6549,8,"B8.S2xD1",673,675,"settling",1,126
6550,8,"B8.S2xD1",673,675,"settling",1,126
6551,8,"B8.S2xD1",673,675,"settling",1,126
6552,8,"B8.S2xD1",673,675,"settling",1,126
6553,8,"B8.S2xD1",673,675,"settling",1,126
6554,8,"B8.S2xD1",673,675,"settling",0,126
6555,8,"B8.S2xD1",673,675,"settling",0,126
6556,8,"B8.S2xD1",673,675,"settling",0,126
6557,8,"B8.S2xD1",673,675,"settling",0,126
6558,8,"B8.S2xD1",673,675,"settling",1,127
6559,8,"B8.S2xD1",673,675,"settling",1,127
6560,8,"B8.S2xD1",673,675,"settling",1,127
6561,8,"B8.S2xD1",673,675,"settling",1,127
6562,8,"B8.S2xD1",673,675,"settling",1,127
6563,8,"B8.S2xD1",673,675,"settling",1,127
6564,8,"B8.S2xD1",673,675,"settling",1,127
6565,8,"B8.S2xD1",673,675,"settling",1,127
6566,8,"B8.S2xD1",673,675,"settling",1,127
6567,8,"B8.S2xD1",673,675,"settling",1,127
6568,8,"B8.S2xD1",673,675,"settling",1,127
6569,8,"B8.S2xD1",673,675,"settling",1,127
6570,8,"B8.S2xD1",673,675,"settling",1,127
6571,8,"B8.S2xD1",673,675,"settling",1,127
6572,8,"B8.S2xD1",673,675,"settling",1,127
6573,8,"B8.S2xD1",673,675,"settling",1,127
6574,8,"B8.S2xD1",673,675,"settling",1,127
6575,8,"B8.S2xD1",673,675,"settling",1,127
6576,8,"B8.S2xD1",673,675,"settling",1,127
6577,8,"B8.S2xD1",673,675,"settling",1,127
336,8,"B8.S2xD2",673,676,"h.length",201.19,NA
336,8,"B8.S2xD2",673,676,"n.length",481.39,NA
337,8,"B8.S2xD2",673,676,"h.length",198.58,NA
337,8,"B8.S2xD2",673,676,"n.length",474.99,NA
338,8,"B8.S2xD2",673,676,"h.length",193.8,NA
338,8,"B8.S2xD2",673,676,"n.length",465.89,NA
339,8,"B8.S2xD2",673,676,"h.length",200.96,NA
339,8,"B8.S2xD2",673,676,"n.length",467.65,NA
340,8,"B8.S2xD2",673,676,"h.length",204.12,NA
340,8,"B8.S2xD2",673,676,"n.length",476.44,NA
341,8,"B8.S2xD2",673,676,"h.length",218.25,NA
341,8,"B8.S2xD2",673,676,"n.length",467.65,NA
342,8,"B8.S2xD2",673,676,"h.length",222.25,NA
342,8,"B8.S2xD2",673,676,"n.length",467.47,NA
343,8,"B8.S2xD2",673,676,"h.length",212.36,NA
343,8,"B8.S2xD2",673,676,"n.length",468.44,NA
344,8,"B8.S2xD2",673,676,"h.length",205.86,NA
344,8,"B8.S2xD2",673,676,"n.length",480.95,NA
345,8,"B8.S2xD2",673,676,"h.length",199.59,NA
345,8,"B8.S2xD2",673,676,"n.length",471.14,NA
346,8,"B8.S2xD2",673,676,"h.length",208.08,NA
346,8,"B8.S2xD2",673,676,"n.length",479.24,NA
347,8,"B8.S2xD2",673,676,"h.length",207.07,NA
347,8,"B8.S2xD2",673,676,"n.length",459.74,NA
2145,8,"B8.S2xD2",673,676,"hatching",1,128
2146,8,"B8.S2xD2",673,676,"hatching",1,128
2147,8,"B8.S2xD2",673,676,"hatching",1,128
2148,8,"B8.S2xD2",673,676,"hatching",1,128
2149,8,"B8.S2xD2",673,676,"hatching",1,128
2150,8,"B8.S2xD2",673,676,"hatching",1,128
2151,8,"B8.S2xD2",673,676,"hatching",1,128
2152,8,"B8.S2xD2",673,676,"hatching",1,128
2153,8,"B8.S2xD2",673,676,"hatching",1,128
2154,8,"B8.S2xD2",673,676,"hatching",1,128
2155,8,"B8.S2xD2",673,676,"hatching",1,128
2156,8,"B8.S2xD2",673,676,"hatching",1,128
2157,8,"B8.S2xD2",673,676,"hatching",1,128
2158,8,"B8.S2xD2",673,676,"hatching",1,128
2159,8,"B8.S2xD2",673,676,"hatching",1,128
2160,8,"B8.S2xD2",673,676,"hatching",1,128
2161,8,"B8.S2xD2",673,676,"hatching",0,128
2162,8,"B8.S2xD2",673,676,"hatching",0,128
2163,8,"B8.S2xD2",673,676,"hatching",0,128
2164,8,"B8.S2xD2",673,676,"hatching",1,129
2165,8,"B8.S2xD2",673,676,"hatching",1,129
2166,8,"B8.S2xD2",673,676,"hatching",1,129
2167,8,"B8.S2xD2",673,676,"hatching",1,129
2168,8,"B8.S2xD2",673,676,"hatching",1,129
2169,8,"B8.S2xD2",673,676,"hatching",1,129
2170,8,"B8.S2xD2",673,676,"hatching",1,129
2171,8,"B8.S2xD2",673,676,"hatching",1,129
2172,8,"B8.S2xD2",673,676,"hatching",1,129
2173,8,"B8.S2xD2",673,676,"hatching",1,129
2174,8,"B8.S2xD2",673,676,"hatching",1,129
2175,8,"B8.S2xD2",673,676,"hatching",1,129
2176,8,"B8.S2xD2",673,676,"hatching",1,129
2177,8,"B8.S2xD2",673,676,"hatching",1,129
2178,8,"B8.S2xD2",673,676,"hatching",1,129
2179,8,"B8.S2xD2",673,676,"hatching",1,129
2180,8,"B8.S2xD2",673,676,"hatching",0,129
2181,8,"B8.S2xD2",673,676,"hatching",0,129
6578,8,"B8.S2xD2",673,676,"settling",1,130
6579,8,"B8.S2xD2",673,676,"settling",1,130
6580,8,"B8.S2xD2",673,676,"settling",1,130
6581,8,"B8.S2xD2",673,676,"settling",1,130
6582,8,"B8.S2xD2",673,676,"settling",1,130
6583,8,"B8.S2xD2",673,676,"settling",1,130
6584,8,"B8.S2xD2",673,676,"settling",1,130
6585,8,"B8.S2xD2",673,676,"settling",0,130
6586,8,"B8.S2xD2",673,676,"settling",0,130
6587,8,"B8.S2xD2",673,676,"settling",0,130
6588,8,"B8.S2xD2",673,676,"settling",0,130
6589,8,"B8.S2xD2",673,676,"settling",0,130
6590,8,"B8.S2xD2",673,676,"settling",0,130
6591,8,"B8.S2xD2",673,676,"settling",0,130
6592,8,"B8.S2xD2",673,676,"settling",0,130
6593,8,"B8.S2xD2",673,676,"settling",0,130
6594,8,"B8.S2xD2",673,676,"settling",0,130
6595,8,"B8.S2xD2",673,676,"settling",0,130
6596,8,"B8.S2xD2",673,676,"settling",0,130
6597,8,"B8.S2xD2",673,676,"settling",1,131
6598,8,"B8.S2xD2",673,676,"settling",1,131
6599,8,"B8.S2xD2",673,676,"settling",1,131
6600,8,"B8.S2xD2",673,676,"settling",1,131
6601,8,"B8.S2xD2",673,676,"settling",1,131
6602,8,"B8.S2xD2",673,676,"settling",1,131
6603,8,"B8.S2xD2",673,676,"settling",1,131
6604,8,"B8.S2xD2",673,676,"settling",1,131
6605,8,"B8.S2xD2",673,676,"settling",1,131
6606,8,"B8.S2xD2",673,676,"settling",1,131
6607,8,"B8.S2xD2",673,676,"settling",1,131
6608,8,"B8.S2xD2",673,676,"settling",1,131
6609,8,"B8.S2xD2",673,676,"settling",0,131
6610,8,"B8.S2xD2",673,676,"settling",0,131
6611,8,"B8.S2xD2",673,676,"settling",0,131
6612,8,"B8.S2xD2",673,676,"settling",0,131
6613,8,"B8.S2xD2",673,676,"settling",0,131
6614,8,"B8.S2xD2",673,676,"settling",0,131
6615,8,"B8.S2xD2",673,676,"settling",0,131
6616,8,"B8.S2xD2",673,676,"settling",1,132
6617,8,"B8.S2xD2",673,676,"settling",1,132
6618,8,"B8.S2xD2",673,676,"settling",1,132
6619,8,"B8.S2xD2",673,676,"settling",1,132
6620,8,"B8.S2xD2",673,676,"settling",1,132
6621,8,"B8.S2xD2",673,676,"settling",1,132
6622,8,"B8.S2xD2",673,676,"settling",1,132
6623,8,"B8.S2xD2",673,676,"settling",1,132
6624,8,"B8.S2xD2",673,676,"settling",0,132
6625,8,"B8.S2xD2",673,676,"settling",0,132
6626,8,"B8.S2xD2",673,676,"settling",0,132
6627,8,"B8.S2xD2",673,676,"settling",0,132
6628,8,"B8.S2xD2",673,676,"settling",0,132
6629,8,"B8.S2xD2",673,676,"settling",0,132
6630,8,"B8.S2xD2",673,676,"settling",0,132
6631,8,"B8.S2xD2",673,676,"settling",0,132
6632,8,"B8.S2xD2",673,676,"settling",0,132
348,8,"B8.S3xD1",674,675,"h.length",204.26,NA
348,8,"B8.S3xD1",674,675,"n.length",466.53,NA
349,8,"B8.S3xD1",674,675,"h.length",203.43,NA
349,8,"B8.S3xD1",674,675,"n.length",470.8,NA
350,8,"B8.S3xD1",674,675,"h.length",205.62,NA
350,8,"B8.S3xD1",674,675,"n.length",465.71,NA
351,8,"B8.S3xD1",674,675,"h.length",206.34,NA
351,8,"B8.S3xD1",674,675,"n.length",479.18,NA
352,8,"B8.S3xD1",674,675,"h.length",202.4,NA
352,8,"B8.S3xD1",674,675,"n.length",470.38,NA
353,8,"B8.S3xD1",674,675,"h.length",213.22,NA
353,8,"B8.S3xD1",674,675,"n.length",472.61,NA
354,8,"B8.S3xD1",674,675,"h.length",214.47,NA
354,8,"B8.S3xD1",674,675,"n.length",472.5,NA
355,8,"B8.S3xD1",674,675,"h.length",210.23,NA
355,8,"B8.S3xD1",674,675,"n.length",469.27,NA
356,8,"B8.S3xD1",674,675,"h.length",194.59,NA
356,8,"B8.S3xD1",674,675,"n.length",435.48,NA
357,8,"B8.S3xD1",674,675,"h.length",212.19,NA
357,8,"B8.S3xD1",674,675,"n.length",452.2,NA
358,8,"B8.S3xD1",674,675,"h.length",222.44,NA
358,8,"B8.S3xD1",674,675,"n.length",464.49,NA
359,8,"B8.S3xD1",674,675,"h.length",210.87,NA
359,8,"B8.S3xD1",674,675,"n.length",450.13,NA
2182,8,"B8.S3xD1",674,675,"hatching",1,133
2183,8,"B8.S3xD1",674,675,"hatching",1,133
2184,8,"B8.S3xD1",674,675,"hatching",1,133
2185,8,"B8.S3xD1",674,675,"hatching",1,133
2186,8,"B8.S3xD1",674,675,"hatching",1,133
2187,8,"B8.S3xD1",674,675,"hatching",1,133
2188,8,"B8.S3xD1",674,675,"hatching",1,133
2189,8,"B8.S3xD1",674,675,"hatching",1,133
2190,8,"B8.S3xD1",674,675,"hatching",1,133
2191,8,"B8.S3xD1",674,675,"hatching",1,133
2192,8,"B8.S3xD1",674,675,"hatching",1,133
2193,8,"B8.S3xD1",674,675,"hatching",1,133
2194,8,"B8.S3xD1",674,675,"hatching",1,133
2195,8,"B8.S3xD1",674,675,"hatching",1,133
2196,8,"B8.S3xD1",674,675,"hatching",1,133
2197,8,"B8.S3xD1",674,675,"hatching",1,133
2198,8,"B8.S3xD1",674,675,"hatching",0,133
2199,8,"B8.S3xD1",674,675,"hatching",1,134
2200,8,"B8.S3xD1",674,675,"hatching",1,134
2201,8,"B8.S3xD1",674,675,"hatching",1,134
2202,8,"B8.S3xD1",674,675,"hatching",1,134
2203,8,"B8.S3xD1",674,675,"hatching",1,134
2204,8,"B8.S3xD1",674,675,"hatching",1,134
2205,8,"B8.S3xD1",674,675,"hatching",1,134
2206,8,"B8.S3xD1",674,675,"hatching",1,134
2207,8,"B8.S3xD1",674,675,"hatching",1,134
2208,8,"B8.S3xD1",674,675,"hatching",1,134
2209,8,"B8.S3xD1",674,675,"hatching",1,134
2210,8,"B8.S3xD1",674,675,"hatching",1,134
2211,8,"B8.S3xD1",674,675,"hatching",1,134
2212,8,"B8.S3xD1",674,675,"hatching",1,134
2213,8,"B8.S3xD1",674,675,"hatching",1,134
2214,8,"B8.S3xD1",674,675,"hatching",1,134
2215,8,"B8.S3xD1",674,675,"hatching",1,134
2216,8,"B8.S3xD1",674,675,"hatching",0,134
6633,8,"B8.S3xD1",674,675,"settling",1,135
6634,8,"B8.S3xD1",674,675,"settling",1,135
6635,8,"B8.S3xD1",674,675,"settling",1,135
6636,8,"B8.S3xD1",674,675,"settling",1,135
6637,8,"B8.S3xD1",674,675,"settling",1,135
6638,8,"B8.S3xD1",674,675,"settling",1,135
6639,8,"B8.S3xD1",674,675,"settling",1,135
6640,8,"B8.S3xD1",674,675,"settling",1,135
6641,8,"B8.S3xD1",674,675,"settling",1,135
6642,8,"B8.S3xD1",674,675,"settling",1,135
6643,8,"B8.S3xD1",674,675,"settling",1,135
6644,8,"B8.S3xD1",674,675,"settling",1,135
6645,8,"B8.S3xD1",674,675,"settling",1,135
6646,8,"B8.S3xD1",674,675,"settling",1,135
6647,8,"B8.S3xD1",674,675,"settling",0,135
6648,8,"B8.S3xD1",674,675,"settling",0,135
6649,8,"B8.S3xD1",674,675,"settling",0,135
6650,8,"B8.S3xD1",674,675,"settling",0,135
6651,8,"B8.S3xD1",674,675,"settling",0,135
6652,8,"B8.S3xD1",674,675,"settling",0,135
6653,8,"B8.S3xD1",674,675,"settling",1,136
6654,8,"B8.S3xD1",674,675,"settling",1,136
6655,8,"B8.S3xD1",674,675,"settling",1,136
6656,8,"B8.S3xD1",674,675,"settling",1,136
6657,8,"B8.S3xD1",674,675,"settling",1,136
6658,8,"B8.S3xD1",674,675,"settling",1,136
6659,8,"B8.S3xD1",674,675,"settling",1,136
6660,8,"B8.S3xD1",674,675,"settling",1,136
6661,8,"B8.S3xD1",674,675,"settling",1,136
6662,8,"B8.S3xD1",674,675,"settling",0,136
360,8,"B8.S3xD2",674,676,"h.length",203.68,NA
360,8,"B8.S3xD2",674,676,"n.length",458.84,NA
361,8,"B8.S3xD2",674,676,"h.length",203.45,NA
361,8,"B8.S3xD2",674,676,"n.length",478.24,NA
362,8,"B8.S3xD2",674,676,"h.length",207.93,NA
362,8,"B8.S3xD2",674,676,"n.length",474.05,NA
363,8,"B8.S3xD2",674,676,"h.length",208.07,NA
363,8,"B8.S3xD2",674,676,"n.length",480.75,NA
364,8,"B8.S3xD2",674,676,"h.length",186.49,NA
364,8,"B8.S3xD2",674,676,"n.length",453.56,NA
365,8,"B8.S3xD2",674,676,"h.length",207.51,NA
365,8,"B8.S3xD2",674,676,"n.length",479.68,NA
366,8,"B8.S3xD2",674,676,"h.length",196.13,NA
366,8,"B8.S3xD2",674,676,"n.length",462.84,NA
367,8,"B8.S3xD2",674,676,"h.length",216.04,NA
367,8,"B8.S3xD2",674,676,"n.length",476.47,NA
368,8,"B8.S3xD2",674,676,"h.length",195.79,NA
368,8,"B8.S3xD2",674,676,"n.length",454.27,NA
369,8,"B8.S3xD2",674,676,"h.length",219.48,NA
369,8,"B8.S3xD2",674,676,"n.length",463.26,NA
370,8,"B8.S3xD2",674,676,"h.length",216.18,NA
370,8,"B8.S3xD2",674,676,"n.length",474.85,NA
371,8,"B8.S3xD2",674,676,"h.length",217.12,NA
371,8,"B8.S3xD2",674,676,"n.length",490.06,NA
2217,8,"B8.S3xD2",674,676,"hatching",1,137
2218,8,"B8.S3xD2",674,676,"hatching",1,137
2219,8,"B8.S3xD2",674,676,"hatching",1,137
2220,8,"B8.S3xD2",674,676,"hatching",1,137
2221,8,"B8.S3xD2",674,676,"hatching",1,137
2222,8,"B8.S3xD2",674,676,"hatching",1,137
2223,8,"B8.S3xD2",674,676,"hatching",1,137
2224,8,"B8.S3xD2",674,676,"hatching",1,137
2225,8,"B8.S3xD2",674,676,"hatching",1,137
2226,8,"B8.S3xD2",674,676,"hatching",1,137
2227,8,"B8.S3xD2",674,676,"hatching",1,137
2228,8,"B8.S3xD2",674,676,"hatching",1,137
2229,8,"B8.S3xD2",674,676,"hatching",1,137
2230,8,"B8.S3xD2",674,676,"hatching",1,137
2231,8,"B8.S3xD2",674,676,"hatching",1,137
2232,8,"B8.S3xD2",674,676,"hatching",1,137
2233,8,"B8.S3xD2",674,676,"hatching",1,137
2234,8,"B8.S3xD2",674,676,"hatching",1,137
2235,8,"B8.S3xD2",674,676,"hatching",1,138
2236,8,"B8.S3xD2",674,676,"hatching",1,138
2237,8,"B8.S3xD2",674,676,"hatching",1,138
2238,8,"B8.S3xD2",674,676,"hatching",1,138
2239,8,"B8.S3xD2",674,676,"hatching",1,138
2240,8,"B8.S3xD2",674,676,"hatching",1,138
2241,8,"B8.S3xD2",674,676,"hatching",1,138
2242,8,"B8.S3xD2",674,676,"hatching",1,138
2243,8,"B8.S3xD2",674,676,"hatching",1,138
2244,8,"B8.S3xD2",674,676,"hatching",1,138
2245,8,"B8.S3xD2",674,676,"hatching",1,138
2246,8,"B8.S3xD2",674,676,"hatching",1,138
2247,8,"B8.S3xD2",674,676,"hatching",1,138
2248,8,"B8.S3xD2",674,676,"hatching",1,138
2249,8,"B8.S3xD2",674,676,"hatching",1,138
2250,8,"B8.S3xD2",674,676,"hatching",1,138
2251,8,"B8.S3xD2",674,676,"hatching",1,138
2252,8,"B8.S3xD2",674,676,"hatching",1,138
6663,8,"B8.S3xD2",674,676,"settling",1,139
6664,8,"B8.S3xD2",674,676,"settling",1,139
6665,8,"B8.S3xD2",674,676,"settling",1,139
6666,8,"B8.S3xD2",674,676,"settling",1,139
6667,8,"B8.S3xD2",674,676,"settling",1,139
6668,8,"B8.S3xD2",674,676,"settling",1,139
6669,8,"B8.S3xD2",674,676,"settling",1,139
6670,8,"B8.S3xD2",674,676,"settling",1,139
6671,8,"B8.S3xD2",674,676,"settling",1,139
6672,8,"B8.S3xD2",674,676,"settling",1,139
6673,8,"B8.S3xD2",674,676,"settling",1,139
6674,8,"B8.S3xD2",674,676,"settling",0,139
6675,8,"B8.S3xD2",674,676,"settling",0,139
6676,8,"B8.S3xD2",674,676,"settling",0,139
6677,8,"B8.S3xD2",674,676,"settling",0,139
6678,8,"B8.S3xD2",674,676,"settling",0,139
6679,8,"B8.S3xD2",674,676,"settling",0,139
6680,8,"B8.S3xD2",674,676,"settling",0,139
6681,8,"B8.S3xD2",674,676,"settling",0,139
6682,8,"B8.S3xD2",674,676,"settling",1,140
6683,8,"B8.S3xD2",674,676,"settling",1,140
6684,8,"B8.S3xD2",674,676,"settling",1,140
6685,8,"B8.S3xD2",674,676,"settling",1,140
6686,8,"B8.S3xD2",674,676,"settling",1,140
6687,8,"B8.S3xD2",674,676,"settling",1,140
6688,8,"B8.S3xD2",674,676,"settling",1,140
6689,8,"B8.S3xD2",674,676,"settling",1,140
6690,8,"B8.S3xD2",674,676,"settling",0,140
6691,8,"B8.S3xD2",674,676,"settling",0,140
6692,8,"B8.S3xD2",674,676,"settling",0,140
6693,8,"B8.S3xD2",674,676,"settling",0,140
6694,8,"B8.S3xD2",674,676,"settling",0,140
6695,8,"B8.S3xD2",674,676,"settling",0,140
6696,8,"B8.S3xD2",674,676,"settling",0,140
6697,8,"B8.S3xD2",674,676,"settling",0,140
6698,8,"B8.S3xD2",674,676,"settling",0,140
6699,8,"B8.S3xD2",674,676,"settling",1,141
6700,8,"B8.S3xD2",674,676,"settling",1,141
6701,8,"B8.S3xD2",674,676,"settling",1,141
6702,8,"B8.S3xD2",674,676,"settling",1,141
6703,8,"B8.S3xD2",674,676,"settling",1,141
6704,8,"B8.S3xD2",674,676,"settling",1,141
6705,8,"B8.S3xD2",674,676,"settling",1,141
6706,8,"B8.S3xD2",674,676,"settling",1,141
6707,8,"B8.S3xD2",674,676,"settling",1,141
6708,8,"B8.S3xD2",674,676,"settling",0,141
6709,8,"B8.S3xD2",674,676,"settling",0,141
6710,8,"B8.S3xD2",674,676,"settling",0,141
6711,8,"B8.S3xD2",674,676,"settling",0,141
372,8,"B8.S3xD3",674,677,"h.length",215.71,NA
372,8,"B8.S3xD3",674,677,"n.length",476.22,NA
373,8,"B8.S3xD3",674,677,"h.length",208.64,NA
373,8,"B8.S3xD3",674,677,"n.length",488.28,NA
374,8,"B8.S3xD3",674,677,"h.length",211.88,NA
374,8,"B8.S3xD3",674,677,"n.length",475.65,NA
375,8,"B8.S3xD3",674,677,"h.length",207.64,NA
375,8,"B8.S3xD3",674,677,"n.length",487.71,NA
376,8,"B8.S3xD3",674,677,"h.length",209.6,NA
376,8,"B8.S3xD3",674,677,"n.length",493.39,NA
377,8,"B8.S3xD3",674,677,"h.length",205.19,NA
377,8,"B8.S3xD3",674,677,"n.length",405.1,NA
378,8,"B8.S3xD3",674,677,"h.length",215.47,NA
378,8,"B8.S3xD3",674,677,"n.length",491.07,NA
379,8,"B8.S3xD3",674,677,"h.length",217.59,NA
379,8,"B8.S3xD3",674,677,"n.length",500.88,NA
380,8,"B8.S3xD3",674,677,"h.length",215.76,NA
380,8,"B8.S3xD3",674,677,"n.length",486.61,NA
381,8,"B8.S3xD3",674,677,"h.length",222.52,NA
381,8,"B8.S3xD3",674,677,"n.length",477.29,NA
382,8,"B8.S3xD3",674,677,"h.length",224.2,NA
382,8,"B8.S3xD3",674,677,"n.length",487.81,NA
383,8,"B8.S3xD3",674,677,"h.length",211,NA
383,8,"B8.S3xD3",674,677,"n.length",464.54,NA
2253,8,"B8.S3xD3",674,677,"hatching",1,142
2254,8,"B8.S3xD3",674,677,"hatching",1,142
2255,8,"B8.S3xD3",674,677,"hatching",1,142
2256,8,"B8.S3xD3",674,677,"hatching",1,142
2257,8,"B8.S3xD3",674,677,"hatching",1,142
2258,8,"B8.S3xD3",674,677,"hatching",1,142
2259,8,"B8.S3xD3",674,677,"hatching",1,142
2260,8,"B8.S3xD3",674,677,"hatching",1,142
2261,8,"B8.S3xD3",674,677,"hatching",1,142
2262,8,"B8.S3xD3",674,677,"hatching",1,142
2263,8,"B8.S3xD3",674,677,"hatching",1,142
2264,8,"B8.S3xD3",674,677,"hatching",1,142
2265,8,"B8.S3xD3",674,677,"hatching",1,142
2266,8,"B8.S3xD3",674,677,"hatching",1,142
2267,8,"B8.S3xD3",674,677,"hatching",1,142
2268,8,"B8.S3xD3",674,677,"hatching",1,142
2269,8,"B8.S3xD3",674,677,"hatching",0,142
2270,8,"B8.S3xD3",674,677,"hatching",0,142
2271,8,"B8.S3xD3",674,677,"hatching",0,142
2272,8,"B8.S3xD3",674,677,"hatching",1,143
2273,8,"B8.S3xD3",674,677,"hatching",1,143
2274,8,"B8.S3xD3",674,677,"hatching",1,143
2275,8,"B8.S3xD3",674,677,"hatching",1,143
2276,8,"B8.S3xD3",674,677,"hatching",1,143
2277,8,"B8.S3xD3",674,677,"hatching",1,143
2278,8,"B8.S3xD3",674,677,"hatching",1,143
2279,8,"B8.S3xD3",674,677,"hatching",1,143
2280,8,"B8.S3xD3",674,677,"hatching",1,143
2281,8,"B8.S3xD3",674,677,"hatching",1,143
2282,8,"B8.S3xD3",674,677,"hatching",1,143
2283,8,"B8.S3xD3",674,677,"hatching",1,143
2284,8,"B8.S3xD3",674,677,"hatching",1,143
2285,8,"B8.S3xD3",674,677,"hatching",1,143
2286,8,"B8.S3xD3",674,677,"hatching",1,143
2287,8,"B8.S3xD3",674,677,"hatching",1,143
2288,8,"B8.S3xD3",674,677,"hatching",1,143
2289,8,"B8.S3xD3",674,677,"hatching",0,143
2290,8,"B8.S3xD3",674,677,"hatching",0,143
6712,8,"B8.S3xD3",674,677,"settling",1,144
6713,8,"B8.S3xD3",674,677,"settling",1,144
6714,8,"B8.S3xD3",674,677,"settling",1,144
6715,8,"B8.S3xD3",674,677,"settling",1,144
6716,8,"B8.S3xD3",674,677,"settling",1,144
6717,8,"B8.S3xD3",674,677,"settling",1,144
6718,8,"B8.S3xD3",674,677,"settling",1,144
6719,8,"B8.S3xD3",674,677,"settling",1,144
6720,8,"B8.S3xD3",674,677,"settling",1,144
6721,8,"B8.S3xD3",674,677,"settling",1,144
6722,8,"B8.S3xD3",674,677,"settling",1,144
6723,8,"B8.S3xD3",674,677,"settling",1,144
6724,8,"B8.S3xD3",674,677,"settling",1,144
6725,8,"B8.S3xD3",674,677,"settling",1,144
6726,8,"B8.S3xD3",674,677,"settling",1,144
6727,8,"B8.S3xD3",674,677,"settling",1,144
6728,8,"B8.S3xD3",674,677,"settling",1,144
6729,8,"B8.S3xD3",674,677,"settling",1,144
6730,8,"B8.S3xD3",674,677,"settling",1,144
6731,8,"B8.S3xD3",674,677,"settling",0,144
6732,8,"B8.S3xD3",674,677,"settling",0,144
6733,8,"B8.S3xD3",674,677,"settling",0,144
6734,8,"B8.S3xD3",674,677,"settling",1,145
6735,8,"B8.S3xD3",674,677,"settling",1,145
6736,8,"B8.S3xD3",674,677,"settling",1,145
6737,8,"B8.S3xD3",674,677,"settling",1,145
6738,8,"B8.S3xD3",674,677,"settling",1,145
6739,8,"B8.S3xD3",674,677,"settling",1,145
6740,8,"B8.S3xD3",674,677,"settling",1,145
6741,8,"B8.S3xD3",674,677,"settling",1,145
6742,8,"B8.S3xD3",674,677,"settling",1,145
6743,8,"B8.S3xD3",674,677,"settling",1,145
6744,8,"B8.S3xD3",674,677,"settling",1,145
6745,8,"B8.S3xD3",674,677,"settling",1,145
6746,8,"B8.S3xD3",674,677,"settling",1,145
6747,8,"B8.S3xD3",674,677,"settling",1,145
6748,8,"B8.S3xD3",674,677,"settling",1,145
6749,8,"B8.S3xD3",674,677,"settling",0,145
6750,8,"B8.S3xD3",674,677,"settling",0,145
6751,8,"B8.S3xD3",674,677,"settling",0,145
6752,8,"B8.S3xD3",674,677,"settling",0,145
6753,8,"B8.S3xD3",674,677,"settling",0,145
6754,8,"B8.S3xD3",674,677,"settling",1,146
6755,8,"B8.S3xD3",674,677,"settling",1,146
6756,8,"B8.S3xD3",674,677,"settling",1,146
6757,8,"B8.S3xD3",674,677,"settling",1,146
6758,8,"B8.S3xD3",674,677,"settling",1,146
6759,8,"B8.S3xD3",674,677,"settling",1,146
6760,8,"B8.S3xD3",674,677,"settling",1,146
6761,8,"B8.S3xD3",674,677,"settling",1,146
6762,8,"B8.S3xD3",674,677,"settling",1,146
6763,8,"B8.S3xD3",674,677,"settling",1,146
6764,8,"B8.S3xD3",674,677,"settling",1,146
6765,8,"B8.S3xD3",674,677,"settling",1,146
6766,8,"B8.S3xD3",674,677,"settling",1,146
6767,8,"B8.S3xD3",674,677,"settling",1,146
6768,8,"B8.S3xD3",674,677,"settling",1,146
6769,8,"B8.S3xD3",674,677,"settling",1,146
6770,8,"B8.S3xD3",674,677,"settling",0,146
6771,8,"B8.S3xD3",674,677,"settling",0,146
6772,8,"B8.S3xD3",674,677,"settling",0,146
384,9,"B9.S1xD1",678,683,"h.length",201.91,NA
384,9,"B9.S1xD1",678,683,"n.length",460.44,NA
385,9,"B9.S1xD1",678,683,"h.length",199.93,NA
385,9,"B9.S1xD1",678,683,"n.length",443.96,NA
386,9,"B9.S1xD1",678,683,"h.length",197.79,NA
386,9,"B9.S1xD1",678,683,"n.length",439.58,NA
387,9,"B9.S1xD1",678,683,"h.length",193.16,NA
387,9,"B9.S1xD1",678,683,"n.length",437.79,NA
388,9,"B9.S1xD1",678,683,"h.length",201.03,NA
388,9,"B9.S1xD1",678,683,"n.length",435.83,NA
389,9,"B9.S1xD1",678,683,"h.length",206.53,NA
389,9,"B9.S1xD1",678,683,"n.length",448.37,NA
390,9,"B9.S1xD1",678,683,"h.length",194.39,NA
390,9,"B9.S1xD1",678,683,"n.length",433.59,NA
391,9,"B9.S1xD1",678,683,"h.length",173.54,NA
391,9,"B9.S1xD1",678,683,"n.length",428.16,NA
392,9,"B9.S1xD1",678,683,"h.length",200,NA
392,9,"B9.S1xD1",678,683,"n.length",449.17,NA
393,9,"B9.S1xD1",678,683,"h.length",201.09,NA
393,9,"B9.S1xD1",678,683,"n.length",430.38,NA
394,9,"B9.S1xD1",678,683,"h.length",199.95,NA
394,9,"B9.S1xD1",678,683,"n.length",430.66,NA
395,9,"B9.S1xD1",678,683,"h.length",206.62,NA
395,9,"B9.S1xD1",678,683,"n.length",454.48,NA
2291,9,"B9.S1xD1",678,683,"hatching",1,147
2292,9,"B9.S1xD1",678,683,"hatching",1,147
2293,9,"B9.S1xD1",678,683,"hatching",1,147
2294,9,"B9.S1xD1",678,683,"hatching",1,147
2295,9,"B9.S1xD1",678,683,"hatching",1,147
2296,9,"B9.S1xD1",678,683,"hatching",1,147
2297,9,"B9.S1xD1",678,683,"hatching",1,147
2298,9,"B9.S1xD1",678,683,"hatching",1,147
2299,9,"B9.S1xD1",678,683,"hatching",1,147
2300,9,"B9.S1xD1",678,683,"hatching",1,147
2301,9,"B9.S1xD1",678,683,"hatching",1,147
2302,9,"B9.S1xD1",678,683,"hatching",1,147
2303,9,"B9.S1xD1",678,683,"hatching",1,147
2304,9,"B9.S1xD1",678,683,"hatching",1,147
2305,9,"B9.S1xD1",678,683,"hatching",1,147
2306,9,"B9.S1xD1",678,683,"hatching",1,147
2307,9,"B9.S1xD1",678,683,"hatching",1,147
2308,9,"B9.S1xD1",678,683,"hatching",0,147
2309,9,"B9.S1xD1",678,683,"hatching",0,147
2310,9,"B9.S1xD1",678,683,"hatching",1,148
2311,9,"B9.S1xD1",678,683,"hatching",1,148
2312,9,"B9.S1xD1",678,683,"hatching",1,148
2313,9,"B9.S1xD1",678,683,"hatching",1,148
2314,9,"B9.S1xD1",678,683,"hatching",1,148
2315,9,"B9.S1xD1",678,683,"hatching",1,148
2316,9,"B9.S1xD1",678,683,"hatching",1,148
2317,9,"B9.S1xD1",678,683,"hatching",1,148
2318,9,"B9.S1xD1",678,683,"hatching",1,148
2319,9,"B9.S1xD1",678,683,"hatching",1,148
2320,9,"B9.S1xD1",678,683,"hatching",1,148
2321,9,"B9.S1xD1",678,683,"hatching",1,148
2322,9,"B9.S1xD1",678,683,"hatching",1,148
2323,9,"B9.S1xD1",678,683,"hatching",1,148
2324,9,"B9.S1xD1",678,683,"hatching",1,148
2325,9,"B9.S1xD1",678,683,"hatching",1,148
2326,9,"B9.S1xD1",678,683,"hatching",0,148
2327,9,"B9.S1xD1",678,683,"hatching",0,148
6773,9,"B9.S1xD1",678,683,"settling",1,149
6774,9,"B9.S1xD1",678,683,"settling",1,149
6775,9,"B9.S1xD1",678,683,"settling",1,149
6776,9,"B9.S1xD1",678,683,"settling",1,149
6777,9,"B9.S1xD1",678,683,"settling",1,149
6778,9,"B9.S1xD1",678,683,"settling",1,149
6779,9,"B9.S1xD1",678,683,"settling",1,149
6780,9,"B9.S1xD1",678,683,"settling",1,149
6781,9,"B9.S1xD1",678,683,"settling",1,149
6782,9,"B9.S1xD1",678,683,"settling",1,149
6783,9,"B9.S1xD1",678,683,"settling",1,149
6784,9,"B9.S1xD1",678,683,"settling",1,149
6785,9,"B9.S1xD1",678,683,"settling",1,149
6786,9,"B9.S1xD1",678,683,"settling",0,149
6787,9,"B9.S1xD1",678,683,"settling",0,149
6788,9,"B9.S1xD1",678,683,"settling",0,149
6789,9,"B9.S1xD1",678,683,"settling",0,149
6790,9,"B9.S1xD1",678,683,"settling",0,149
6791,9,"B9.S1xD1",678,683,"settling",1,150
6792,9,"B9.S1xD1",678,683,"settling",1,150
6793,9,"B9.S1xD1",678,683,"settling",1,150
6794,9,"B9.S1xD1",678,683,"settling",1,150
6795,9,"B9.S1xD1",678,683,"settling",1,150
6796,9,"B9.S1xD1",678,683,"settling",1,150
6797,9,"B9.S1xD1",678,683,"settling",1,150
6798,9,"B9.S1xD1",678,683,"settling",1,150
6799,9,"B9.S1xD1",678,683,"settling",0,150
6800,9,"B9.S1xD1",678,683,"settling",0,150
6801,9,"B9.S1xD1",678,683,"settling",0,150
6802,9,"B9.S1xD1",678,683,"settling",0,150
6803,9,"B9.S1xD1",678,683,"settling",0,150
6804,9,"B9.S1xD1",678,683,"settling",0,150
6805,9,"B9.S1xD1",678,683,"settling",0,150
6806,9,"B9.S1xD1",678,683,"settling",0,150
6807,9,"B9.S1xD1",678,683,"settling",0,150
6808,9,"B9.S1xD1",678,683,"settling",0,150
6809,9,"B9.S1xD1",678,683,"settling",0,150
6810,9,"B9.S1xD1",678,683,"settling",1,151
6811,9,"B9.S1xD1",678,683,"settling",1,151
6812,9,"B9.S1xD1",678,683,"settling",1,151
6813,9,"B9.S1xD1",678,683,"settling",1,151
6814,9,"B9.S1xD1",678,683,"settling",1,151
6815,9,"B9.S1xD1",678,683,"settling",1,151
6816,9,"B9.S1xD1",678,683,"settling",1,151
6817,9,"B9.S1xD1",678,683,"settling",1,151
6818,9,"B9.S1xD1",678,683,"settling",1,151
6819,9,"B9.S1xD1",678,683,"settling",1,151
6820,9,"B9.S1xD1",678,683,"settling",1,151
6821,9,"B9.S1xD1",678,683,"settling",1,151
6822,9,"B9.S1xD1",678,683,"settling",0,151
6823,9,"B9.S1xD1",678,683,"settling",0,151
6824,9,"B9.S1xD1",678,683,"settling",0,151
6825,9,"B9.S1xD1",678,683,"settling",0,151
6826,9,"B9.S1xD1",678,683,"settling",0,151
6827,9,"B9.S1xD1",678,683,"settling",0,151
6828,9,"B9.S1xD1",678,683,"settling",0,151
6829,9,"B9.S1xD1",678,683,"settling",0,151
6830,9,"B9.S1xD1",678,683,"settling",0,151
396,9,"B9.S1xD2",678,684,"h.length",200.36,NA
396,9,"B9.S1xD2",678,684,"n.length",426.59,NA
397,9,"B9.S1xD2",678,684,"h.length",191.03,NA
397,9,"B9.S1xD2",678,684,"n.length",442.68,NA
398,9,"B9.S1xD2",678,684,"h.length",202.62,NA
398,9,"B9.S1xD2",678,684,"n.length",416.8,NA
399,9,"B9.S1xD2",678,684,"h.length",201.75,NA
399,9,"B9.S1xD2",678,684,"n.length",432.88,NA
400,9,"B9.S1xD2",678,684,"h.length",183.59,NA
400,9,"B9.S1xD2",678,684,"n.length",423.19,NA
401,9,"B9.S1xD2",678,684,"h.length",182.77,NA
401,9,"B9.S1xD2",678,684,"n.length",422.1,NA
402,9,"B9.S1xD2",678,684,"h.length",187.51,NA
402,9,"B9.S1xD2",678,684,"n.length",385.33,NA
403,9,"B9.S1xD2",678,684,"h.length",187.26,NA
403,9,"B9.S1xD2",678,684,"n.length",391.78,NA
404,9,"B9.S1xD2",678,684,"h.length",181.67,NA
404,9,"B9.S1xD2",678,684,"n.length",432.37,NA
405,9,"B9.S1xD2",678,684,"h.length",193.63,NA
405,9,"B9.S1xD2",678,684,"n.length",401.15,NA
406,9,"B9.S1xD2",678,684,"h.length",204.84,NA
406,9,"B9.S1xD2",678,684,"n.length",342.55,NA
407,9,"B9.S1xD2",678,684,"h.length",197.6,NA
407,9,"B9.S1xD2",678,684,"n.length",430.85,NA
2328,9,"B9.S1xD2",678,684,"hatching",1,152
2329,9,"B9.S1xD2",678,684,"hatching",1,152
2330,9,"B9.S1xD2",678,684,"hatching",1,152
2331,9,"B9.S1xD2",678,684,"hatching",1,152
2332,9,"B9.S1xD2",678,684,"hatching",1,152
2333,9,"B9.S1xD2",678,684,"hatching",1,152
2334,9,"B9.S1xD2",678,684,"hatching",1,152
2335,9,"B9.S1xD2",678,684,"hatching",1,152
2336,9,"B9.S1xD2",678,684,"hatching",1,152
2337,9,"B9.S1xD2",678,684,"hatching",1,152
2338,9,"B9.S1xD2",678,684,"hatching",1,152
2339,9,"B9.S1xD2",678,684,"hatching",1,152
2340,9,"B9.S1xD2",678,684,"hatching",1,152
2341,9,"B9.S1xD2",678,684,"hatching",1,152
2342,9,"B9.S1xD2",678,684,"hatching",1,152
2343,9,"B9.S1xD2",678,684,"hatching",1,152
2344,9,"B9.S1xD2",678,684,"hatching",1,152
2345,9,"B9.S1xD2",678,684,"hatching",1,152
2346,9,"B9.S1xD2",678,684,"hatching",1,152
2347,9,"B9.S1xD2",678,684,"hatching",1,152
2348,9,"B9.S1xD2",678,684,"hatching",0,152
2349,9,"B9.S1xD2",678,684,"hatching",1,153
2350,9,"B9.S1xD2",678,684,"hatching",1,153
2351,9,"B9.S1xD2",678,684,"hatching",1,153
2352,9,"B9.S1xD2",678,684,"hatching",1,153
2353,9,"B9.S1xD2",678,684,"hatching",1,153
2354,9,"B9.S1xD2",678,684,"hatching",1,153
2355,9,"B9.S1xD2",678,684,"hatching",1,153
2356,9,"B9.S1xD2",678,684,"hatching",1,153
2357,9,"B9.S1xD2",678,684,"hatching",1,153
2358,9,"B9.S1xD2",678,684,"hatching",1,153
2359,9,"B9.S1xD2",678,684,"hatching",1,153
2360,9,"B9.S1xD2",678,684,"hatching",1,153
2361,9,"B9.S1xD2",678,684,"hatching",1,153
2362,9,"B9.S1xD2",678,684,"hatching",1,153
2363,9,"B9.S1xD2",678,684,"hatching",1,153
2364,9,"B9.S1xD2",678,684,"hatching",1,153
2365,9,"B9.S1xD2",678,684,"hatching",1,153
2366,9,"B9.S1xD2",678,684,"hatching",1,153
2367,9,"B9.S1xD2",678,684,"hatching",1,153
2368,9,"B9.S1xD2",678,684,"hatching",1,153
2369,9,"B9.S1xD2",678,684,"hatching",0,153
6831,9,"B9.S1xD2",678,684,"settling",1,154
6832,9,"B9.S1xD2",678,684,"settling",1,154
6833,9,"B9.S1xD2",678,684,"settling",1,154
6834,9,"B9.S1xD2",678,684,"settling",1,154
6835,9,"B9.S1xD2",678,684,"settling",1,154
6836,9,"B9.S1xD2",678,684,"settling",1,154
6837,9,"B9.S1xD2",678,684,"settling",1,154
6838,9,"B9.S1xD2",678,684,"settling",0,154
6839,9,"B9.S1xD2",678,684,"settling",0,154
6840,9,"B9.S1xD2",678,684,"settling",0,154
6841,9,"B9.S1xD2",678,684,"settling",0,154
6842,9,"B9.S1xD2",678,684,"settling",0,154
6843,9,"B9.S1xD2",678,684,"settling",0,154
6844,9,"B9.S1xD2",678,684,"settling",0,154
6845,9,"B9.S1xD2",678,684,"settling",0,154
6846,9,"B9.S1xD2",678,684,"settling",0,154
6847,9,"B9.S1xD2",678,684,"settling",0,154
6848,9,"B9.S1xD2",678,684,"settling",0,154
6849,9,"B9.S1xD2",678,684,"settling",0,154
6850,9,"B9.S1xD2",678,684,"settling",0,154
6851,9,"B9.S1xD2",678,684,"settling",0,154
6852,9,"B9.S1xD2",678,684,"settling",1,155
6853,9,"B9.S1xD2",678,684,"settling",1,155
6854,9,"B9.S1xD2",678,684,"settling",1,155
6855,9,"B9.S1xD2",678,684,"settling",1,155
6856,9,"B9.S1xD2",678,684,"settling",1,155
6857,9,"B9.S1xD2",678,684,"settling",1,155
6858,9,"B9.S1xD2",678,684,"settling",1,155
6859,9,"B9.S1xD2",678,684,"settling",1,155
6860,9,"B9.S1xD2",678,684,"settling",1,155
6861,9,"B9.S1xD2",678,684,"settling",1,155
6862,9,"B9.S1xD2",678,684,"settling",0,155
6863,9,"B9.S1xD2",678,684,"settling",0,155
6864,9,"B9.S1xD2",678,684,"settling",0,155
6865,9,"B9.S1xD2",678,684,"settling",0,155
6866,9,"B9.S1xD2",678,684,"settling",0,155
6867,9,"B9.S1xD2",678,684,"settling",0,155
6868,9,"B9.S1xD2",678,684,"settling",0,155
6869,9,"B9.S1xD2",678,684,"settling",0,155
6870,9,"B9.S1xD2",678,684,"settling",0,155
6871,9,"B9.S1xD2",678,684,"settling",0,155
6872,9,"B9.S1xD2",678,684,"settling",0,155
6873,9,"B9.S1xD2",678,684,"settling",1,156
6874,9,"B9.S1xD2",678,684,"settling",1,156
6875,9,"B9.S1xD2",678,684,"settling",1,156
6876,9,"B9.S1xD2",678,684,"settling",1,156
6877,9,"B9.S1xD2",678,684,"settling",1,156
6878,9,"B9.S1xD2",678,684,"settling",1,156
6879,9,"B9.S1xD2",678,684,"settling",1,156
6880,9,"B9.S1xD2",678,684,"settling",1,156
6881,9,"B9.S1xD2",678,684,"settling",1,156
6882,9,"B9.S1xD2",678,684,"settling",1,156
6883,9,"B9.S1xD2",678,684,"settling",1,156
6884,9,"B9.S1xD2",678,684,"settling",1,156
6885,9,"B9.S1xD2",678,684,"settling",1,156
6886,9,"B9.S1xD2",678,684,"settling",0,156
6887,9,"B9.S1xD2",678,684,"settling",0,156
6888,9,"B9.S1xD2",678,684,"settling",0,156
6889,9,"B9.S1xD2",678,684,"settling",0,156
6890,9,"B9.S1xD2",678,684,"settling",0,156
6891,9,"B9.S1xD2",678,684,"settling",0,156
408,9,"B9.S1xD3",678,685,"h.length",197.42,NA
408,9,"B9.S1xD3",678,685,"n.length",441.74,NA
409,9,"B9.S1xD3",678,685,"h.length",199.67,NA
409,9,"B9.S1xD3",678,685,"n.length",441.53,NA
410,9,"B9.S1xD3",678,685,"h.length",201.91,NA
410,9,"B9.S1xD3",678,685,"n.length",445.41,NA
411,9,"B9.S1xD3",678,685,"h.length",207.46,NA
411,9,"B9.S1xD3",678,685,"n.length",442.21,NA
412,9,"B9.S1xD3",678,685,"h.length",199.72,NA
412,9,"B9.S1xD3",678,685,"n.length",461.73,NA
413,9,"B9.S1xD3",678,685,"h.length",213.35,NA
413,9,"B9.S1xD3",678,685,"n.length",439.73,NA
414,9,"B9.S1xD3",678,685,"h.length",193.05,NA
414,9,"B9.S1xD3",678,685,"n.length",436.86,NA
415,9,"B9.S1xD3",678,685,"h.length",198.42,NA
415,9,"B9.S1xD3",678,685,"n.length",435.53,NA
416,9,"B9.S1xD3",678,685,"h.length",203.8,NA
416,9,"B9.S1xD3",678,685,"n.length",438.57,NA
417,9,"B9.S1xD3",678,685,"h.length",199.28,NA
417,9,"B9.S1xD3",678,685,"n.length",430,NA
418,9,"B9.S1xD3",678,685,"h.length",205.11,NA
418,9,"B9.S1xD3",678,685,"n.length",442.97,NA
419,9,"B9.S1xD3",678,685,"h.length",197.31,NA
419,9,"B9.S1xD3",678,685,"n.length",449.72,NA
2370,9,"B9.S1xD3",678,685,"hatching",1,157
2371,9,"B9.S1xD3",678,685,"hatching",1,157
2372,9,"B9.S1xD3",678,685,"hatching",1,157
2373,9,"B9.S1xD3",678,685,"hatching",1,157
2374,9,"B9.S1xD3",678,685,"hatching",1,157
2375,9,"B9.S1xD3",678,685,"hatching",1,157
2376,9,"B9.S1xD3",678,685,"hatching",1,157
2377,9,"B9.S1xD3",678,685,"hatching",1,157
2378,9,"B9.S1xD3",678,685,"hatching",1,157
2379,9,"B9.S1xD3",678,685,"hatching",1,157
2380,9,"B9.S1xD3",678,685,"hatching",1,157
2381,9,"B9.S1xD3",678,685,"hatching",1,157
2382,9,"B9.S1xD3",678,685,"hatching",1,157
2383,9,"B9.S1xD3",678,685,"hatching",1,157
2384,9,"B9.S1xD3",678,685,"hatching",1,157
2385,9,"B9.S1xD3",678,685,"hatching",1,157
2386,9,"B9.S1xD3",678,685,"hatching",1,157
2387,9,"B9.S1xD3",678,685,"hatching",1,157
2388,9,"B9.S1xD3",678,685,"hatching",1,157
2389,9,"B9.S1xD3",678,685,"hatching",1,157
2390,9,"B9.S1xD3",678,685,"hatching",1,158
2391,9,"B9.S1xD3",678,685,"hatching",1,158
2392,9,"B9.S1xD3",678,685,"hatching",1,158
2393,9,"B9.S1xD3",678,685,"hatching",1,158
2394,9,"B9.S1xD3",678,685,"hatching",1,158
2395,9,"B9.S1xD3",678,685,"hatching",1,158
2396,9,"B9.S1xD3",678,685,"hatching",1,158
2397,9,"B9.S1xD3",678,685,"hatching",1,158
2398,9,"B9.S1xD3",678,685,"hatching",1,158
2399,9,"B9.S1xD3",678,685,"hatching",1,158
2400,9,"B9.S1xD3",678,685,"hatching",1,158
2401,9,"B9.S1xD3",678,685,"hatching",1,158
2402,9,"B9.S1xD3",678,685,"hatching",1,158
2403,9,"B9.S1xD3",678,685,"hatching",1,158
2404,9,"B9.S1xD3",678,685,"hatching",1,158
2405,9,"B9.S1xD3",678,685,"hatching",1,158
2406,9,"B9.S1xD3",678,685,"hatching",1,158
2407,9,"B9.S1xD3",678,685,"hatching",1,158
2408,9,"B9.S1xD3",678,685,"hatching",0,158
6892,9,"B9.S1xD3",678,685,"settling",1,159
6893,9,"B9.S1xD3",678,685,"settling",1,159
6894,9,"B9.S1xD3",678,685,"settling",1,159
6895,9,"B9.S1xD3",678,685,"settling",1,159
6896,9,"B9.S1xD3",678,685,"settling",0,159
6897,9,"B9.S1xD3",678,685,"settling",0,159
6898,9,"B9.S1xD3",678,685,"settling",0,159
6899,9,"B9.S1xD3",678,685,"settling",0,159
6900,9,"B9.S1xD3",678,685,"settling",0,159
6901,9,"B9.S1xD3",678,685,"settling",0,159
6902,9,"B9.S1xD3",678,685,"settling",0,159
6903,9,"B9.S1xD3",678,685,"settling",0,159
6904,9,"B9.S1xD3",678,685,"settling",0,159
6905,9,"B9.S1xD3",678,685,"settling",0,159
6906,9,"B9.S1xD3",678,685,"settling",0,159
6907,9,"B9.S1xD3",678,685,"settling",0,159
6908,9,"B9.S1xD3",678,685,"settling",0,159
6909,9,"B9.S1xD3",678,685,"settling",0,159
6910,9,"B9.S1xD3",678,685,"settling",1,160
6911,9,"B9.S1xD3",678,685,"settling",1,160
6912,9,"B9.S1xD3",678,685,"settling",1,160
6913,9,"B9.S1xD3",678,685,"settling",1,160
6914,9,"B9.S1xD3",678,685,"settling",1,160
6915,9,"B9.S1xD3",678,685,"settling",0,160
6916,9,"B9.S1xD3",678,685,"settling",0,160
6917,9,"B9.S1xD3",678,685,"settling",0,160
6918,9,"B9.S1xD3",678,685,"settling",0,160
6919,9,"B9.S1xD3",678,685,"settling",0,160
6920,9,"B9.S1xD3",678,685,"settling",0,160
6921,9,"B9.S1xD3",678,685,"settling",0,160
6922,9,"B9.S1xD3",678,685,"settling",0,160
6923,9,"B9.S1xD3",678,685,"settling",0,160
6924,9,"B9.S1xD3",678,685,"settling",0,160
6925,9,"B9.S1xD3",678,685,"settling",0,160
6926,9,"B9.S1xD3",678,685,"settling",0,160
6927,9,"B9.S1xD3",678,685,"settling",0,160
6928,9,"B9.S1xD3",678,685,"settling",0,160
6929,9,"B9.S1xD3",678,685,"settling",0,160
6930,9,"B9.S1xD3",678,685,"settling",1,161
6931,9,"B9.S1xD3",678,685,"settling",1,161
6932,9,"B9.S1xD3",678,685,"settling",1,161
6933,9,"B9.S1xD3",678,685,"settling",1,161
6934,9,"B9.S1xD3",678,685,"settling",1,161
6935,9,"B9.S1xD3",678,685,"settling",1,161
6936,9,"B9.S1xD3",678,685,"settling",0,161
6937,9,"B9.S1xD3",678,685,"settling",0,161
6938,9,"B9.S1xD3",678,685,"settling",0,161
6939,9,"B9.S1xD3",678,685,"settling",0,161
6940,9,"B9.S1xD3",678,685,"settling",0,161
6941,9,"B9.S1xD3",678,685,"settling",0,161
6942,9,"B9.S1xD3",678,685,"settling",0,161
6943,9,"B9.S1xD3",678,685,"settling",0,161
6944,9,"B9.S1xD3",678,685,"settling",0,161
6945,9,"B9.S1xD3",678,685,"settling",0,161
420,9,"B9.S2xD1",679,683,"h.length",211.62,NA
420,9,"B9.S2xD1",679,683,"n.length",434.44,NA
421,9,"B9.S2xD1",679,683,"h.length",192.97,NA
421,9,"B9.S2xD1",679,683,"n.length",382.46,NA
422,9,"B9.S2xD1",679,683,"h.length",214.14,NA
422,9,"B9.S2xD1",679,683,"n.length",370.45,NA
423,9,"B9.S2xD1",679,683,"h.length",214.06,NA
423,9,"B9.S2xD1",679,683,"n.length",448.03,NA
424,9,"B9.S2xD1",679,683,"h.length",207.17,NA
424,9,"B9.S2xD1",679,683,"n.length",448.81,NA
425,9,"B9.S2xD1",679,683,"h.length",196.02,NA
425,9,"B9.S2xD1",679,683,"n.length",458.24,NA
426,9,"B9.S2xD1",679,683,"h.length",182.73,NA
426,9,"B9.S2xD1",679,683,"n.length",422.23,NA
427,9,"B9.S2xD1",679,683,"h.length",182.22,NA
427,9,"B9.S2xD1",679,683,"n.length",338.08,NA
428,9,"B9.S2xD1",679,683,"h.length",208.97,NA
428,9,"B9.S2xD1",679,683,"n.length",444.71,NA
429,9,"B9.S2xD1",679,683,"h.length",202.1,NA
429,9,"B9.S2xD1",679,683,"n.length",445.62,NA
430,9,"B9.S2xD1",679,683,"h.length",208.25,NA
430,9,"B9.S2xD1",679,683,"n.length",434.2,NA
431,9,"B9.S2xD1",679,683,"h.length",183.55,NA
431,9,"B9.S2xD1",679,683,"n.length",438.35,NA
2409,9,"B9.S2xD1",679,683,"hatching",1,162
2410,9,"B9.S2xD1",679,683,"hatching",1,162
2411,9,"B9.S2xD1",679,683,"hatching",1,162
2412,9,"B9.S2xD1",679,683,"hatching",1,162
2413,9,"B9.S2xD1",679,683,"hatching",1,162
2414,9,"B9.S2xD1",679,683,"hatching",1,162
2415,9,"B9.S2xD1",679,683,"hatching",1,162
2416,9,"B9.S2xD1",679,683,"hatching",1,162
2417,9,"B9.S2xD1",679,683,"hatching",1,162
2418,9,"B9.S2xD1",679,683,"hatching",1,162
2419,9,"B9.S2xD1",679,683,"hatching",1,162
2420,9,"B9.S2xD1",679,683,"hatching",1,162
2421,9,"B9.S2xD1",679,683,"hatching",1,162
2422,9,"B9.S2xD1",679,683,"hatching",1,162
2423,9,"B9.S2xD1",679,683,"hatching",1,162
2424,9,"B9.S2xD1",679,683,"hatching",1,162
2425,9,"B9.S2xD1",679,683,"hatching",1,162
2426,9,"B9.S2xD1",679,683,"hatching",1,162
2427,9,"B9.S2xD1",679,683,"hatching",1,162
2428,9,"B9.S2xD1",679,683,"hatching",1,162
2429,9,"B9.S2xD1",679,683,"hatching",1,163
2430,9,"B9.S2xD1",679,683,"hatching",1,163
2431,9,"B9.S2xD1",679,683,"hatching",1,163
2432,9,"B9.S2xD1",679,683,"hatching",1,163
2433,9,"B9.S2xD1",679,683,"hatching",1,163
2434,9,"B9.S2xD1",679,683,"hatching",1,163
2435,9,"B9.S2xD1",679,683,"hatching",1,163
2436,9,"B9.S2xD1",679,683,"hatching",1,163
2437,9,"B9.S2xD1",679,683,"hatching",1,163
2438,9,"B9.S2xD1",679,683,"hatching",1,163
2439,9,"B9.S2xD1",679,683,"hatching",1,163
2440,9,"B9.S2xD1",679,683,"hatching",1,163
2441,9,"B9.S2xD1",679,683,"hatching",1,163
2442,9,"B9.S2xD1",679,683,"hatching",1,163
2443,9,"B9.S2xD1",679,683,"hatching",1,163
2444,9,"B9.S2xD1",679,683,"hatching",1,163
2445,9,"B9.S2xD1",679,683,"hatching",1,163
2446,9,"B9.S2xD1",679,683,"hatching",1,163
2447,9,"B9.S2xD1",679,683,"hatching",0,163
2448,9,"B9.S2xD1",679,683,"hatching",0,163
6946,9,"B9.S2xD1",679,683,"settling",1,164
6947,9,"B9.S2xD1",679,683,"settling",1,164
6948,9,"B9.S2xD1",679,683,"settling",1,164
6949,9,"B9.S2xD1",679,683,"settling",1,164
6950,9,"B9.S2xD1",679,683,"settling",1,164
6951,9,"B9.S2xD1",679,683,"settling",1,164
6952,9,"B9.S2xD1",679,683,"settling",1,164
6953,9,"B9.S2xD1",679,683,"settling",1,164
6954,9,"B9.S2xD1",679,683,"settling",1,164
6955,9,"B9.S2xD1",679,683,"settling",1,164
6956,9,"B9.S2xD1",679,683,"settling",1,164
6957,9,"B9.S2xD1",679,683,"settling",1,164
6958,9,"B9.S2xD1",679,683,"settling",0,164
6959,9,"B9.S2xD1",679,683,"settling",0,164
6960,9,"B9.S2xD1",679,683,"settling",0,164
6961,9,"B9.S2xD1",679,683,"settling",0,164
6962,9,"B9.S2xD1",679,683,"settling",0,164
6963,9,"B9.S2xD1",679,683,"settling",1,165
6964,9,"B9.S2xD1",679,683,"settling",1,165
6965,9,"B9.S2xD1",679,683,"settling",1,165
6966,9,"B9.S2xD1",679,683,"settling",1,165
6967,9,"B9.S2xD1",679,683,"settling",1,165
6968,9,"B9.S2xD1",679,683,"settling",1,165
6969,9,"B9.S2xD1",679,683,"settling",1,165
6970,9,"B9.S2xD1",679,683,"settling",1,165
6971,9,"B9.S2xD1",679,683,"settling",1,165
6972,9,"B9.S2xD1",679,683,"settling",1,165
6973,9,"B9.S2xD1",679,683,"settling",1,165
6974,9,"B9.S2xD1",679,683,"settling",1,165
6975,9,"B9.S2xD1",679,683,"settling",1,165
6976,9,"B9.S2xD1",679,683,"settling",1,165
6977,9,"B9.S2xD1",679,683,"settling",0,165
6978,9,"B9.S2xD1",679,683,"settling",0,165
6979,9,"B9.S2xD1",679,683,"settling",0,165
6980,9,"B9.S2xD1",679,683,"settling",0,165
6981,9,"B9.S2xD1",679,683,"settling",0,165
6982,9,"B9.S2xD1",679,683,"settling",0,165
6983,9,"B9.S2xD1",679,683,"settling",1,166
6984,9,"B9.S2xD1",679,683,"settling",1,166
6985,9,"B9.S2xD1",679,683,"settling",1,166
6986,9,"B9.S2xD1",679,683,"settling",1,166
6987,9,"B9.S2xD1",679,683,"settling",1,166
6988,9,"B9.S2xD1",679,683,"settling",1,166
6989,9,"B9.S2xD1",679,683,"settling",1,166
6990,9,"B9.S2xD1",679,683,"settling",1,166
6991,9,"B9.S2xD1",679,683,"settling",1,166
6992,9,"B9.S2xD1",679,683,"settling",1,166
6993,9,"B9.S2xD1",679,683,"settling",1,166
6994,9,"B9.S2xD1",679,683,"settling",1,166
6995,9,"B9.S2xD1",679,683,"settling",0,166
6996,9,"B9.S2xD1",679,683,"settling",0,166
6997,9,"B9.S2xD1",679,683,"settling",0,166
6998,9,"B9.S2xD1",679,683,"settling",0,166
6999,9,"B9.S2xD1",679,683,"settling",0,166
7000,9,"B9.S2xD1",679,683,"settling",0,166
7001,9,"B9.S2xD1",679,683,"settling",0,166
432,9,"B9.S2xD2",679,684,"h.length",194.46,NA
432,9,"B9.S2xD2",679,684,"n.length",424.31,NA
433,9,"B9.S2xD2",679,684,"h.length",194.99,NA
433,9,"B9.S2xD2",679,684,"n.length",430.84,NA
434,9,"B9.S2xD2",679,684,"h.length",181.8,NA
434,9,"B9.S2xD2",679,684,"n.length",423.85,NA
435,9,"B9.S2xD2",679,684,"h.length",186.87,NA
435,9,"B9.S2xD2",679,684,"n.length",413.69,NA
436,9,"B9.S2xD2",679,684,"h.length",190.01,NA
436,9,"B9.S2xD2",679,684,"n.length",423.5,NA
437,9,"B9.S2xD2",679,684,"h.length",184.31,NA
437,9,"B9.S2xD2",679,684,"n.length",453.31,NA
438,9,"B9.S2xD2",679,684,"h.length",196.25,NA
438,9,"B9.S2xD2",679,684,"n.length",430.05,NA
439,9,"B9.S2xD2",679,684,"h.length",197.44,NA
439,9,"B9.S2xD2",679,684,"n.length",432.34,NA
440,9,"B9.S2xD2",679,684,"h.length",194.11,NA
440,9,"B9.S2xD2",679,684,"n.length",406.25,NA
441,9,"B9.S2xD2",679,684,"h.length",196.53,NA
441,9,"B9.S2xD2",679,684,"n.length",438.71,NA
442,9,"B9.S2xD2",679,684,"h.length",193.51,NA
442,9,"B9.S2xD2",679,684,"n.length",439.59,NA
443,9,"B9.S2xD2",679,684,"h.length",196.65,NA
443,9,"B9.S2xD2",679,684,"n.length",433.44,NA
2449,9,"B9.S2xD2",679,684,"hatching",1,167
2450,9,"B9.S2xD2",679,684,"hatching",1,167
2451,9,"B9.S2xD2",679,684,"hatching",1,167
2452,9,"B9.S2xD2",679,684,"hatching",1,167
2453,9,"B9.S2xD2",679,684,"hatching",1,167
2454,9,"B9.S2xD2",679,684,"hatching",1,167
2455,9,"B9.S2xD2",679,684,"hatching",1,167
2456,9,"B9.S2xD2",679,684,"hatching",1,167
2457,9,"B9.S2xD2",679,684,"hatching",1,167
2458,9,"B9.S2xD2",679,684,"hatching",1,167
2459,9,"B9.S2xD2",679,684,"hatching",1,167
2460,9,"B9.S2xD2",679,684,"hatching",1,167
2461,9,"B9.S2xD2",679,684,"hatching",1,167
2462,9,"B9.S2xD2",679,684,"hatching",1,167
2463,9,"B9.S2xD2",679,684,"hatching",1,167
2464,9,"B9.S2xD2",679,684,"hatching",1,167
2465,9,"B9.S2xD2",679,684,"hatching",1,167
2466,9,"B9.S2xD2",679,684,"hatching",1,167
2467,9,"B9.S2xD2",679,684,"hatching",1,167
2468,9,"B9.S2xD2",679,684,"hatching",0,167
2469,9,"B9.S2xD2",679,684,"hatching",1,168
2470,9,"B9.S2xD2",679,684,"hatching",1,168
2471,9,"B9.S2xD2",679,684,"hatching",1,168
2472,9,"B9.S2xD2",679,684,"hatching",1,168
2473,9,"B9.S2xD2",679,684,"hatching",1,168
2474,9,"B9.S2xD2",679,684,"hatching",1,168
2475,9,"B9.S2xD2",679,684,"hatching",1,168
2476,9,"B9.S2xD2",679,684,"hatching",1,168
2477,9,"B9.S2xD2",679,684,"hatching",1,168
2478,9,"B9.S2xD2",679,684,"hatching",1,168
2479,9,"B9.S2xD2",679,684,"hatching",1,168
2480,9,"B9.S2xD2",679,684,"hatching",1,168
2481,9,"B9.S2xD2",679,684,"hatching",1,168
2482,9,"B9.S2xD2",679,684,"hatching",1,168
2483,9,"B9.S2xD2",679,684,"hatching",1,168
2484,9,"B9.S2xD2",679,684,"hatching",1,168
2485,9,"B9.S2xD2",679,684,"hatching",1,168
2486,9,"B9.S2xD2",679,684,"hatching",1,168
2487,9,"B9.S2xD2",679,684,"hatching",1,168
2488,9,"B9.S2xD2",679,684,"hatching",1,168
2489,9,"B9.S2xD2",679,684,"hatching",1,168
2490,9,"B9.S2xD2",679,684,"hatching",0,168
7002,9,"B9.S2xD2",679,684,"settling",1,169
7003,9,"B9.S2xD2",679,684,"settling",1,169
7004,9,"B9.S2xD2",679,684,"settling",1,169
7005,9,"B9.S2xD2",679,684,"settling",1,169
7006,9,"B9.S2xD2",679,684,"settling",1,169
7007,9,"B9.S2xD2",679,684,"settling",1,169
7008,9,"B9.S2xD2",679,684,"settling",1,169
7009,9,"B9.S2xD2",679,684,"settling",1,169
7010,9,"B9.S2xD2",679,684,"settling",1,169
7011,9,"B9.S2xD2",679,684,"settling",1,169
7012,9,"B9.S2xD2",679,684,"settling",0,169
7013,9,"B9.S2xD2",679,684,"settling",0,169
7014,9,"B9.S2xD2",679,684,"settling",0,169
7015,9,"B9.S2xD2",679,684,"settling",0,169
7016,9,"B9.S2xD2",679,684,"settling",0,169
7017,9,"B9.S2xD2",679,684,"settling",0,169
7018,9,"B9.S2xD2",679,684,"settling",0,169
7019,9,"B9.S2xD2",679,684,"settling",0,169
7020,9,"B9.S2xD2",679,684,"settling",1,170
7021,9,"B9.S2xD2",679,684,"settling",1,170
7022,9,"B9.S2xD2",679,684,"settling",1,170
7023,9,"B9.S2xD2",679,684,"settling",1,170
7024,9,"B9.S2xD2",679,684,"settling",1,170
7025,9,"B9.S2xD2",679,684,"settling",1,170
7026,9,"B9.S2xD2",679,684,"settling",1,170
7027,9,"B9.S2xD2",679,684,"settling",1,170
7028,9,"B9.S2xD2",679,684,"settling",1,170
7029,9,"B9.S2xD2",679,684,"settling",1,170
7030,9,"B9.S2xD2",679,684,"settling",1,170
7031,9,"B9.S2xD2",679,684,"settling",1,170
7032,9,"B9.S2xD2",679,684,"settling",1,170
7033,9,"B9.S2xD2",679,684,"settling",1,170
7034,9,"B9.S2xD2",679,684,"settling",1,170
7035,9,"B9.S2xD2",679,684,"settling",1,170
7036,9,"B9.S2xD2",679,684,"settling",0,170
7037,9,"B9.S2xD2",679,684,"settling",0,170
7038,9,"B9.S2xD2",679,684,"settling",0,170
7039,9,"B9.S2xD2",679,684,"settling",0,170
7040,9,"B9.S2xD2",679,684,"settling",1,171
7041,9,"B9.S2xD2",679,684,"settling",1,171
7042,9,"B9.S2xD2",679,684,"settling",1,171
7043,9,"B9.S2xD2",679,684,"settling",1,171
7044,9,"B9.S2xD2",679,684,"settling",1,171
7045,9,"B9.S2xD2",679,684,"settling",1,171
7046,9,"B9.S2xD2",679,684,"settling",1,171
7047,9,"B9.S2xD2",679,684,"settling",1,171
7048,9,"B9.S2xD2",679,684,"settling",1,171
7049,9,"B9.S2xD2",679,684,"settling",1,171
7050,9,"B9.S2xD2",679,684,"settling",0,171
7051,9,"B9.S2xD2",679,684,"settling",0,171
7052,9,"B9.S2xD2",679,684,"settling",0,171
7053,9,"B9.S2xD2",679,684,"settling",0,171
7054,9,"B9.S2xD2",679,684,"settling",0,171
7055,9,"B9.S2xD2",679,684,"settling",0,171
7056,9,"B9.S2xD2",679,684,"settling",0,171
7057,9,"B9.S2xD2",679,684,"settling",0,171
444,9,"B9.S2xD3",679,685,"h.length",202.49,NA
444,9,"B9.S2xD3",679,685,"n.length",436.88,NA
445,9,"B9.S2xD3",679,685,"h.length",201.96,NA
445,9,"B9.S2xD3",679,685,"n.length",437.81,NA
446,9,"B9.S2xD3",679,685,"h.length",195.44,NA
446,9,"B9.S2xD3",679,685,"n.length",443.74,NA
447,9,"B9.S2xD3",679,685,"h.length",196.71,NA
447,9,"B9.S2xD3",679,685,"n.length",434.53,NA
448,9,"B9.S2xD3",679,685,"h.length",195.32,NA
448,9,"B9.S2xD3",679,685,"n.length",433.23,NA
449,9,"B9.S2xD3",679,685,"h.length",196.25,NA
449,9,"B9.S2xD3",679,685,"n.length",437.91,NA
450,9,"B9.S2xD3",679,685,"h.length",175.53,NA
450,9,"B9.S2xD3",679,685,"n.length",413.52,NA
451,9,"B9.S2xD3",679,685,"h.length",179.94,NA
451,9,"B9.S2xD3",679,685,"n.length",406.65,NA
452,9,"B9.S2xD3",679,685,"h.length",194.84,NA
452,9,"B9.S2xD3",679,685,"n.length",442.58,NA
453,9,"B9.S2xD3",679,685,"h.length",208.16,NA
453,9,"B9.S2xD3",679,685,"n.length",428.79,NA
454,9,"B9.S2xD3",679,685,"h.length",197.01,NA
454,9,"B9.S2xD3",679,685,"n.length",431.71,NA
455,9,"B9.S2xD3",679,685,"h.length",199.23,NA
455,9,"B9.S2xD3",679,685,"n.length",444.6,NA
2491,9,"B9.S2xD3",679,685,"hatching",1,172
2492,9,"B9.S2xD3",679,685,"hatching",1,172
2493,9,"B9.S2xD3",679,685,"hatching",1,172
2494,9,"B9.S2xD3",679,685,"hatching",1,172
2495,9,"B9.S2xD3",679,685,"hatching",1,172
2496,9,"B9.S2xD3",679,685,"hatching",1,172
2497,9,"B9.S2xD3",679,685,"hatching",1,172
2498,9,"B9.S2xD3",679,685,"hatching",1,172
2499,9,"B9.S2xD3",679,685,"hatching",1,172
2500,9,"B9.S2xD3",679,685,"hatching",1,172
2501,9,"B9.S2xD3",679,685,"hatching",1,172
2502,9,"B9.S2xD3",679,685,"hatching",1,172
2503,9,"B9.S2xD3",679,685,"hatching",1,172
2504,9,"B9.S2xD3",679,685,"hatching",1,172
2505,9,"B9.S2xD3",679,685,"hatching",1,172
2506,9,"B9.S2xD3",679,685,"hatching",1,172
2507,9,"B9.S2xD3",679,685,"hatching",1,172
2508,9,"B9.S2xD3",679,685,"hatching",1,172
2509,9,"B9.S2xD3",679,685,"hatching",0,172
2510,9,"B9.S2xD3",679,685,"hatching",0,172
2511,9,"B9.S2xD3",679,685,"hatching",0,172
2512,9,"B9.S2xD3",679,685,"hatching",1,173
2513,9,"B9.S2xD3",679,685,"hatching",1,173
2514,9,"B9.S2xD3",679,685,"hatching",1,173
2515,9,"B9.S2xD3",679,685,"hatching",1,173
2516,9,"B9.S2xD3",679,685,"hatching",1,173
2517,9,"B9.S2xD3",679,685,"hatching",1,173
2518,9,"B9.S2xD3",679,685,"hatching",1,173
2519,9,"B9.S2xD3",679,685,"hatching",1,173
2520,9,"B9.S2xD3",679,685,"hatching",1,173
2521,9,"B9.S2xD3",679,685,"hatching",1,173
2522,9,"B9.S2xD3",679,685,"hatching",1,173
2523,9,"B9.S2xD3",679,685,"hatching",1,173
2524,9,"B9.S2xD3",679,685,"hatching",1,173
2525,9,"B9.S2xD3",679,685,"hatching",1,173
2526,9,"B9.S2xD3",679,685,"hatching",1,173
2527,9,"B9.S2xD3",679,685,"hatching",1,173
2528,9,"B9.S2xD3",679,685,"hatching",1,173
2529,9,"B9.S2xD3",679,685,"hatching",1,173
2530,9,"B9.S2xD3",679,685,"hatching",1,173
2531,9,"B9.S2xD3",679,685,"hatching",1,173
7058,9,"B9.S2xD3",679,685,"settling",1,174
7059,9,"B9.S2xD3",679,685,"settling",1,174
7060,9,"B9.S2xD3",679,685,"settling",1,174
7061,9,"B9.S2xD3",679,685,"settling",1,174
7062,9,"B9.S2xD3",679,685,"settling",1,174
7063,9,"B9.S2xD3",679,685,"settling",1,174
7064,9,"B9.S2xD3",679,685,"settling",0,174
7065,9,"B9.S2xD3",679,685,"settling",0,174
7066,9,"B9.S2xD3",679,685,"settling",0,174
7067,9,"B9.S2xD3",679,685,"settling",0,174
7068,9,"B9.S2xD3",679,685,"settling",0,174
7069,9,"B9.S2xD3",679,685,"settling",0,174
7070,9,"B9.S2xD3",679,685,"settling",0,174
7071,9,"B9.S2xD3",679,685,"settling",0,174
7072,9,"B9.S2xD3",679,685,"settling",0,174
7073,9,"B9.S2xD3",679,685,"settling",0,174
7074,9,"B9.S2xD3",679,685,"settling",0,174
7075,9,"B9.S2xD3",679,685,"settling",0,174
7076,9,"B9.S2xD3",679,685,"settling",0,174
7077,9,"B9.S2xD3",679,685,"settling",1,175
7078,9,"B9.S2xD3",679,685,"settling",1,175
7079,9,"B9.S2xD3",679,685,"settling",1,175
7080,9,"B9.S2xD3",679,685,"settling",1,175
7081,9,"B9.S2xD3",679,685,"settling",0,175
7082,9,"B9.S2xD3",679,685,"settling",0,175
7083,9,"B9.S2xD3",679,685,"settling",0,175
7084,9,"B9.S2xD3",679,685,"settling",0,175
7085,9,"B9.S2xD3",679,685,"settling",0,175
7086,9,"B9.S2xD3",679,685,"settling",0,175
7087,9,"B9.S2xD3",679,685,"settling",0,175
7088,9,"B9.S2xD3",679,685,"settling",0,175
7089,9,"B9.S2xD3",679,685,"settling",0,175
7090,9,"B9.S2xD3",679,685,"settling",0,175
7091,9,"B9.S2xD3",679,685,"settling",0,175
7092,9,"B9.S2xD3",679,685,"settling",0,175
7093,9,"B9.S2xD3",679,685,"settling",1,176
7094,9,"B9.S2xD3",679,685,"settling",1,176
7095,9,"B9.S2xD3",679,685,"settling",1,176
7096,9,"B9.S2xD3",679,685,"settling",1,176
7097,9,"B9.S2xD3",679,685,"settling",1,176
7098,9,"B9.S2xD3",679,685,"settling",1,176
7099,9,"B9.S2xD3",679,685,"settling",1,176
7100,9,"B9.S2xD3",679,685,"settling",0,176
7101,9,"B9.S2xD3",679,685,"settling",0,176
7102,9,"B9.S2xD3",679,685,"settling",0,176
7103,9,"B9.S2xD3",679,685,"settling",0,176
7104,9,"B9.S2xD3",679,685,"settling",0,176
7105,9,"B9.S2xD3",679,685,"settling",0,176
7106,9,"B9.S2xD3",679,685,"settling",0,176
7107,9,"B9.S2xD3",679,685,"settling",0,176
7108,9,"B9.S2xD3",679,685,"settling",0,176
7109,9,"B9.S2xD3",679,685,"settling",0,176
7110,9,"B9.S2xD3",679,685,"settling",0,176
456,9,"B9.S3xD1",680,683,"h.length",197.27,NA
456,9,"B9.S3xD1",680,683,"n.length",451.51,NA
457,9,"B9.S3xD1",680,683,"h.length",205.88,NA
457,9,"B9.S3xD1",680,683,"n.length",443.64,NA
458,9,"B9.S3xD1",680,683,"h.length",209.7,NA
458,9,"B9.S3xD1",680,683,"n.length",434.4,NA
459,9,"B9.S3xD1",680,683,"h.length",209.75,NA
459,9,"B9.S3xD1",680,683,"n.length",443.03,NA
460,9,"B9.S3xD1",680,683,"h.length",204.69,NA
460,9,"B9.S3xD1",680,683,"n.length",446,NA
461,9,"B9.S3xD1",680,683,"h.length",213.13,NA
461,9,"B9.S3xD1",680,683,"n.length",457.46,NA
462,9,"B9.S3xD1",680,683,"h.length",189.63,NA
462,9,"B9.S3xD1",680,683,"n.length",426.44,NA
463,9,"B9.S3xD1",680,683,"h.length",203.05,NA
463,9,"B9.S3xD1",680,683,"n.length",452.33,NA
464,9,"B9.S3xD1",680,683,"h.length",199.15,NA
464,9,"B9.S3xD1",680,683,"n.length",420.69,NA
465,9,"B9.S3xD1",680,683,"h.length",191.5,NA
465,9,"B9.S3xD1",680,683,"n.length",440.96,NA
466,9,"B9.S3xD1",680,683,"h.length",186.33,NA
466,9,"B9.S3xD1",680,683,"n.length",427.37,NA
467,9,"B9.S3xD1",680,683,"h.length",203.99,NA
467,9,"B9.S3xD1",680,683,"n.length",440.74,NA
2532,9,"B9.S3xD1",680,683,"hatching",1,177
2533,9,"B9.S3xD1",680,683,"hatching",1,177
2534,9,"B9.S3xD1",680,683,"hatching",1,177
2535,9,"B9.S3xD1",680,683,"hatching",1,177
2536,9,"B9.S3xD1",680,683,"hatching",1,177
2537,9,"B9.S3xD1",680,683,"hatching",1,177
2538,9,"B9.S3xD1",680,683,"hatching",1,177
2539,9,"B9.S3xD1",680,683,"hatching",1,177
2540,9,"B9.S3xD1",680,683,"hatching",1,177
2541,9,"B9.S3xD1",680,683,"hatching",1,177
2542,9,"B9.S3xD1",680,683,"hatching",1,177
2543,9,"B9.S3xD1",680,683,"hatching",1,177
2544,9,"B9.S3xD1",680,683,"hatching",1,177
2545,9,"B9.S3xD1",680,683,"hatching",1,177
2546,9,"B9.S3xD1",680,683,"hatching",1,177
2547,9,"B9.S3xD1",680,683,"hatching",0,177
2548,9,"B9.S3xD1",680,683,"hatching",0,177
2549,9,"B9.S3xD1",680,683,"hatching",1,178
2550,9,"B9.S3xD1",680,683,"hatching",1,178
2551,9,"B9.S3xD1",680,683,"hatching",1,178
2552,9,"B9.S3xD1",680,683,"hatching",1,178
2553,9,"B9.S3xD1",680,683,"hatching",1,178
2554,9,"B9.S3xD1",680,683,"hatching",1,178
2555,9,"B9.S3xD1",680,683,"hatching",1,178
2556,9,"B9.S3xD1",680,683,"hatching",1,178
2557,9,"B9.S3xD1",680,683,"hatching",1,178
2558,9,"B9.S3xD1",680,683,"hatching",1,178
2559,9,"B9.S3xD1",680,683,"hatching",1,178
2560,9,"B9.S3xD1",680,683,"hatching",1,178
2561,9,"B9.S3xD1",680,683,"hatching",1,178
2562,9,"B9.S3xD1",680,683,"hatching",1,178
2563,9,"B9.S3xD1",680,683,"hatching",1,178
2564,9,"B9.S3xD1",680,683,"hatching",1,178
2565,9,"B9.S3xD1",680,683,"hatching",1,178
2566,9,"B9.S3xD1",680,683,"hatching",0,178
2567,9,"B9.S3xD1",680,683,"hatching",0,178
7111,9,"B9.S3xD1",680,683,"settling",1,179
7112,9,"B9.S3xD1",680,683,"settling",1,179
7113,9,"B9.S3xD1",680,683,"settling",1,179
7114,9,"B9.S3xD1",680,683,"settling",1,179
7115,9,"B9.S3xD1",680,683,"settling",1,179
7116,9,"B9.S3xD1",680,683,"settling",1,179
7117,9,"B9.S3xD1",680,683,"settling",1,179
7118,9,"B9.S3xD1",680,683,"settling",1,179
7119,9,"B9.S3xD1",680,683,"settling",1,179
7120,9,"B9.S3xD1",680,683,"settling",1,179
7121,9,"B9.S3xD1",680,683,"settling",1,179
7122,9,"B9.S3xD1",680,683,"settling",1,179
7123,9,"B9.S3xD1",680,683,"settling",1,179
7124,9,"B9.S3xD1",680,683,"settling",1,179
7125,9,"B9.S3xD1",680,683,"settling",1,179
7126,9,"B9.S3xD1",680,683,"settling",1,179
7127,9,"B9.S3xD1",680,683,"settling",0,179
7128,9,"B9.S3xD1",680,683,"settling",0,179
7129,9,"B9.S3xD1",680,683,"settling",0,179
7130,9,"B9.S3xD1",680,683,"settling",0,179
7131,9,"B9.S3xD1",680,683,"settling",1,180
7132,9,"B9.S3xD1",680,683,"settling",1,180
7133,9,"B9.S3xD1",680,683,"settling",1,180
7134,9,"B9.S3xD1",680,683,"settling",1,180
7135,9,"B9.S3xD1",680,683,"settling",1,180
7136,9,"B9.S3xD1",680,683,"settling",1,180
7137,9,"B9.S3xD1",680,683,"settling",1,180
7138,9,"B9.S3xD1",680,683,"settling",1,180
7139,9,"B9.S3xD1",680,683,"settling",1,180
7140,9,"B9.S3xD1",680,683,"settling",1,180
7141,9,"B9.S3xD1",680,683,"settling",1,180
7142,9,"B9.S3xD1",680,683,"settling",1,180
7143,9,"B9.S3xD1",680,683,"settling",1,180
7144,9,"B9.S3xD1",680,683,"settling",0,180
7145,9,"B9.S3xD1",680,683,"settling",0,180
7146,9,"B9.S3xD1",680,683,"settling",0,180
7147,9,"B9.S3xD1",680,683,"settling",1,181
7148,9,"B9.S3xD1",680,683,"settling",1,181
7149,9,"B9.S3xD1",680,683,"settling",1,181
7150,9,"B9.S3xD1",680,683,"settling",1,181
7151,9,"B9.S3xD1",680,683,"settling",1,181
7152,9,"B9.S3xD1",680,683,"settling",1,181
7153,9,"B9.S3xD1",680,683,"settling",1,181
7154,9,"B9.S3xD1",680,683,"settling",1,181
7155,9,"B9.S3xD1",680,683,"settling",1,181
7156,9,"B9.S3xD1",680,683,"settling",1,181
7157,9,"B9.S3xD1",680,683,"settling",1,181
7158,9,"B9.S3xD1",680,683,"settling",1,181
7159,9,"B9.S3xD1",680,683,"settling",1,181
7160,9,"B9.S3xD1",680,683,"settling",1,181
7161,9,"B9.S3xD1",680,683,"settling",0,181
7162,9,"B9.S3xD1",680,683,"settling",0,181
7163,9,"B9.S3xD1",680,683,"settling",0,181
468,9,"B9.S3xD2",680,684,"h.length",202.55,NA
468,9,"B9.S3xD2",680,684,"n.length",413.95,NA
469,9,"B9.S3xD2",680,684,"h.length",202.28,NA
469,9,"B9.S3xD2",680,684,"n.length",436.8,NA
470,9,"B9.S3xD2",680,684,"h.length",188.65,NA
470,9,"B9.S3xD2",680,684,"n.length",412.32,NA
471,9,"B9.S3xD2",680,684,"h.length",200.69,NA
471,9,"B9.S3xD2",680,684,"n.length",413.03,NA
472,9,"B9.S3xD2",680,684,"h.length",195.03,NA
472,9,"B9.S3xD2",680,684,"n.length",421.41,NA
473,9,"B9.S3xD2",680,684,"h.length",202.81,NA
473,9,"B9.S3xD2",680,684,"n.length",438.04,NA
474,9,"B9.S3xD2",680,684,"h.length",188.07,NA
474,9,"B9.S3xD2",680,684,"n.length",396.98,NA
475,9,"B9.S3xD2",680,684,"h.length",198.64,NA
475,9,"B9.S3xD2",680,684,"n.length",420.62,NA
476,9,"B9.S3xD2",680,684,"h.length",192.28,NA
476,9,"B9.S3xD2",680,684,"n.length",387.84,NA
477,9,"B9.S3xD2",680,684,"h.length",198.22,NA
477,9,"B9.S3xD2",680,684,"n.length",407.01,NA
478,9,"B9.S3xD2",680,684,"h.length",193.45,NA
478,9,"B9.S3xD2",680,684,"n.length",423.88,NA
479,9,"B9.S3xD2",680,684,"h.length",191.87,NA
479,9,"B9.S3xD2",680,684,"n.length",376.27,NA
2568,9,"B9.S3xD2",680,684,"hatching",1,182
2569,9,"B9.S3xD2",680,684,"hatching",1,182
2570,9,"B9.S3xD2",680,684,"hatching",1,182
2571,9,"B9.S3xD2",680,684,"hatching",1,182
2572,9,"B9.S3xD2",680,684,"hatching",1,182
2573,9,"B9.S3xD2",680,684,"hatching",1,182
2574,9,"B9.S3xD2",680,684,"hatching",1,182
2575,9,"B9.S3xD2",680,684,"hatching",1,182
2576,9,"B9.S3xD2",680,684,"hatching",1,182
2577,9,"B9.S3xD2",680,684,"hatching",1,182
2578,9,"B9.S3xD2",680,684,"hatching",1,182
2579,9,"B9.S3xD2",680,684,"hatching",1,182
2580,9,"B9.S3xD2",680,684,"hatching",1,182
2581,9,"B9.S3xD2",680,684,"hatching",1,183
2582,9,"B9.S3xD2",680,684,"hatching",1,183
2583,9,"B9.S3xD2",680,684,"hatching",1,183
2584,9,"B9.S3xD2",680,684,"hatching",1,183
2585,9,"B9.S3xD2",680,684,"hatching",1,183
2586,9,"B9.S3xD2",680,684,"hatching",1,183
2587,9,"B9.S3xD2",680,684,"hatching",0,183
7164,9,"B9.S3xD2",680,684,"settling",1,184
7165,9,"B9.S3xD2",680,684,"settling",1,184
7166,9,"B9.S3xD2",680,684,"settling",1,184
7167,9,"B9.S3xD2",680,684,"settling",1,184
7168,9,"B9.S3xD2",680,684,"settling",1,184
7169,9,"B9.S3xD2",680,684,"settling",1,184
7170,9,"B9.S3xD2",680,684,"settling",1,184
7171,9,"B9.S3xD2",680,684,"settling",1,184
7172,9,"B9.S3xD2",680,684,"settling",1,184
7173,9,"B9.S3xD2",680,684,"settling",1,184
7174,9,"B9.S3xD2",680,684,"settling",1,184
7175,9,"B9.S3xD2",680,684,"settling",1,184
7176,9,"B9.S3xD2",680,684,"settling",1,184
7177,9,"B9.S3xD2",680,684,"settling",1,184
7178,9,"B9.S3xD2",680,684,"settling",1,184
7179,9,"B9.S3xD2",680,684,"settling",0,184
7180,9,"B9.S3xD2",680,684,"settling",0,184
7181,9,"B9.S3xD2",680,684,"settling",0,184
7182,9,"B9.S3xD2",680,684,"settling",0,184
7183,9,"B9.S3xD2",680,684,"settling",0,184
7184,9,"B9.S3xD2",680,684,"settling",0,184
7185,9,"B9.S3xD2",680,684,"settling",1,185
7186,9,"B9.S3xD2",680,684,"settling",1,185
7187,9,"B9.S3xD2",680,684,"settling",1,185
7188,9,"B9.S3xD2",680,684,"settling",1,185
7189,9,"B9.S3xD2",680,684,"settling",1,185
7190,9,"B9.S3xD2",680,684,"settling",1,185
7191,9,"B9.S3xD2",680,684,"settling",1,185
7192,9,"B9.S3xD2",680,684,"settling",1,185
7193,9,"B9.S3xD2",680,684,"settling",1,185
7194,9,"B9.S3xD2",680,684,"settling",0,185
7195,9,"B9.S3xD2",680,684,"settling",0,185
7196,9,"B9.S3xD2",680,684,"settling",0,185
7197,9,"B9.S3xD2",680,684,"settling",0,185
7198,9,"B9.S3xD2",680,684,"settling",0,185
7199,9,"B9.S3xD2",680,684,"settling",0,185
7200,9,"B9.S3xD2",680,684,"settling",0,185
7201,9,"B9.S3xD2",680,684,"settling",0,185
7202,9,"B9.S3xD2",680,684,"settling",0,185
7203,9,"B9.S3xD2",680,684,"settling",1,186
7204,9,"B9.S3xD2",680,684,"settling",1,186
7205,9,"B9.S3xD2",680,684,"settling",1,186
7206,9,"B9.S3xD2",680,684,"settling",1,186
7207,9,"B9.S3xD2",680,684,"settling",1,186
7208,9,"B9.S3xD2",680,684,"settling",1,186
7209,9,"B9.S3xD2",680,684,"settling",1,186
7210,9,"B9.S3xD2",680,684,"settling",1,186
7211,9,"B9.S3xD2",680,684,"settling",1,186
7212,9,"B9.S3xD2",680,684,"settling",1,186
7213,9,"B9.S3xD2",680,684,"settling",0,186
7214,9,"B9.S3xD2",680,684,"settling",0,186
7215,9,"B9.S3xD2",680,684,"settling",0,186
7216,9,"B9.S3xD2",680,684,"settling",0,186
7217,9,"B9.S3xD2",680,684,"settling",0,186
7218,9,"B9.S3xD2",680,684,"settling",0,186
7219,9,"B9.S3xD2",680,684,"settling",0,186
7220,9,"B9.S3xD2",680,684,"settling",0,186
480,9,"B9.S3xD3",680,685,"h.length",201.48,NA
480,9,"B9.S3xD3",680,685,"n.length",444.87,NA
481,9,"B9.S3xD3",680,685,"h.length",158.34,NA
481,9,"B9.S3xD3",680,685,"n.length",437.87,NA
482,9,"B9.S3xD3",680,685,"h.length",209.3,NA
482,9,"B9.S3xD3",680,685,"n.length",450.51,NA
483,9,"B9.S3xD3",680,685,"h.length",202,NA
483,9,"B9.S3xD3",680,685,"n.length",445.51,NA
484,9,"B9.S3xD3",680,685,"h.length",213.2,NA
484,9,"B9.S3xD3",680,685,"n.length",452.92,NA
485,9,"B9.S3xD3",680,685,"h.length",205.25,NA
485,9,"B9.S3xD3",680,685,"n.length",443.68,NA
486,9,"B9.S3xD3",680,685,"h.length",205.46,NA
486,9,"B9.S3xD3",680,685,"n.length",444.36,NA
487,9,"B9.S3xD3",680,685,"h.length",202.85,NA
487,9,"B9.S3xD3",680,685,"n.length",446.44,NA
488,9,"B9.S3xD3",680,685,"h.length",205.48,NA
488,9,"B9.S3xD3",680,685,"n.length",442.21,NA
489,9,"B9.S3xD3",680,685,"h.length",183.53,NA
489,9,"B9.S3xD3",680,685,"n.length",445.26,NA
490,9,"B9.S3xD3",680,685,"h.length",199.63,NA
490,9,"B9.S3xD3",680,685,"n.length",440.73,NA
491,9,"B9.S3xD3",680,685,"h.length",201.79,NA
491,9,"B9.S3xD3",680,685,"n.length",429.61,NA
2588,9,"B9.S3xD3",680,685,"hatching",1,187
2589,9,"B9.S3xD3",680,685,"hatching",1,187
2590,9,"B9.S3xD3",680,685,"hatching",1,187
2591,9,"B9.S3xD3",680,685,"hatching",1,187
2592,9,"B9.S3xD3",680,685,"hatching",1,187
2593,9,"B9.S3xD3",680,685,"hatching",1,187
2594,9,"B9.S3xD3",680,685,"hatching",1,187
2595,9,"B9.S3xD3",680,685,"hatching",1,187
2596,9,"B9.S3xD3",680,685,"hatching",1,187
2597,9,"B9.S3xD3",680,685,"hatching",1,187
2598,9,"B9.S3xD3",680,685,"hatching",1,187
2599,9,"B9.S3xD3",680,685,"hatching",1,187
2600,9,"B9.S3xD3",680,685,"hatching",1,187
2601,9,"B9.S3xD3",680,685,"hatching",1,187
2602,9,"B9.S3xD3",680,685,"hatching",1,187
2603,9,"B9.S3xD3",680,685,"hatching",1,187
2604,9,"B9.S3xD3",680,685,"hatching",1,187
2605,9,"B9.S3xD3",680,685,"hatching",1,187
2606,9,"B9.S3xD3",680,685,"hatching",1,187
2607,9,"B9.S3xD3",680,685,"hatching",1,187
2608,9,"B9.S3xD3",680,685,"hatching",1,187
2609,9,"B9.S3xD3",680,685,"hatching",1,187
2610,9,"B9.S3xD3",680,685,"hatching",1,188
2611,9,"B9.S3xD3",680,685,"hatching",1,188
2612,9,"B9.S3xD3",680,685,"hatching",1,188
2613,9,"B9.S3xD3",680,685,"hatching",1,188
2614,9,"B9.S3xD3",680,685,"hatching",1,188
2615,9,"B9.S3xD3",680,685,"hatching",1,188
2616,9,"B9.S3xD3",680,685,"hatching",1,188
2617,9,"B9.S3xD3",680,685,"hatching",1,188
2618,9,"B9.S3xD3",680,685,"hatching",1,188
2619,9,"B9.S3xD3",680,685,"hatching",1,188
2620,9,"B9.S3xD3",680,685,"hatching",1,188
2621,9,"B9.S3xD3",680,685,"hatching",1,188
2622,9,"B9.S3xD3",680,685,"hatching",1,188
2623,9,"B9.S3xD3",680,685,"hatching",1,188
2624,9,"B9.S3xD3",680,685,"hatching",1,188
2625,9,"B9.S3xD3",680,685,"hatching",1,188
2626,9,"B9.S3xD3",680,685,"hatching",1,188
2627,9,"B9.S3xD3",680,685,"hatching",1,188
2628,9,"B9.S3xD3",680,685,"hatching",1,188
2629,9,"B9.S3xD3",680,685,"hatching",1,188
7221,9,"B9.S3xD3",680,685,"settling",1,189
7222,9,"B9.S3xD3",680,685,"settling",1,189
7223,9,"B9.S3xD3",680,685,"settling",1,189
7224,9,"B9.S3xD3",680,685,"settling",1,189
7225,9,"B9.S3xD3",680,685,"settling",0,189
7226,9,"B9.S3xD3",680,685,"settling",0,189
7227,9,"B9.S3xD3",680,685,"settling",0,189
7228,9,"B9.S3xD3",680,685,"settling",0,189
7229,9,"B9.S3xD3",680,685,"settling",0,189
7230,9,"B9.S3xD3",680,685,"settling",0,189
7231,9,"B9.S3xD3",680,685,"settling",0,189
7232,9,"B9.S3xD3",680,685,"settling",0,189
7233,9,"B9.S3xD3",680,685,"settling",0,189
7234,9,"B9.S3xD3",680,685,"settling",0,189
7235,9,"B9.S3xD3",680,685,"settling",0,189
7236,9,"B9.S3xD3",680,685,"settling",0,189
7237,9,"B9.S3xD3",680,685,"settling",0,189
7238,9,"B9.S3xD3",680,685,"settling",1,190
7239,9,"B9.S3xD3",680,685,"settling",1,190
7240,9,"B9.S3xD3",680,685,"settling",1,190
7241,9,"B9.S3xD3",680,685,"settling",1,190
7242,9,"B9.S3xD3",680,685,"settling",1,190
7243,9,"B9.S3xD3",680,685,"settling",0,190
7244,9,"B9.S3xD3",680,685,"settling",0,190
7245,9,"B9.S3xD3",680,685,"settling",0,190
7246,9,"B9.S3xD3",680,685,"settling",0,190
7247,9,"B9.S3xD3",680,685,"settling",0,190
7248,9,"B9.S3xD3",680,685,"settling",0,190
7249,9,"B9.S3xD3",680,685,"settling",0,190
7250,9,"B9.S3xD3",680,685,"settling",0,190
7251,9,"B9.S3xD3",680,685,"settling",0,190
7252,9,"B9.S3xD3",680,685,"settling",0,190
7253,9,"B9.S3xD3",680,685,"settling",0,190
7254,9,"B9.S3xD3",680,685,"settling",0,190
7255,9,"B9.S3xD3",680,685,"settling",0,190
7256,9,"B9.S3xD3",680,685,"settling",0,190
7257,9,"B9.S3xD3",680,685,"settling",0,190
7258,9,"B9.S3xD3",680,685,"settling",1,191
7259,9,"B9.S3xD3",680,685,"settling",1,191
7260,9,"B9.S3xD3",680,685,"settling",1,191
7261,9,"B9.S3xD3",680,685,"settling",1,191
7262,9,"B9.S3xD3",680,685,"settling",0,191
7263,9,"B9.S3xD3",680,685,"settling",0,191
7264,9,"B9.S3xD3",680,685,"settling",0,191
7265,9,"B9.S3xD3",680,685,"settling",0,191
7266,9,"B9.S3xD3",680,685,"settling",0,191
7267,9,"B9.S3xD3",680,685,"settling",0,191
7268,9,"B9.S3xD3",680,685,"settling",0,191
7269,9,"B9.S3xD3",680,685,"settling",0,191
7270,9,"B9.S3xD3",680,685,"settling",0,191
7271,9,"B9.S3xD3",680,685,"settling",0,191
7272,9,"B9.S3xD3",680,685,"settling",0,191
7273,9,"B9.S3xD3",680,685,"settling",0,191
